scenario,condition,uncertainty,planner,resolution,seed,status,detail,t_initial_ms,t_first_solution_ms,n_replans,replan_ms_mean,replan_ms_max,initial_pct_budget,replan_pct_budget_max,realtime_ok,energy_planned_wh,energy_exec_wh,delta_e_wh,abs_delta_e_wh,e_air_wh,e_water_wh,e_transition_wh,length_planned_m,length_exec_m,n_waypoints,min_clearance_m,mission_time_s,wall_s
C1,K1,,astar,4.0,2,SUCESSO,replanner setup 0.38s,191.64333500157227,191.64333500157227,0,,,0.10514067392074408,,1,3.765032658883365,3.9953222854949333,-0.23028962661156838,0.23028962661156838,3.9953222854949333,0.0,0.0,182.2732610084225,183.46573996710578,5,1.038384005660121,64.40000000000038,0.657680108999557
C1,K1,,astar,4.0,1,SUCESSO,replanner setup 0.39s,204.10957199965196,204.10957199965196,0,,,0.11244450973274468,,1,3.7494789539134565,3.995128466634942,-0.2456495127214855,0.2456495127214855,3.995128466634942,0.0,0.0,181.52026495982287,182.74856057672827,5,1.6244365947640595,64.40000000000038,0.6744955370013486
C1,K1,,astar,4.0,0,SUCESSO,replanner setup 0.37s,202.89143000081822,202.89143000081822,0,,,0.1109999475061899,,1,3.7756065722250014,4.00831227033401,-0.23270569810900898,0.23270569810900898,4.00831227033401,0.0,0.0,182.78515851505605,183.98847874173592,5,1.0471057818289156,64.60000000000038,0.6589922019993537
C1,K1,,astar,2.0,0,SUCESSO,replanner setup 2.97s,1603.6728479994053,1603.6728479994053,0,,,0.8785555154002537,,1,3.7704429203527594,4.007200554783392,-0.23675763443063236,0.23675763443063236,4.007200554783392,0.0,0.0,182.53517505593277,183.7509805886891,3,1.0872710134282992,64.60000000000038,4.661709261999931
C1,K1,,astar,2.0,2,SUCESSO,replanner setup 2.99s,1568.2078190002358,1568.2078190002358,0,,,0.858865141949957,,1,3.7715896843214654,4.007180468687559,-0.2355907843660936,0.2355907843660936,4.007180468687559,0.0,0.0,182.59069350978615,183.80972826626774,3,1.2258217365733675,64.60000000000038,4.646827797001606
C1,K1,,astar,2.0,1,SUCESSO,replanner setup 3.03s,1582.6068749993283,1582.6068749993283,0,,,0.8656072681772594,,1,3.7765736392384084,4.007217024396639,-0.2306433851582308,0.2306433851582308,4.007217024396639,0.0,0.0,182.83197625314318,184.04199945561007,3,1.6162198992207797,64.60000000000038,4.692253664999953
C1,K1,,rrt_star,,1,SUCESSO,,5007.279510000444,172.77526299949386,0,,,2.7195218355554975,,1,3.8032516767150417,4.046218423267899,-0.24296674655285688,0.24296674655285688,4.046218423267899,0.0,0.0,184.12352658965293,185.34460869215258,5,1.146702990968544,65.20000000000039,5.089144064999346
C1,K1,,rrt_star,,2,SUCESSO,,5007.812068999556,339.1744229993492,0,,,2.612192673723164,,1,3.959940083133339,4.193515628950151,-0.23357554581681228,0.23357554581681228,4.193515628950151,0.0,0.0,191.70913843280596,192.92993593419553,4,1.7387688456726627,67.60000000000042,5.085338505999971
C1,K1,,rrt_star,,0,SUCESSO,,5005.073128999356,276.5692899993155,0,,,2.7328158259776494,,1,3.783082921043269,4.019774867427998,-0.2366919463847288,0.2366919463847288,4.019774867427998,0.0,0.0,183.14710714941134,184.380906284034,3,1.506327947580901,64.80000000000038,5.081077129001642
C1,K1,,rrt_star,,3,SUCESSO,,5009.088965000046,236.54807200000505,0,,,2.7576915962977995,,1,3.751965437215674,3.982679878779736,-0.23071444156406207,0.23071444156406207,3.982679878779736,0.0,0.0,181.64065088803792,182.84097603819802,5,1.157278377739201,64.20000000000037,5.088923213999806
C1,K1,,rrt_star,,4,SUCESSO,,5005.588413998339,276.1510249983985,0,,,2.738749308545557,,1,3.7752755761166465,4.00724142482896,-0.23196584871231352,0.23196584871231352,4.00724142482896,0.0,0.0,182.76913474262497,184.00110593414192,3,1.7633937452304194,64.60000000000038,5.083609146999152
C1,K1,,rrt_star,,5,SUCESSO,,5008.3689670009335,195.18587800121168,0,,,2.7695581543069103,,1,3.7353528037906756,3.9697882540637,-0.2344354502730246,0.2344354502730246,3.9697882540637,0.0,0.0,180.8363893429164,182.06154526217813,5,1.0540455725896982,64.00000000000037,5.087356281001121
C1,K1,,rrt_star,,6,SUCESSO,,5006.209807999767,234.1891529995337,0,,,2.7570158541570082,,1,3.750727975429247,3.982417485788162,-0.23168951035891494,0.23168951035891494,3.982417485788162,0.0,0.0,181.58074065665747,182.81014311689216,4,1.1121790978327208,64.20000000000037,5.09527123999942
C1,K1,,rrt_star,,7,SUCESSO,,5007.751715000268,233.70045900082914,0,,,2.7597606246502897,,1,3.748151710102392,4.021527608415574,-0.27337589831318176,0.27337589831318176,4.021527608415574,0.0,0.0,181.4560172455116,182.58549804939756,5,0.8107101217885477,64.80000000000038,5.096367542000735
C1,K1,,rrt_star,,8,SUCESSO,,5010.634186000971,266.0814440023387,0,,,2.7399161636725196,,1,3.7774714778408867,4.022005991888924,-0.24453451404803728,0.24453451404803728,4.022005991888924,0.0,0.0,182.87545627983135,184.11783375804322,6,1.2055392841174286,64.80000000000038,5.103608186000201
C1,K1,,rrt_star,,9,SUCESSO,,5005.5343880012515,182.59609500091756,0,,,2.7630308056252852,,1,3.742057686850857,3.9698433885858284,-0.22778570173497137,0.22778570173497137,3.9698433885858284,0.0,0.0,181.16100543687128,182.3521638773434,4,1.1479531198521489,64.00000000000037,5.082185596000272
C1,K1,,rrt_star,,10,SUCESSO,,5010.391704998256,204.29193799827772,0,,,2.7633904147489154,,1,3.7452017387321628,3.995489528581925,-0.2502877898497622,0.2502877898497622,3.995489528581925,0.0,0.0,181.31320418050683,182.51803339952835,6,1.1417657893762505,64.40000000000038,5.091372488999696
C1,K1,,rrt_star,,11,SUCESSO,,5009.567580998919,202.246696999282,0,,,2.716940311129204,,1,3.8086047151073705,4.0589341182901455,-0.25032940318277497,0.25032940318277497,4.0589341182901455,0.0,0.0,184.38268814661086,185.62121728358903,5,1.2099525411969658,65.40000000000039,5.093305614998826
C1,K1,,rrt_star,,12,SUCESSO,,5004.5731059999525,196.38616399970488,0,,,2.751759144229798,,1,3.7566645766796825,3.9821712975739225,-0.22550672089424006,0.22550672089424006,3.9821712975739225,0.0,0.0,181.86813756916592,183.0393487675297,3,1.2969115159570035,64.20000000000037,5.077254289999473
C1,K1,,rrt_star,,14,SUCESSO,,5005.857901998752,266.214138999203,0,,,2.7439430109627376,,1,3.7683324856249274,3.9946728312330557,-0.22634034560812832,0.22634034560812832,3.9946728312330557,0.0,0.0,182.43301271196594,183.6066114004016,3,2.718903676866698,64.40000000000038,5.076169642999957
C1,K1,,rrt_star,,13,SUCESSO,,5008.593202999691,274.1955619985674,0,,,2.7091794680273185,,1,3.818771887674434,4.136122924087534,-0.31735103641310003,0.31735103641310003,4.136122924087534,0.0,0.0,184.87491368176816,186.60254823485397,5,0.5280529672466514,66.6000000000004,5.09340912100015
C1,K1,,rrt_star,,15,SUCESSO,,5007.691986000282,249.84404200040444,0,,,2.712878757326606,,1,3.8128787807461197,4.058424850511967,-0.24554606976584736,0.24554606976584736,4.058424850511967,0.0,0.0,184.58959776496198,185.85544860175764,4,1.2179714252990879,65.40000000000039,5.084580741000536
C1,K1,,rrt_star,,16,SUCESSO,,5008.407461999013,241.81648699959624,0,,,2.7245330170332647,,1,3.797111618512985,4.059437293560437,-0.2623256750474523,0.2623256750474523,4.059437293560437,0.0,0.0,183.82627153671464,185.0802848650012,5,0.7473576170311131,65.40000000000039,5.0900635850011895
C1,K1,,rrt_star,,17,SUCESSO,,5007.233913998789,218.28441199977533,0,,,2.7538733664007475,,1,3.755776235910665,3.9950053656428874,-0.23922912973222266,0.23922912973222266,3.9950053656428874,0.0,0.0,181.82513310490867,182.99669094877905,4,1.4213381985023616,64.40000000000038,5.082334045000607
C1,K1,,rrt_star,,18,SUCESSO,,5008.1528650007385,344.11712600012834,0,,,2.748018351547877,,1,3.7644691169396896,3.995008045748344,-0.23053892880865456,0.23053892880865456,3.995008045748344,0.0,0.0,182.24597598410486,183.45298571008863,4,1.8133381680964553,64.40000000000038,5.107231333999152
C1,K1,,rrt_star,,19,SUCESSO,,5007.339628999034,340.714128999025,0,,,2.7169035489966906,,1,3.806962704003706,4.0449424364210635,-0.2379797324173576,0.2379797324173576,4.0449424364210635,0.0,0.0,184.30317965642047,185.5245793789855,3,1.337970806749988,65.20000000000039,5.131005109999023
C1,K1,,rrt_star,,20,SUCESSO,,5012.750177000271,172.80574300093576,0,,,2.7615896689919346,,1,3.74940800626686,3.9959293863435903,-0.24652138007673008,0.24652138007673008,3.9959293863435903,0.0,0.0,181.51683551271682,182.67930402939595,5,0.8546798363143611,64.40000000000038,5.134544292999635
C1,K2,,astar,4.0,0,SUCESSO,replanner setup 0.73s,334.936679000748,334.936679000748,2,24.91118350008037,31.419561000802787,0.18397529180547817,0.01725825586128119,1,3.7605296154543404,4.036416310208602,-0.27588669475426153,0.27588669475426153,4.036416310208602,0.0,0.0,182.05525085123125,184.87189813980194,4,1.8297738800576986,65.04982236700054,1.479720929000905
C1,K2,,astar,4.0,1,SUCESSO,replanner setup 0.75s,377.01083600040874,377.01083600040874,1,10.303421999196871,10.303421999196871,0.20775873901220485,0.005677889751851673,1,3.7483517230024255,3.996128189892175,-0.24777646688974952,0.24777646688974952,3.996128189892175,0.0,0.0,181.46569323289026,183.40746551636386,4,1.6244365947640595,64.41030342199957,1.577688882000075
C1,K2,,astar,4.0,2,SUCESSO,replanner setup 0.73s,366.2304570007109,366.2304570007109,1,29.90875000068627,29.90875000068627,0.20114496701452028,0.016426800167310757,1,3.7608939169859203,4.0350820148948365,-0.2741880979089162,0.2741880979089162,4.0350820148948365,0.0,0.0,182.0728912268898,184.78283725933352,4,1.7155357651911616,65.02990875000107,1.7336887860001298
C1,K1,,rrt_star,,21,SUCESSO,,5012.264941999092,188.8282479994814,0,,,2.763864973073879,,1,3.7459588391146452,3.982109721762707,-0.2361508826480616,0.2361508826480616,3.982109721762707,0.0,0.0,181.3498485211677,182.55605265806258,3,1.815959409849821,64.20000000000037,5.150739021000845
C1,K1,,rrt_star,,22,SUCESSO,,5016.443198997877,289.4801739985269,0,,,2.710776893549856,,1,3.822503647659701,4.135730203985465,-0.31322655632576346,0.31322655632576346,4.135730203985465,0.0,0.0,185.05555403449935,186.77938912639638,4,0.8721140072708096,66.6000000000004,5.16591942299965
C1,K1,,rrt_star,,23,SUCESSO,,5015.6273350003175,257.08023500010313,0,,,2.7570123238510926,,1,3.757788436715333,3.995522231372705,-0.23773379465737188,0.23773379465737188,3.995522231372705,0.0,0.0,181.92255767628603,183.143354134826,5,1.3148314175286457,64.40000000000038,5.171333144000528
C1,K1,,rrt_star,,26,SUCESSO,,5011.936275001062,198.24512200102617,0,,,2.7754315021008527,,1,3.730103057454252,3.9571980738960493,-0.22709501644179708,0.22709501644179708,3.9571980738960493,0.0,0.0,180.58223635522245,181.77520035223878,3,1.1196983653181984,63.80000000000037,5.129819278001378
C1,K1,,rrt_star,,24,SUCESSO,,5013.013391000641,199.17944200096827,0,,,2.749854575528744,,1,3.765606491046268,3.995037660368379,-0.22943116932211094,0.22943116932211094,3.995037660368379,0.0,0.0,182.3010364115977,183.4947532303562,4,1.3749632194898695,64.40000000000038,5.169238537000638
C1,K1,,rrt_star,,25,SUCESSO,,5015.833769999517,248.5210509985336,0,,,2.687531225742224,,1,3.855097797580392,4.12317792840619,-0.26808013082579807,0.26808013082579807,4.12317792840619,0.0,0.0,186.6335066903001,188.04300717868895,5,1.172557798578266,66.4000000000004,5.179216544000155
C1,K1,,rrt_star,,29,SUCESSO,,5010.718767000071,241.53285399916058,0,,,2.7638470211622503,,1,3.7448276120207598,3.9696864859556578,-0.224858873934898,0.224858873934898,3.9696864859556578,0.0,0.0,181.29508357857551,182.46423795276831,3,1.1272531963238501,64.00000000000037,5.150779748999412
C1,K1,,rrt_star,,27,SUCESSO,,5014.933132000806,164.8572720005177,0,,,2.7465669588714405,,1,3.7715576292355157,4.007484760892593,-0.23592713165707746,0.23592713165707746,4.007484760892593,0.0,0.0,182.5891451800408,183.82456114493056,4,1.4420386027721646,64.60000000000038,5.170719839001322
C1,K1,,rrt_star,,28,SUCESSO,,5014.242021999962,266.65999599936185,0,,,2.7424064547688753,,1,3.7767589274721596,4.007606799160908,-0.23084787168874854,0.23084787168874854,4.007606799160908,0.0,0.0,182.84095026397364,184.0371484475254,4,1.7170786330121803,64.60000000000038,5.170833620000849
C1,K2,,rrt_star,,2,SUCESSO,,5016.682963001585,659.4390590016701,0,,,2.6168199408813955,,1,3.959940083133339,4.193515628950151,-0.23357554581681228,0.23357554581681228,4.193515628950151,0.0,0.0,191.70913843280596,192.92993593419553,4,1.7387688456726627,67.60000000000042,5.16338322699994
C1,K2,,rrt_star,,1,SUCESSO,,5014.0215039991745,328.68553799926303,1,195.62545900043915,195.62545900043915,2.7372651122450318,0.10679625996053788,1,3.783686200417883,4.096356847482621,-0.312670647064738,0.312670647064738,4.096356847482621,0.0,0.0,183.1763201002773,186.90057797448733,4,1.4945869100293292,65.99562545900083,5.865190169000925
C1,K2,,rrt_star,,4,SUCESSO,,5009.8174790000485,515.4384180004854,0,,,2.7410631921275224,,1,3.7752755761166465,4.00724142482896,-0.23196584871231352,0.23196584871231352,4.00724142482896,0.0,0.0,182.76913474262497,184.00110593414192,3,1.7633937452304194,64.60000000000038,5.525980733000324
C1,K2,,rrt_star,,5,SUCESSO,,5016.139368999575,369.29090000012366,1,35.6546460006939,35.6546460006939,2.774557500121881,0.019721514535020943,1,3.7344071643610843,3.9720072378428903,-0.237600073481806,0.237600073481806,3.9720072378428903,0.0,0.0,180.79060782770676,182.0923473960517,4,1.115316310823867,64.03565464600106,5.6520997789994
C1,K2,,rrt_star,,3,SUCESSO,,5016.083357000753,452.8318220000074,1,38.33434899934218,38.33434899934218,2.767593694786829,0.02115074551866569,1,3.743761754186781,3.9851476770920025,-0.24138592290522132,0.24138592290522132,3.9851476770920025,0.0,0.0,181.24348839388114,182.83038926003564,4,1.1823107402581785,64.23833434899971,5.90527469799963
C1,K2,,rrt_star,,8,SUCESSO,,5020.647816998462,413.16272699987167,1,133.78788800037,133.78788800037,2.750376004464088,0.07329074060887455,1,3.770626226560082,4.130554550176258,-0.35992832361617655,0.35992832361617655,4.130554550176258,0.0,0.0,182.54405248044395,187.85623022566276,5,1.6360002652840515,66.53378788800077,5.856058112000028
C1,K2,,rrt_star,,7,SUCESSO,,5013.027289000092,412.76905800077657,1,100.9182249999867,100.9182249999867,2.770620118517956,0.05577589117131171,1,3.737393992887347,3.9760208869734965,-0.23862689408614957,0.23862689408614957,3.9760208869734965,0.0,0.0,180.93520852947648,182.06306547326406,4,1.1076527340385756,64.10091822500036,5.871609476000231
C1,K2,,rrt_star,,0,SUCESSO,,5008.481960001518,524.6885440010374,4,202.49504025014176,349.31528200104367,2.7611547510379335,0.1925760256720671,1,3.7468056575643662,4.033023315841353,-0.28621765827698686,0.28621765827698686,4.033023315841353,0.0,0.0,181.39084591759305,182.78428913372,3,1.1933320118356132,65.00998016100095,6.704588349000915
C1,K2,,rrt_star,,6,SUCESSO,,5010.446877999129,418.98778599897923,2,240.54528450051293,374.5120240000688,2.775340089412892,0.20744621377756772,1,3.729117295740682,4.050175248949771,-0.32105795320908914,0.32105795320908914,4.050175248949771,0.0,0.0,180.53451889058618,184.26254273677495,3,1.2297890383111345,65.2810905690014,6.422504458998446
C1,K2,,astar,2.0,0,SUCESSO,replanner setup 6.10s,3071.9471909997083,3071.9471909997083,2,83.14477849944524,83.96739099953265,1.6965855727060268,0.04637379983775461,1,3.7401048715257845,4.042662609363231,-0.30255773783744644,0.30255773783744644,4.042662609363231,0.0,0.0,181.06644547849135,185.15209749056538,3,1.1233655933904774,65.16628955699927,9.758956061999925
C1,K2,,astar,2.0,1,SUCESSO,replanner setup 6.06s,3065.8537599992997,3065.8537599992997,2,106.82875650036294,120.06819700036431,1.6916798444502392,0.06625134945283345,1,3.7435105725696927,4.045586062218265,-0.30207548964857267,0.30207548964857267,4.045586062218265,0.0,0.0,181.23132282134853,185.22170418745105,3,1.1106494674907101,65.21365751300111,9.760176026000408
C1,K2,,astar,2.0,2,SUCESSO,replanner setup 5.93s,3032.332546001271,3032.332546001271,2,99.97088250111119,118.15444600142655,1.6741023205714467,0.06523118069542329,1,3.7414558601897285,4.044682365008772,-0.3032265048190439,0.3032265048190439,4.044682365008772,0.0,0.0,181.131852500282,184.9439122790628,3,1.1075334130122756,65.1999417650026,9.834885579999536
C1,K2,,rrt_star,,9,SUCESSO,,5010.053890000563,377.3684180014243,2,422.2612339999614,448.9498729999468,2.777773243070711,0.24891567477712417,1,3.7255586824831672,4.409473189198702,-0.683914506715535,0.683914506715535,4.409473189198702,0.0,0.0,180.36223448038402,199.83831339371017,3,1.1780763342893188,71.0445224680004,6.262270247001652
C1,K2,,rrt_star,,11,SUCESSO,,5015.4531489988585,363.4219519990438,1,38.12896400086174,38.12896400086174,2.7365339046929553,0.020803943260840348,1,3.7857779414694224,4.061231003436105,-0.2754530619666826,0.2754530619666826,4.061231003436105,0.0,0.0,183.2775811912187,185.8845575604234,4,1.4206093482776576,65.43812896400125,5.6978282170002785
C1,K2,,rrt_star,,10,SUCESSO,,5016.177817000425,390.5386379992706,2,35.0914910013671,36.12895400146954,2.7711090549846564,0.019958876107080373,1,3.73908290627081,3.999561733417281,-0.26047882714647086,0.26047882714647086,3.999561733417281,0.0,0.0,181.0169761445278,182.3883109667435,4,1.1765132285300148,64.47018298200311,5.852510335000261
C1,K2,,rrt_star,,15,SUCESSO,,5008.411405999141,478.8790450002125,1,515.2488599997014,515.2488599997014,2.7723205660308583,0.2852072035236819,1,3.731662268703663,4.4889211621274026,-0.7572588934237396,0.7572588934237396,4.4889211621274026,0.0,0.0,180.65773011126566,203.9023859759585,3,1.067412736806169,72.3152488600002,5.7903970570005185
C1,K2,,rrt_star,,13,SUCESSO,,5015.104156002053,547.169716001008,1,28.90111499982595,28.90111499982595,2.7139929394344406,0.015640237891657124,1,3.8169545496332424,4.137894367452612,-0.3209398178193692,0.3209398178193692,4.137894367452612,0.0,0.0,184.78692715564443,186.6000325837764,4,0.5280529672466514,66.62890111500023,5.841779710999617
C1,K2,,rrt_star,,12,SUCESSO,,5008.841263999784,363.2870159999584,1,854.0198350001447,854.0198350001447,2.7721088731641856,0.472651425286257,1,3.7322676571391593,4.160564156478679,-0.4282964993395195,0.4282964993395195,4.160564156478679,0.0,0.0,180.68703262301926,188.75324523441827,3,1.2883379161155406,67.05401983500056,6.18012536400056
C1,K2,,rrt_star,,14,SUCESSO,,5008.848632000081,665.4559320013504,2,161.87522949985578,287.58292899874505,2.7654665468266617,0.1587791981781021,1,3.741237211603129,4.027362489942092,-0.2861252783389632,0.2861252783389632,4.027362489942092,0.0,0.0,181.1212881149357,184.0746258016563,3,1.1538114149031062,64.92375045900009,6.05978358900029
C1,K2,,rrt_star,,19,SUCESSO,,5008.9314360011485,668.0440480013203,0,,,2.7177672383834293,,1,3.806962704003706,4.0449424364210635,-0.2379797324173576,0.2379797324173576,4.0449424364210635,0.0,0.0,184.30317965642047,185.5245793789855,3,1.337970806749988,65.20000000000039,5.478594913000052
C1,K2,,rrt_star,,16,SUCESSO,,5009.363189001306,424.1716300002736,1,300.0880870004039,300.0880870004039,2.7756346828427616,0.16627560645134928,1,3.7279151428901516,4.013515660769103,-0.2856005178789518,0.2856005178789518,4.013515660769103,0.0,0.0,180.47631483948726,183.55870581790143,3,1.0170840614303875,64.70008808700078,6.187748403999649
C1,K2,,rrt_star,,17,SUCESSO,,5009.575675998349,440.2053159992647,1,419.3623950013716,419.3623950013716,2.774994280508704,0.2323007621513415,1,3.728933566723509,4.033335859185712,-0.30440229246220296,0.30440229246220296,4.033335859185712,0.0,0.0,180.52562166290332,184.11495081430238,3,1.057293819213542,65.01936239500176,6.135834179000085
C1,K2,,rrt_star,,18,SUCESSO,,5009.584720999555,689.4752959997277,1,446.84223599870165,446.84223599870165,2.768261865379251,0.2469219287919716,1,3.7380091197254823,4.0351625407896385,-0.2971534210641562,0.2971534210641562,4.0351625407896385,0.0,0.0,180.96498686236984,182.83688107678017,3,1.1862332326596436,65.0468422359991,6.370616483000049
C1,K2,,rrt_star,,20,SUCESSO,,5014.184548999765,325.31639199987694,1,243.04719700012356,243.04719700012356,2.7717385223732784,0.1343515126132469,1,3.7367483673728077,4.010317008562307,-0.2735686411894993,0.2735686411894993,4.010317008562307,0.0,0.0,180.90395282692143,183.25554148326418,4,1.8228609801830782,64.6430471970005,6.017221981001057
C1,K2,,rrt_star,,21,SUCESSO,,5009.925421001753,374.57447400083765,2,212.95800599909853,327.47044499956246,2.767938125241735,0.18092443568210323,1,3.7387005094966574,5.202887837328327,-1.4641873278316697,1.4641873278316697,5.202887837328327,0.0,0.0,180.99846146539915,237.19166046167868,3,1.200648717957431,83.82591601199886,5.840600483999879
C1,K2,,rrt_star,,26,SUCESSO,,5012.537733997306,373.58616599885863,0,,,2.775764568635182,,1,3.730103057454252,3.9571980738960493,-0.22709501644179708,0.22709501644179708,3.9571980738960493,0.0,0.0,180.58223635522245,181.77520035223878,3,1.1196983653181984,63.80000000000037,5.379316611999457
C1,K2,,rrt_star,,23,SUCESSO,,5008.333411999047,470.8642269997654,1,313.35070400018594,313.35070400018594,2.7659542855480534,0.17305431793584808,1,3.740193040612238,3.989360006744173,-0.24916696613193468,0.24916696613193468,3.989360006744173,0.0,0.0,181.07072261343185,182.33109618289103,3,1.1333791859996039,64.31335070400056,6.174256238000453
C1,K2,,rrt_star,,22,SUCESSO,,5008.339827998498,530.0083479996829,2,369.52866300089227,386.6385880010057,2.7654067114464653,0.2134865010926105,1,3.7409382044061057,4.066868062039564,-0.3259298576334584,0.3259298576334584,4.066868062039564,0.0,0.0,181.1068081692349,183.6654873821171,3,1.1199893670505956,65.53905732600217,6.71167811900159
C1,K2,,rrt_star,,25,SUCESSO,,5007.684727999731,459.63943599963386,1,391.6187929989974,391.6187929989974,2.761154146075015,0.21593209491085452,1,3.7462100512126146,4.0190897772421605,-0.2728797260295459,0.2728797260295459,4.0190897772421605,0.0,0.0,181.3620125163299,183.38049141915678,3,1.2728838748972797,64.79161879299937,6.2964791859994875
C1,K2,,rrt_star,,27,SUCESSO,,5009.3183490007505,307.2078019995388,1,325.7313989997783,325.7313989997783,2.773326794706748,0.1803358368915804,1,3.7309840178757843,4.027524824121946,-0.2965408062461621,0.2965408062461621,4.027524824121946,0.0,0.0,180.62488555483907,184.13407891629478,3,1.1919119886579708,64.92573139900016,6.16781492500013
C1,K2,,rrt_star,,24,SUCESSO,,5009.723233999466,351.9564239995816,3,288.71662733399717,428.1926170006045,2.7741659849827287,0.23711437491038473,1,3.730156806306769,4.03616293639656,-0.3060061300897914,0.3060061300897914,4.03616293639656,0.0,0.0,180.58484103396773,182.51833978904475,3,1.3078692848345748,65.06614988200238,6.711127442998986
C1,K2,,rrt_star,,29,SUCESSO,,5008.65129200065,455.92178700098884,3,190.0596890009183,328.49537300171505,2.770719459084947,0.1817192831229549,1,3.7339976543692517,4.031091626329343,-0.29709397196009135,0.29709397196009135,4.031091626329343,0.0,0.0,180.7707841217096,183.15404167567277,3,1.1915777473024458,64.97017906700313,6.335796616000152
C1,K2,,rrt_star,,28,SUCESSO,,5008.6582340009045,354.96107900144125,5,184.11908179987222,417.0596439998917,2.77403051021178,0.23098724707946486,1,3.7295459850790342,4.1543152054663635,-0.4247692203873292,0.4247692203873292,4.1543152054663635,0.0,0.0,180.5552684284833,187.0298414263629,3,1.2801265612887813,66.92059540899977,6.855932983000457
C1,K3,,astar,4.0,0,SUCESSO,replanner setup 0.71s,423.0926379987068,423.0926379987068,2,56.17823149987089,68.25654599924746,0.23239793195772324,0.037492214962272175,1,3.7605296154543404,4.040414044833536,-0.2798844293791958,0.2798844293791958,4.040414044833536,0.0,0.0,182.05525085123125,184.79581847372938,4,2.1288616878081066,65.11235646300013,15.035696466000445
C1,K3,,astar,4.0,2,SUCESSO,replanner setup 0.71s,386.95976300004986,386.95976300004986,2,28.917433501192136,43.433524000647594,0.21253013581128927,0.023855019661616177,1,3.7608939169859203,3.9995925838685253,-0.238698666882605,0.238698666882605,3.9995925838685253,0.0,0.0,182.0728912268898,183.54694572257054,4,1.4240044763597812,64.45783486700276,15.721548081999572
C1,K3,,astar,4.0,1,SUCESSO,replanner setup 0.71s,393.9794329980941,393.9794329980941,2,21.7459305004013,23.146596000515274,0.21710959574737193,0.012755356446801926,1,3.7483517230024255,3.998124260283124,-0.2497725372806987,0.2497725372806987,3.998124260283124,0.0,0.0,181.46569323289026,183.35512922815195,4,1.6244365947640595,64.44349186100118,15.949694719000036
C1,K3,,rrt_star,,4,SUCESSO,,5008.1933260007645,452.32931100144924,0,,,2.740174555760353,,1,3.7752755761166465,4.00724142482896,-0.23196584871231352,0.23196584871231352,4.00724142482896,0.0,0.0,182.76913474262497,184.00110593414192,3,1.7633937452304194,64.60000000000038,17.082005834001393
C1,K3,,rrt_star,,0,SUCESSO,,5008.974684998975,479.3573209990427,1,541.9093550008256,541.9093550008256,2.7614263882283137,0.29875231699785904,1,3.7468056575643662,4.040826702280114,-0.29402104471574786,0.29402104471574786,4.040826702280114,0.0,0.0,181.39084591759305,184.04913489473722,3,1.3468154596981923,65.14190935500122,18.311586318999616
C1,K3,,rrt_star,,1,SUCESSO,,5013.0126620006195,304.05008500019903,3,248.54419866642274,471.09893299966643,2.7367143631099893,0.2571833153661838,1,3.783686200417883,4.092695609788736,-0.30900940937085286,0.30900940937085286,4.092695609788736,0.0,0.0,183.1763201002773,185.2385303069706,4,1.7226878371294934,65.94563259599965,18.498391013999935
C1,K3,,rrt_star,,3,SUCESSO,,5014.273083997978,426.04170099912153,2,113.73828100022365,202.222071999131,2.7665948875917032,0.11157480679231846,1,3.743761754186781,3.9966294103396716,-0.2528676561528904,0.2528676561528904,3.9966294103396716,0.0,0.0,181.24348839388114,182.77047900989834,4,1.1823107402581785,64.42747656200082,19.285469462000037
C1,K3,,astar,2.0,1,SUCESSO,replanner setup 5.42s,2796.8834990006144,2796.8834990006144,2,172.63311950046045,198.11876099993242,1.5432671656641186,0.10931816747551466,1,3.7435105725696927,4.041237307015516,-0.2977267344458232,0.2977267344458232,4.041237307015516,0.0,0.0,181.23132282134853,184.60587043501928,3,1.247183237049906,65.1452662390013,21.27104728700033
C1,K3,,astar,2.0,0,SUCESSO,replanner setup 5.73s,2912.976746001732,2912.976746001732,1,162.43435099931958,162.43435099931958,1.6087888279376208,0.0897098027025747,1,3.7401048715257845,4.004790749653258,-0.2646858781274739,0.2646858781274739,4.004790749653258,0.0,0.0,181.06644547849135,183.47177808532513,3,1.198026917459389,64.5624343509997,22.284222903001137
C1,K3,,rrt_star,,5,SUCESSO,,5013.819834000969,327.9616670006362,2,70.24282699876494,90.0210909985617,2.7732745048233554,0.04979301307751103,1,3.7344071643610843,3.9784478249446984,-0.24404066058361407,0.24404066058361407,3.9784478249446984,0.0,0.0,180.79060782770676,181.98290519349274,4,1.115316310823867,64.1404856539979,20.279005700000198
C1,K3,,astar,2.0,2,SUCESSO,replanner setup 5.64s,2880.887712999538,2880.887712999538,1,169.0737499993702,169.0737499993702,1.5904920494284973,0.09334291438282892,1,3.7414558601897285,4.005244291971089,-0.2637884317813608,0.2637884317813608,4.005244291971089,0.0,0.0,181.131852500282,183.51486959214043,3,1.3220062401950483,64.56907374999975,22.120850878000056
C1,K3,,rrt_star,,2,SUCESSO,,5014.20547700036,620.1809049998701,0,,,2.6155276258558944,,1,3.959940083133339,4.193515628950151,-0.23357554581681228,0.23357554581681228,4.193515628950151,0.0,0.0,191.70913843280596,192.92993593419553,4,1.7387688456726627,67.60000000000042,21.487551558999257
C1,K3,,rrt_star,,6,SUCESSO,,5009.261694000088,389.4415199993091,1,471.923102000801,471.923102000801,2.7746836033257303,0.26140325124571456,1,3.729117295740682,4.024019713598944,-0.2949024178582622,0.2949024178582622,4.024019713598944,0.0,0.0,180.53451889058618,183.5572644936095,3,1.1901555730309323,64.87192310200119,18.34415661100138
C1,K3,,rrt_star,,8,SUCESSO,,5017.91870300076,374.1741340018052,4,144.09872250007538,198.64847200005897,2.7488809604127376,0.10882220992729429,1,3.770626226560082,4.069299876215315,-0.2986736496552336,0.2986736496552336,4.069299876215315,0.0,0.0,182.54405248044395,183.96303667820297,5,1.1688032171397067,65.57639489000069,19.242821361000097
C1,K3,,rrt_star,,7,SUCESSO,,5011.332513000525,365.0214019999112,2,581.9857285005128,601.43730100026,2.769683442890619,0.33240479058130845,1,3.737393992887347,4.942985345118398,-1.205591352231051,1.205591352231051,4.942985345118398,0.0,0.0,180.93520852947648,219.04844937237152,4,1.1076527340385756,79.5639714570016,24.11342008200154
C1,K3,,rrt_star,,11,SUCESSO,,5014.349254999615,346.10576900013257,1,98.51282999989053,98.51282999989053,2.735931597530198,0.05375061661093688,1,3.7857779414694224,4.065121266624012,-0.2793433251545898,0.2793433251545898,4.065121266624012,0.0,0.0,183.2775811912187,185.6229970635967,4,1.2112754170406683,65.49851283000028,18.35284851799952
C1,K3,,rrt_star,,9,SUCESSO,,5010.196138000538,326.6540069998882,3,149.9285266672814,386.4869040007761,2.7778521110224106,0.21428371915785396,1,3.7255586824831672,4.010374794904427,-0.28481611242126004,0.28481611242126004,4.010374794904427,0.0,0.0,180.36223448038402,182.20423648962728,3,1.275889155184644,64.64978558000222,19.634401497998624
C1,K3,,rrt_star,,10,SUCESSO,,5015.173891999439,359.0424809990509,2,161.9785815000796,281.4066000009916,2.7705544523046375,0.15545867906682442,1,3.73908290627081,4.10352017823016,-0.36443727195934983,0.36443727195934983,4.10352017823016,0.0,0.0,181.0169761445278,187.11993525780082,4,1.5312592182921043,66.12395716300055,20.22753586199906
C1,K3,,rrt_star,,12,SUCESSO,,5008.295900999656,365.36572099976183,4,194.24040124977182,366.48919800063595,2.7718070457490076,0.20283093517024517,1,3.7322676571391593,4.09614581873323,-0.36387816159407027,0.36387816159407027,4.09614581873323,0.0,0.0,180.68703262301926,184.5114269102447,3,1.353297402159395,65.97696160499947,19.813638001000072
C1,K3,,rrt_star,,14,SUCESSO,,5009.231440000804,609.5109850011795,7,172.5371857137361,426.83145999944827,2.7656779013309865,0.23566057002012383,1,3.741237211603129,4.335961092615068,-0.5947238810119386,0.5947238810119386,4.335961092615068,0.0,0.0,181.1212881149357,188.37501449069615,3,0.8645485931385339,69.80776029999662,19.797688330998426
C1,K3,,rrt_star,,16,SUCESSO,,5008.806204001303,421.35392100135505,3,393.10765366644773,547.0674059997691,2.7753260633984325,0.30312421133284007,1,3.7279151428901516,4.094562107154026,-0.36664696426387433,0.36664696426387433,4.094562107154026,0.0,0.0,180.47631483948726,184.1857853759604,3,1.1271785476692577,65.97932296099974,20.33709352799997
C1,K3,,rrt_star,,17,SUCESSO,,5009.670021998318,425.24632299864606,3,277.1760430005088,401.0448720000568,2.775046542342287,0.2221539902789702,1,3.728933566723509,4.135530138138719,-0.4065965714152102,0.4065965714152102,4.135530138138719,0.0,0.0,180.52562166290332,187.1533716696681,3,1.5334486790975692,66.63152812900194,20.45687805400121
C1,K3,,rrt_star,,15,SUCESSO,,5010.421411001516,437.7186880010413,5,309.01070660074765,427.81516399918473,2.7734331699593686,0.23680977489072666,1,3.731662268703663,4.116655313013692,-0.3849930443100291,0.3849930443100291,4.116655313013692,0.0,0.0,180.65773011126566,184.55326023457678,3,1.2670514965657884,66.34505353300415,21.84126264799852
C1,K3,,rrt_star,,13,SUCESSO,,5014.199765999365,488.071959998706,1,404.0467439990607,404.0467439990607,2.713503516282809,0.21865548078449057,1,3.8169545496332424,4.772575650317999,-0.9556211006847568,0.9556211006847568,4.772575650317999,0.0,0.0,184.78692715564443,213.59721757974756,4,1.1995963316297877,76.8040467439996,22.83303235099993
C1,K3,,rrt_star,,18,SUCESSO,,5008.966776000307,614.3072960003337,2,473.064943999816,552.4269210000057,2.76792039324701,0.3052672953913154,1,3.7380091197254823,4.078724507257237,-0.340715387531755,0.340715387531755,4.078724507257237,0.0,0.0,180.96498686236984,184.13004691115742,3,1.2074112997260733,65.74612988800003,18.41428109699882
C1,K3,,rrt_star,,19,SUCESSO,,5008.148300999892,596.6432790010003,0,,,2.717342321676774,,1,3.806962704003706,4.0449424364210635,-0.2379797324173576,0.2379797324173576,4.0449424364210635,0.0,0.0,184.30317965642047,185.5245793789855,3,1.337970806749988,65.20000000000039,16.98360989200046
C1,K4,0.02,astar,4.0,0,SUCESSO,replanner setup 0.72s,399.16742900095414,399.16742900095414,0,,,0.2183806564185979,,1,3.7756065722250014,4.00831227033401,-0.23270569810900898,0.23270569810900898,4.00831227033401,0.0,0.0,182.78515851505605,183.98847874173592,5,1.0471057818289156,64.60000000000038,1.2829289849996712
C1,K4,0.02,astar,4.0,1,SUCESSO,replanner setup 0.73s,420.30669299856527,420.30669299856527,0,,,0.23154808257446882,,1,3.7494789539134565,3.995128466634942,-0.2456495127214855,0.2456495127214855,3.995128466634942,0.0,0.0,181.52026495982287,182.74856057672827,5,1.6244365947640595,64.40000000000038,1.301235540999187
C1,K4,0.02,astar,4.0,2,SUCESSO,replanner setup 0.69s,396.57209500001045,396.57209500001045,0,,,0.21757008834207756,,1,3.765032658883365,3.9953222854949333,-0.23028962661156838,0.23028962661156838,3.9953222854949333,0.0,0.0,182.2732610084225,183.46573996710578,5,1.038384005660121,64.40000000000038,1.242412317000344
C1,K3,,rrt_star,,20,SUCESSO,,5015.983569999662,296.0189169989462,2,76.02507200044784,84.83603999957268,2.7727329843359856,0.046895625371292445,1,3.7367483673728077,3.9791363300893514,-0.24238796271654373,0.24238796271654373,3.9791363300893514,0.0,0.0,180.90395282692143,182.0666635643704,4,1.451641307045914,64.15205014400127,20.176237356001366
C1,K4,0.02,astar,2.0,0,SUCESSO,replanner setup 5.64s,2928.2962280012725,2928.2962280012725,0,,,1.6042366777274455,,1,3.7704429203527594,4.007200554783392,-0.23675763443063236,0.23675763443063236,4.007200554783392,0.0,0.0,182.53517505593277,183.7509805886891,3,1.0872710134282992,64.60000000000038,8.730835009000657
C1,K4,0.02,astar,2.0,1,SUCESSO,replanner setup 5.56s,2903.7428420015203,2903.7428420015203,0,,,1.588202950878293,,1,3.7765736392384084,4.007217024396639,-0.2306433851582308,0.2306433851582308,4.007217024396639,0.0,0.0,182.83197625314318,184.04199945561007,3,1.6162198992207797,64.60000000000038,8.614396005999879
C1,K3,,rrt_star,,21,SUCESSO,,5009.530367999105,369.756336998762,1,470.28569699978107,470.28569699978107,2.767719862059026,0.2598285605260153,1,3.7387005094966574,5.21818809899942,-1.4794875895027624,1.4794875895027624,5.21818809899942,0.0,0.0,180.99846146539915,237.91851587359457,3,1.279647214576128,84.07028569700044,22.44510659700063
C1,K3,,rrt_star,,24,SUCESSO,,5009.054410000317,338.39753400025074,5,156.05020740040345,457.69740400101,2.773795619455191,0.2534528376692027,1,3.730156806306769,4.1075133370657815,-0.37735653075901254,0.37735653075901254,4.1075133370657815,0.0,0.0,180.58484103396773,185.93611461258425,3,1.3082735701496064,66.18025103700242,20.42583698100134
C1,K3,,rrt_star,,22,SUCESSO,,5008.48102999953,517.884568998852,14,192.22465921445422,502.2999980010354,2.765484677593878,0.27735014662268365,1,3.7409382044061057,4.315077574055589,-0.5741393696494836,0.5741393696494836,4.315077574055589,0.0,0.0,181.1068081692349,184.80497115890367,3,0.6036156787136271,69.49114522900281,22.70562853100091
C1,K3,,rrt_star,,25,SUCESSO,,5008.9475469994795,438.139683999907,8,313.5527114995966,560.5510850000428,2.761850443487151,0.3090785535640053,1,3.7462100512126146,4.365942534814277,-0.6197324836016622,0.6197324836016622,4.365942534814277,0.0,0.0,181.3620125163299,186.33611044056295,3,0.6772195864499597,70.30842169199724,20.685937453001316
C1,K3,,rrt_star,,29,SUCESSO,,5008.334449001268,418.7567660010245,1,92.95639599986316,92.95639599986316,2.7705441857403517,0.05142224527680167,1,3.7339976543692517,3.9880178349020503,-0.2540201805327986,0.2540201805327986,3.9880178349020503,0.0,0.0,180.7707841217096,182.564559849297,3,1.1371287834671766,64.29295639600024,18.364708412000255
C1,K3,,rrt_star,,26,SUCESSO,,5012.35824899959,361.07173200070974,0,,,2.7756651762467954,,1,3.730103057454252,3.9571980738960493,-0.22709501644179708,0.22709501644179708,3.9571980738960493,0.0,0.0,180.58223635522245,181.77520035223878,3,1.1196983653181984,63.80000000000037,20.078898269999627
C1,K4,0.02,rrt_star,,0,SUCESSO,,5013.013468000281,535.6950080004026,0,,,2.7371513238866867,,1,3.783082921043269,4.019774867427998,-0.2366919463847288,0.2366919463847288,4.019774867427998,0.0,0.0,183.14710714941134,184.380906284034,3,1.506327947580901,64.80000000000038,5.167251562999809
C1,K3,,rrt_star,,23,SUCESSO,,5008.605635001004,440.72782399962307,1,1031.7485539999325,1031.7485539999325,2.766104626253623,0.5698041843035078,1,3.740193040612238,4.757197783865569,-1.0170047432533305,1.0170047432533305,4.757197783865569,0.0,0.0,181.07072261343185,214.85207929617317,3,1.2971070933359425,76.63174855400048,24.02649747599935
C1,K4,0.02,rrt_star,,1,SUCESSO,,5014.153261001411,316.7244890009897,0,,,2.723255063529284,,1,3.8032516767150417,4.046218423267899,-0.24296674655285688,0.24296674655285688,4.046218423267899,0.0,0.0,184.12352658965293,185.34460869215258,5,1.146702990968544,65.20000000000039,5.158174000000145
C1,K3,,rrt_star,,27,SUCESSO,,5008.857816999807,282.1306200003164,2,289.52065849989594,353.72441899926343,2.773071828731529,0.19583371245479353,1,3.7309840178757843,4.006382120902384,-0.27539810302660017,0.27539810302660017,4.006382120902384,0.0,0.0,180.62488555483907,182.34056365465696,3,1.323407775606622,64.57904131700016,20.952103612999053
C1,K3,,rrt_star,,28,SUCESSO,,5009.719634001158,336.2836270007392,2,270.05887549967156,514.0000009996584,2.774618363454442,0.2846773763365705,1,3.7295459850790342,4.053883599213348,-0.32433761413431395,0.32433761413431395,4.053883599213348,0.0,0.0,180.5552684284833,183.5744913953613,3,1.3306450588094454,65.34011775099974,19.916277134001575
C1,K4,0.02,astar,2.0,2,SUCESSO,replanner setup 5.74s,2996.55679100033,2996.55679100033,0,,,1.641133364138149,,1,3.7715896843214654,4.007180468687559,-0.2355907843660936,0.2355907843660936,4.007180468687559,0.0,0.0,182.59069350978615,183.80972826626774,3,1.2258217365733675,64.60000000000038,8.895848217000093
C1,K4,0.02,rrt_star,,2,SUCESSO,,5015.525020000496,626.9649640016723,0,,,2.6162159305506645,,1,3.959940083133339,4.193515628950151,-0.23357554581681228,0.23357554581681228,4.193515628950151,0.0,0.0,191.70913843280596,192.92993593419553,4,1.7387688456726627,67.60000000000042,5.1620559970015165
C1,K4,0.02,rrt_star,,3,SUCESSO,,5016.168353999092,440.9618270001374,0,,,2.7615890658149116,,1,3.751965437215674,3.982679878779736,-0.23071444156406207,0.23071444156406207,3.982679878779736,0.0,0.0,181.64065088803792,182.84097603819802,5,1.157278377739201,64.20000000000037,5.164108015998863
C1,K4,0.02,rrt_star,,4,SUCESSO,,5009.175520002827,535.3461510021589,0,,,2.740711951750899,,1,3.7752755761166465,4.00724142482896,-0.23196584871231352,0.23196584871231352,4.00724142482896,0.0,0.0,182.76913474262497,184.00110593414192,3,1.7633937452304194,64.60000000000038,5.154798289999235
C1,K4,0.02,rrt_star,,5,SUCESSO,,5016.785420000815,378.7358450008469,0,,,2.774212335376585,,1,3.7353528037906756,3.9697882540637,-0.2344354502730246,0.2344354502730246,3.9697882540637,0.0,0.0,180.8363893429164,182.06154526217813,5,1.0540455725896982,64.00000000000037,5.1699345170000015
C1,K4,0.02,rrt_star,,6,SUCESSO,,5011.640688000625,443.02124500063655,0,,,2.7600067440395026,,1,3.750727975429247,3.982417485788162,-0.23168951035891494,0.23168951035891494,3.982417485788162,0.0,0.0,181.58074065665747,182.81014311689216,4,1.1121790978327208,64.20000000000037,5.157356511999751
C1,K4,0.02,rrt_star,,7,SUCESSO,,5015.1946030000545,452.35838099870307,0,,,2.763862383364478,,1,3.748151710102392,4.021527608415574,-0.27337589831318176,0.27337589831318176,4.021527608415574,0.0,0.0,181.4560172455116,182.58549804939756,5,0.8107101217885477,64.80000000000038,5.165769331000774
C1,K4,0.02,rrt_star,,8,SUCESSO,,5019.649526999274,538.7844580000092,0,,,2.744845934556868,,1,3.7774714778408867,4.022005991888924,-0.24453451404803728,0.24453451404803728,4.022005991888924,0.0,0.0,182.87545627983135,184.11783375804322,6,1.2055392841174286,64.80000000000038,5.18100293399948
C1,K4,0.02,rrt_star,,9,SUCESSO,,5013.90098200136,360.61819400129025,0,,,2.7676491251029964,,1,3.742057686850857,3.9698433885858284,-0.22778570173497137,0.22778570173497137,3.9698433885858284,0.0,0.0,181.16100543687128,182.3521638773434,4,1.1479531198521489,64.00000000000037,5.160902137999074
C1,K4,0.02,rrt_star,,10,SUCESSO,,5016.337977000148,386.5078060007363,0,,,2.766669972919413,,1,3.7452017387321628,3.995489528581925,-0.2502877898497622,0.2502877898497622,3.995489528581925,0.0,0.0,181.31320418050683,182.51803339952835,6,1.1417657893762505,64.40000000000038,5.169188493000547
C1,K4,0.02,rrt_star,,11,SUCESSO,,5015.915296999083,379.6154909996403,0,,,2.72038299659169,,1,3.8086047151073705,4.0589341182901455,-0.25032940318277497,0.25032940318277497,4.0589341182901455,0.0,0.0,184.38268814661086,185.62121728358903,5,1.2099525411969658,65.40000000000039,5.172221957000147
C1,K4,0.02,rrt_star,,12,SUCESSO,,5009.036019000632,382.70391800142534,0,,,2.7542130721472065,,1,3.7566645766796825,3.9821712975739225,-0.22550672089424006,0.22550672089424006,3.9821712975739225,0.0,0.0,181.86813756916592,183.0393487675297,3,1.2969115159570035,64.20000000000037,5.150637760998507
C1,K4,0.02,rrt_star,,13,SUCESSO,,5016.560502001084,523.823428000469,0,,,2.7134890300131635,,1,3.818771887674434,4.136122924087534,-0.31735103641310003,0.31735103641310003,4.136122924087534,0.0,0.0,184.87491368176816,186.60254823485397,5,0.5280529672466514,66.6000000000004,5.173478448999958
C1,K4,0.02,rrt_star,,14,SUCESSO,,5011.187067997525,520.1369369988242,0,,,2.746864174144528,,1,3.7683324856249274,3.9946728312330557,-0.22634034560812832,0.22634034560812832,3.9946728312330557,0.0,0.0,182.43301271196594,183.6066114004016,3,2.718903676866698,64.40000000000038,5.152079531000709
C1,K4,0.02,rrt_star,,15,SUCESSO,,5013.953196998045,470.71048699763196,0,,,2.7162707204023024,,1,3.8128787807461197,4.058424850511967,-0.24554606976584736,0.24554606976584736,4.058424850511967,0.0,0.0,184.58959776496198,185.85544860175764,4,1.2179714252990879,65.40000000000039,5.156170605001535
C1,K4,0.02,rrt_star,,16,SUCESSO,,5015.504706001593,457.8945040011604,0,,,2.7283938601778543,,1,3.797111618512985,4.059437293560437,-0.2623256750474523,0.2623256750474523,4.059437293560437,0.0,0.0,183.82627153671464,185.0802848650012,5,0.7473576170311131,65.40000000000039,5.1682988129996374
C1,K4,0.02,rrt_star,,17,SUCESSO,,5012.826104000851,431.41803000071377,0,,,2.7569489533158062,,1,3.755776235910665,3.9950053656428874,-0.23922912973222266,0.23922912973222266,3.9950053656428874,0.0,0.0,181.82513310490867,182.99669094877905,4,1.4213381985023616,64.40000000000038,5.167084562999662
C1,K4,0.02,rrt_star,,18,SUCESSO,,5012.598780998815,644.1454759988119,0,,,2.750457865492736,,1,3.7644691169396896,3.995008045748344,-0.23053892880865456,0.23053892880865456,3.995008045748344,0.0,0.0,182.24597598410486,183.45298571008863,4,1.8133381680964553,64.40000000000038,5.165521142000216
C1,K4,0.02,rrt_star,,19,SUCESSO,,5010.284213998602,650.0051979983255,0,,,2.7185012344001964,,1,3.806962704003706,4.0449424364210635,-0.2379797324173576,0.2379797324173576,4.0449424364210635,0.0,0.0,184.30317965642047,185.5245793789855,3,1.337970806749988,65.20000000000039,5.163723446001313
C1,K4,0.02,rrt_star,,20,SUCESSO,,5016.190074999031,335.8276510007272,0,,,2.7634847538137053,,1,3.74940800626686,3.9959293863435903,-0.24652138007673008,0.24652138007673008,3.9959293863435903,0.0,0.0,181.51683551271682,182.67930402939595,5,0.8546798363143611,64.40000000000038,5.1683091290015
C1,K4,0.02,rrt_star,,21,SUCESSO,,5011.512531000335,364.73710400059645,0,,,2.7634500783249214,,1,3.7459588391146452,3.982109721762707,-0.2361508826480616,0.2361508826480616,3.982109721762707,0.0,0.0,181.3498485211677,182.55605265806258,3,1.815959409849821,64.20000000000037,5.1428252949990565
C1,K4,0.02,rrt_star,,22,SUCESSO,,5014.104121000855,540.2396000008594,0,,,2.7095129066302386,,1,3.822503647659701,4.135730203985465,-0.31322655632576346,0.31322655632576346,4.135730203985465,0.0,0.0,185.05555403449935,186.77938912639638,4,0.8721140072708096,66.6000000000004,5.154124918000889
C1,K4,0.1,astar,4.0,0,SUCESSO,replanner setup 0.71s,388.3501800009981,388.3501800009981,0,,,0.21246264366097842,,1,3.7756065722250014,4.00831227033401,-0.23270569810900898,0.23270569810900898,4.00831227033401,0.0,0.0,182.78515851505605,183.98847874173592,5,1.0471057818289156,64.60000000000038,1.2639033680006833
C1,K4,0.02,rrt_star,,23,SUCESSO,,5014.474979001534,474.764688000505,0,,,2.7563788916844043,,1,3.757788436715333,3.995522231372705,-0.23773379465737188,0.23773379465737188,3.995522231372705,0.0,0.0,181.92255767628603,183.143354134826,5,1.3148314175286457,64.40000000000038,5.160440456998913
C1,K4,0.02,rrt_star,,24,SUCESSO,,5012.731054999676,377.8650929998548,0,,,2.7496997020258163,,1,3.765606491046268,3.995037660368379,-0.22943116932211094,0.22943116932211094,3.995037660368379,0.0,0.0,182.3010364115977,183.4947532303562,4,1.3749632194898695,64.40000000000038,5.1653675389989075
C1,K4,0.1,astar,4.0,1,SUCESSO,replanner setup 0.72s,403.00582199961354,403.00582199961354,0,,,0.22201698641681336,,1,3.7494789539134565,3.995128466634942,-0.2456495127214855,0.2456495127214855,3.995128466634942,0.0,0.0,181.52026495982287,182.74856057672827,5,1.6244365947640595,64.40000000000038,1.275211711999873
C1,K4,0.1,astar,4.0,2,SUCESSO,replanner setup 0.71s,396.1523509988183,396.1523509988183,0,,,0.21733980552447177,,1,3.765032658883365,3.9953222854949333,-0.23028962661156838,0.23028962661156838,3.9953222854949333,0.0,0.0,182.2732610084225,183.46573996710578,5,1.038384005660121,64.40000000000038,1.2735874859990872
C1,K4,0.02,rrt_star,,25,SUCESSO,,5014.669543001219,482.1017510003003,0,,,2.686907421893202,,1,3.855097797580392,4.12317792840619,-0.26808013082579807,0.26808013082579807,4.12317792840619,0.0,0.0,186.6335066903001,188.04300717868895,5,1.172557798578266,66.4000000000004,5.172501098999419
C1,K4,0.02,rrt_star,,26,SUCESSO,,5012.555587998577,366.46870599906833,0,,,2.7757744555441226,,1,3.730103057454252,3.9571980738960493,-0.22709501644179708,0.22709501644179708,3.9571980738960493,0.0,0.0,180.58223635522245,181.77520035223878,3,1.1196983653181984,63.80000000000037,5.12347549200058
C1,K4,0.02,rrt_star,,27,SUCESSO,,5014.250297999752,302.86772699946596,0,,,2.7461929859277694,,1,3.7715576292355157,4.007484760892593,-0.23592713165707746,0.23592713165707746,4.007484760892593,0.0,0.0,182.5891451800408,183.82456114493056,4,1.4420386027721646,64.60000000000038,5.1600486310017
C1,K4,0.02,rrt_star,,28,SUCESSO,,5012.790960998245,497.1400709982845,0,,,2.741612835506001,,1,3.7767589274721596,4.007606799160908,-0.23084787168874854,0.23084787168874854,4.007606799160908,0.0,0.0,182.84095026397364,184.0371484475254,4,1.7170786330121803,64.60000000000038,5.15932304099988
C1,K4,0.02,rrt_star,,29,SUCESSO,,5009.904840000672,471.5154170007736,0,,,2.7633980696610108,,1,3.7448276120207598,3.9696864859556578,-0.224858873934898,0.224858873934898,3.9696864859556578,0.0,0.0,181.29508357857551,182.46423795276831,3,1.1272531963238501,64.00000000000037,5.1446753820000595
C1,K4,0.1,rrt_star,,0,SUCESSO,,5010.812622998856,534.2688239979907,0,,,2.7359496423337095,,1,3.783082921043269,4.019774867427998,-0.2366919463847288,0.2366919463847288,4.019774867427998,0.0,0.0,183.14710714941134,184.380906284034,3,1.506327947580901,64.80000000000038,5.1602501980014495
C1,K4,0.1,rrt_star,,1,SUCESSO,,5014.239136999095,323.45120799982396,0,,,2.7233017039555643,,1,3.8032516767150417,4.046218423267899,-0.24296674655285688,0.24296674655285688,4.046218423267899,0.0,0.0,184.12352658965293,185.34460869215258,5,1.146702990968544,65.20000000000039,5.174286240000583
C1,K4,0.1,rrt_star,,2,SUCESSO,,5015.046276999783,647.7086909999343,0,,,2.615966206930483,,1,3.959940083133339,4.193515628950151,-0.23357554581681228,0.23357554581681228,4.193515628950151,0.0,0.0,191.70913843280596,192.92993593419553,4,1.7387688456726627,67.60000000000042,5.163895732001038
C1,K4,0.1,rrt_star,,3,SUCESSO,,5016.519745999176,449.49314999939816,0,,,2.7617825203078166,,1,3.751965437215674,3.982679878779736,-0.23071444156406207,0.23071444156406207,3.982679878779736,0.0,0.0,181.64065088803792,182.84097603819802,5,1.157278377739201,64.20000000000037,5.170094027998857
C1,K4,0.1,rrt_star,,4,SUCESSO,,5009.276019001845,514.4124240014207,0,,,2.740766938605851,,1,3.7752755761166465,4.00724142482896,-0.23196584871231352,0.23196584871231352,4.00724142482896,0.0,0.0,182.76913474262497,184.00110593414192,3,1.7633937452304194,64.60000000000038,5.152349792999303
C1,K4,0.1,rrt_star,,5,SUCESSO,,5016.459200001918,371.948505000546,0,,,2.774031940269117,,1,3.7353528037906756,3.9697882540637,-0.2344354502730246,0.2344354502730246,3.9697882540637,0.0,0.0,180.8363893429164,182.06154526217813,5,1.0540455725896982,64.00000000000037,5.169338267000057
C1,K4,0.1,rrt_star,,6,SUCESSO,,5011.85568100118,427.84920600024634,0,,,2.7601251448125015,,1,3.750727975429247,3.982417485788162,-0.23168951035891494,0.23168951035891494,3.982417485788162,0.0,0.0,181.58074065665747,182.81014311689216,4,1.1121790978327208,64.20000000000037,5.159790187000908
C1,K4,0.1,rrt_star,,7,SUCESSO,,5015.602812001816,448.09838500077603,0,,,2.7640873464205167,,1,3.748151710102392,4.021527608415574,-0.27337589831318176,0.27337589831318176,4.021527608415574,0.0,0.0,181.4560172455116,182.58549804939756,5,0.8107101217885477,64.80000000000038,5.1651383619991975
C1,K4,0.1,astar,2.0,0,SUCESSO,replanner setup 5.67s,2937.876663998395,2937.876663998395,0,,,1.609485220094245,,1,3.7704429203527594,4.007200554783392,-0.23675763443063236,0.23675763443063236,4.007200554783392,0.0,0.0,182.53517505593277,183.7509805886891,3,1.0872710134282992,64.60000000000038,8.772244850999414
C1,K4,0.1,astar,2.0,1,SUCESSO,replanner setup 5.64s,2956.2497090009856,2956.2497090009856,0,,,1.6169215963119377,,1,3.7765736392384084,4.007217024396639,-0.2306433851582308,0.2306433851582308,4.007217024396639,0.0,0.0,182.83197625314318,184.04199945561007,3,1.6162198992207797,64.60000000000038,8.750564788999327
C1,K4,0.1,astar,2.0,2,SUCESSO,replanner setup 5.65s,2968.9772100009577,2968.9772100009577,0,,,1.6260287711990273,,1,3.7715896843214654,4.007180468687559,-0.2355907843660936,0.2355907843660936,4.007180468687559,0.0,0.0,182.59069350978615,183.80972826626774,3,1.2258217365733675,64.60000000000038,8.777618005999102
C1,K4,0.1,rrt_star,,8,SUCESSO,,5018.946608000988,527.2990129997197,0,,,2.7444615642249577,,1,3.7774714778408867,4.022005991888924,-0.24453451404803728,0.24453451404803728,4.022005991888924,0.0,0.0,182.87545627983135,184.11783375804322,6,1.2055392841174286,64.80000000000038,5.177023475000169
C1,K4,0.1,rrt_star,,9,SUCESSO,,5012.078863001079,357.56450000008044,0,,,2.766643324215611,,1,3.742057686850857,3.9698433885858284,-0.22778570173497137,0.22778570173497137,3.9698433885858284,0.0,0.0,181.16100543687128,182.3521638773434,4,1.1479531198521489,64.00000000000037,5.159509823000917
C1,K4,0.1,rrt_star,,10,SUCESSO,,5016.2911740007985,381.7505090009945,0,,,2.7666441595763853,,1,3.7452017387321628,3.995489528581925,-0.2502877898497622,0.2502877898497622,3.995489528581925,0.0,0.0,181.31320418050683,182.51803339952835,6,1.1417657893762505,64.40000000000038,5.168941576999714
C1,K4,0.1,rrt_star,,11,SUCESSO,,5016.860787998667,382.735404999039,0,,,2.7208957838870087,,1,3.8086047151073705,4.0589341182901455,-0.25032940318277497,0.25032940318277497,4.0589341182901455,0.0,0.0,184.38268814661086,185.62121728358903,5,1.2099525411969658,65.40000000000039,5.175176738001028
C1,K4,0.1,rrt_star,,12,SUCESSO,,5010.096312000314,376.38571800016507,0,,,2.7547960731136505,,1,3.7566645766796825,3.9821712975739225,-0.22550672089424006,0.22550672089424006,3.9821712975739225,0.0,0.0,181.86813756916592,183.0393487675297,3,1.2969115159570035,64.20000000000037,5.150195349999194
C1,K4,0.1,rrt_star,,13,SUCESSO,,5015.27945899943,525.2972979997139,0,,,2.712796105821264,,1,3.818771887674434,4.136122924087534,-0.31735103641310003,0.31735103641310003,4.136122924087534,0.0,0.0,184.87491368176816,186.60254823485397,5,0.5280529672466514,66.6000000000004,5.17203606899966
C1,K4,0.1,rrt_star,,14,SUCESSO,,5010.103001000971,522.176959000717,0,,,2.746269946718012,,1,3.7683324856249274,3.9946728312330557,-0.22634034560812832,0.22634034560812832,3.9946728312330557,0.0,0.0,182.43301271196594,183.6066114004016,3,2.718903676866698,64.40000000000038,5.147505072998683
C1,K4,0.1,rrt_star,,15,SUCESSO,,5015.7496579977305,463.3112989977235,0,,,2.7172439393818317,,1,3.8128787807461197,4.058424850511967,-0.24554606976584736,0.24554606976584736,4.058424850511967,0.0,0.0,184.58959776496198,185.85544860175764,4,1.2179714252990879,65.40000000000039,5.156521977998636
C1,K4,0.1,rrt_star,,16,SUCESSO,,5015.070226998432,464.40004899886844,0,,,2.728157507125851,,1,3.797111618512985,4.059437293560437,-0.2623256750474523,0.2623256750474523,4.059437293560437,0.0,0.0,183.82627153671464,185.0802848650012,5,0.7473576170311131,65.40000000000039,5.168019789000027
C1,K4,0.1,rrt_star,,17,SUCESSO,,5014.1397540010075,424.25010099941574,0,,,2.7576714331939858,,1,3.755776235910665,3.9950053656428874,-0.23922912973222266,0.23922912973222266,3.9950053656428874,0.0,0.0,181.82513310490867,182.99669094877905,4,1.4213381985023616,64.40000000000038,5.165183359998991
C1,K4,0.1,rrt_star,,18,SUCESSO,,5012.303190000239,648.0736670000624,0,,,2.750295672063235,,1,3.7644691169396896,3.995008045748344,-0.23053892880865456,0.23053892880865456,3.995008045748344,0.0,0.0,182.24597598410486,183.45298571008863,4,1.8133381680964553,64.40000000000038,5.16072364700085
C1,K4,0.1,rrt_star,,19,SUCESSO,,5008.507317999829,652.8921909994096,0,,,2.71753711864154,,1,3.806962704003706,4.0449424364210635,-0.2379797324173576,0.2379797324173576,4.0449424364210635,0.0,0.0,184.30317965642047,185.5245793789855,3,1.337970806749988,65.20000000000039,5.158540772999913
C1,K4,0.1,rrt_star,,20,SUCESSO,,5015.831753000384,331.68043800105806,0,,,2.763287349535675,,1,3.74940800626686,3.9959293863435903,-0.24652138007673008,0.24652138007673008,3.9959293863435903,0.0,0.0,181.51683551271682,182.67930402939595,5,0.8546798363143611,64.40000000000038,5.163057477000621
C1,K4,0.2,astar,4.0,0,SUCESSO,replanner setup 0.70s,385.7863399989583,385.7863399989583,0,,,0.21105999148567686,,1,3.7756065722250014,4.00831227033401,-0.23270569810900898,0.23270569810900898,4.00831227033401,0.0,0.0,182.78515851505605,183.98847874173592,5,1.0471057818289156,64.60000000000038,1.2479379920005158
C1,K4,0.2,astar,4.0,1,SUCESSO,replanner setup 0.72s,398.8604719997966,398.8604719997966,0,,,0.21973330200243985,,1,3.7494789539134565,3.995128466634942,-0.2456495127214855,0.2456495127214855,3.995128466634942,0.0,0.0,181.52026495982287,182.74856057672827,5,1.6244365947640595,64.40000000000038,1.2670280010006536
C1,K4,0.2,astar,4.0,2,SUCESSO,replanner setup 0.71s,412.11892499995884,412.11892499995884,0,,,0.22609949628372292,,1,3.765032658883365,3.9953222854949333,-0.23028962661156838,0.23028962661156838,3.9953222854949333,0.0,0.0,182.2732610084225,183.46573996710578,5,1.038384005660121,64.40000000000038,1.2699718730000313
C1,K4,0.1,rrt_star,,21,SUCESSO,,5009.579705998476,366.36987199926807,0,,,2.7623842792533364,,1,3.7459588391146452,3.982109721762707,-0.2361508826480616,0.2361508826480616,3.982109721762707,0.0,0.0,181.3498485211677,182.55605265806258,3,1.815959409849821,64.20000000000037,5.141915070998948
C1,K4,0.1,rrt_star,,22,SUCESSO,,5016.099770000437,540.6955010003003,0,,,2.7105913119826175,,1,3.822503647659701,4.135730203985465,-0.31322655632576346,0.31322655632576346,4.135730203985465,0.0,0.0,185.05555403449935,186.77938912639638,4,0.8721140072708096,66.6000000000004,5.160626699000204
C1,K4,0.1,rrt_star,,23,SUCESSO,,5013.998092998008,474.5584929987672,0,,,2.7561167548666194,,1,3.757788436715333,3.995522231372705,-0.23773379465737188,0.23773379465737188,3.995522231372705,0.0,0.0,181.92255767628603,183.143354134826,5,1.3148314175286457,64.40000000000038,5.163801380998848
C1,K4,0.1,rrt_star,,24,SUCESSO,,5012.368374998914,379.05828199836833,0,,,2.7495007563654394,,1,3.765606491046268,3.995037660368379,-0.22943116932211094,0.22943116932211094,3.995037660368379,0.0,0.0,182.3010364115977,183.4947532303562,4,1.3749632194898695,64.40000000000038,5.164235563999682
C1,K4,0.1,rrt_star,,25,SUCESSO,,5014.842167000097,476.4651719997346,0,,,2.686999915466269,,1,3.855097797580392,4.12317792840619,-0.26808013082579807,0.26808013082579807,4.12317792840619,0.0,0.0,186.6335066903001,188.04300717868895,5,1.172557798578266,66.4000000000004,5.173456921000252
C1,K4,0.1,rrt_star,,26,SUCESSO,,5012.40511099968,365.4049850010779,0,,,2.7756911267505857,,1,3.730103057454252,3.9571980738960493,-0.22709501644179708,0.22709501644179708,3.9571980738960493,0.0,0.0,180.58223635522245,181.77520035223878,3,1.1196983653181984,63.80000000000037,5.124299528000847
C1,K4,0.1,rrt_star,,27,SUCESSO,,5014.553437000359,297.27815899968846,0,,,2.746359008393293,,1,3.7715576292355157,4.007484760892593,-0.23592713165707746,0.23592713165707746,4.007484760892593,0.0,0.0,182.5891451800408,183.82456114493056,4,1.4420386027721646,64.60000000000038,5.165525922000597
C1,K4,0.1,rrt_star,,28,SUCESSO,,5013.209851998909,498.58799899993755,0,,,2.7418419368096525,,1,3.7767589274721596,4.007606799160908,-0.23084787168874854,0.23084787168874854,4.007606799160908,0.0,0.0,182.84095026397364,184.0371484475254,4,1.7170786330121803,64.60000000000038,5.166519389000314
C1,K4,0.1,rrt_star,,29,SUCESSO,,5011.108926997622,464.458331998685,0,,,2.7640622283205745,,1,3.7448276120207598,3.9696864859556578,-0.224858873934898,0.224858873934898,3.9696864859556578,0.0,0.0,181.29508357857551,182.46423795276831,3,1.1272531963238501,64.00000000000037,5.1518752980009594
C1,K4,0.2,rrt_star,,0,SUCESSO,,5011.031882999305,534.9032449994411,0,,,2.736069360304614,,1,3.783082921043269,4.019774867427998,-0.2366919463847288,0.2366919463847288,4.019774867427998,0.0,0.0,183.14710714941134,184.380906284034,3,1.506327947580901,64.80000000000038,5.1657521780016395
C1,K4,0.2,rrt_star,,1,SUCESSO,,5016.667466999934,324.85804600037227,0,,,2.724620563118115,,1,3.8032516767150417,4.046218423267899,-0.24296674655285688,0.24296674655285688,4.046218423267899,0.0,0.0,184.12352658965293,185.34460869215258,5,1.146702990968544,65.20000000000039,5.183343312999568
C1,K4,0.2,rrt_star,,2,SUCESSO,,5016.329396999936,632.5317619994166,0,,,2.616635512530958,,1,3.959940083133339,4.193515628950151,-0.23357554581681228,0.23357554581681228,4.193515628950151,0.0,0.0,191.70913843280596,192.92993593419553,4,1.7387688456726627,67.60000000000042,5.173305239000911
C1,K4,0.2,rrt_star,,3,SUCESSO,,5017.806722002206,449.2326220024552,0,,,2.762491048931083,,1,3.751965437215674,3.982679878779736,-0.23071444156406207,0.23071444156406207,3.982679878779736,0.0,0.0,181.64065088803792,182.84097603819802,5,1.157278377739201,64.20000000000037,5.180361244998494
C1,K4,0.2,rrt_star,,4,SUCESSO,,5010.043428999779,524.5653219990345,0,,,2.7411868180340786,,1,3.7752755761166465,4.00724142482896,-0.23196584871231352,0.23196584871231352,4.00724142482896,0.0,0.0,182.76913474262497,184.00110593414192,3,1.7633937452304194,64.60000000000038,5.1606248829994
C1,K4,0.2,rrt_star,,5,SUCESSO,,5016.991565998978,390.0610239998059,0,,,2.7743263312371043,,1,3.7353528037906756,3.9697882540637,-0.2344354502730246,0.2344354502730246,3.9697882540637,0.0,0.0,180.8363893429164,182.06154526217813,5,1.0540455725896982,64.00000000000037,5.17419715700089
C1,K4,0.2,rrt_star,,6,SUCESSO,,5013.452307000989,446.6346990011516,0,,,2.7610044374037948,,1,3.750727975429247,3.982417485788162,-0.23168951035891494,0.23168951035891494,3.982417485788162,0.0,0.0,181.58074065665747,182.81014311689216,4,1.1121790978327208,64.20000000000037,5.163928219000809
C1,K4,0.2,rrt_star,,7,SUCESSO,,5014.956784001697,463.8428930011287,0,,,2.763731321853282,,1,3.748151710102392,4.021527608415574,-0.27337589831318176,0.27337589831318176,4.021527608415574,0.0,0.0,181.4560172455116,182.58549804939756,5,0.8107101217885477,64.80000000000038,5.164256129000933
C1,K4,0.2,rrt_star,,8,SUCESSO,,5020.406181998624,541.3331709987688,0,,,2.745259688821515,,1,3.7774714778408867,4.022005991888924,-0.24453451404803728,0.24453451404803728,4.022005991888924,0.0,0.0,182.87545627983135,184.11783375804322,6,1.2055392841174286,64.80000000000038,5.180341764000332
C1,K4,0.2,astar,2.0,0,SUCESSO,replanner setup 5.85s,3015.199413999653,3015.199413999653,0,,,1.6518456856744077,,1,3.7704429203527594,4.007200554783392,-0.23675763443063236,0.23675763443063236,4.007200554783392,0.0,0.0,182.53517505593277,183.7509805886891,3,1.0872710134282992,64.60000000000038,9.026669065999158
C1,K4,0.2,astar,2.0,1,SUCESSO,replanner setup 5.86s,3035.4604980002478,3035.4604980002478,0,,,1.6602459592721617,,1,3.7765736392384084,4.007217024396639,-0.2306433851582308,0.2306433851582308,4.007217024396639,0.0,0.0,182.83197625314318,184.04199945561007,3,1.6162198992207797,64.60000000000038,9.053850382000746
C1,K4,0.2,astar,2.0,2,SUCESSO,replanner setup 5.87s,3075.469092000276,3075.469092000276,0,,,1.6843515038379777,,1,3.7715896843214654,4.007180468687559,-0.2355907843660936,0.2355907843660936,4.007180468687559,0.0,0.0,182.59069350978615,183.80972826626774,3,1.2258217365733675,64.60000000000038,9.10537786399982
C1,K4,0.2,rrt_star,,9,SUCESSO,,5012.084922000213,377.4914820005506,0,,,2.766646668753868,,1,3.742057686850857,3.9698433885858284,-0.22778570173497137,0.22778570173497137,3.9698433885858284,0.0,0.0,181.16100543687128,182.3521638773434,4,1.1479531198521489,64.00000000000037,5.160910613998567
C1,K4,0.2,rrt_star,,10,SUCESSO,,5017.388550999385,398.97975599888014,0,,,2.7672493979006134,,1,3.7452017387321628,3.995489528581925,-0.2502877898497622,0.2502877898497622,3.995489528581925,0.0,0.0,181.31320418050683,182.51803339952835,6,1.1417657893762505,64.40000000000038,5.168797190999612
C1,K4,0.2,rrt_star,,11,SUCESSO,,5015.503168002397,391.94410200252605,0,,,2.720159478320626,,1,3.8086047151073705,4.0589341182901455,-0.25032940318277497,0.25032940318277497,4.0589341182901455,0.0,0.0,184.38268814661086,185.62121728358903,5,1.2099525411969658,65.40000000000039,5.172418778000065
C1,K4,0.2,rrt_star,,12,SUCESSO,,5008.871361000274,399.2214160007279,0,,,2.754122535122657,,1,3.7566645766796825,3.9821712975739225,-0.22550672089424006,0.22550672089424006,3.9821712975739225,0.0,0.0,181.86813756916592,183.0393487675297,3,1.2969115159570035,64.20000000000037,5.151139689998672
C1,K4,0.2,rrt_star,,13,SUCESSO,,5016.785134001111,540.7453200004966,0,,,2.71361053487045,,1,3.818771887674434,4.136122924087534,-0.31735103641310003,0.31735103641310003,4.136122924087534,0.0,0.0,184.87491368176816,186.60254823485397,5,0.5280529672466514,66.6000000000004,5.174398114000724
C1,K4,0.2,rrt_star,,14,SUCESSO,,5011.469009999928,532.536964999963,0,,,2.747018719639453,,1,3.7683324856249274,3.9946728312330557,-0.22634034560812832,0.22634034560812832,3.9946728312330557,0.0,0.0,182.43301271196594,183.6066114004016,3,2.718903676866698,64.40000000000038,5.151118073999896
C1,K4,0.2,rrt_star,,15,SUCESSO,,5014.0924459992675,466.4446549995773,0,,,2.7163461574815897,,1,3.8128787807461197,4.058424850511967,-0.24554606976584736,0.24554606976584736,4.058424850511967,0.0,0.0,184.58959776496198,185.85544860175764,4,1.2179714252990879,65.40000000000039,5.1545021399997495
C1,K4,0.2,rrt_star,,16,SUCESSO,,5015.55664999978,460.86562699929345,0,,,2.7284221172913523,,1,3.797111618512985,4.059437293560437,-0.2623256750474523,0.2623256750474523,4.059437293560437,0.0,0.0,183.82627153671464,185.0802848650012,5,0.7473576170311131,65.40000000000039,5.167815985001653
C1,K4,0.2,rrt_star,,17,SUCESSO,,5013.120555999194,422.42185400027665,0,,,2.7571108957235,,1,3.755776235910665,3.9950053656428874,-0.23922912973222266,0.23922912973222266,3.9950053656428874,0.0,0.0,181.82513310490867,182.99669094877905,4,1.4213381985023616,64.40000000000038,5.160394070000621
C1,K4,0.2,rrt_star,,18,SUCESSO,,5011.955846001001,649.7064769991994,0,,,2.7501050812985492,,1,3.7644691169396896,3.995008045748344,-0.23053892880865456,0.23053892880865456,3.995008045748344,0.0,0.0,182.24597598410486,183.45298571008863,4,1.8133381680964553,64.40000000000038,5.159227209000164
C1,K4,0.2,rrt_star,,19,SUCESSO,,5008.570296000471,646.8958730001759,0,,,2.717571289511928,,1,3.806962704003706,4.0449424364210635,-0.2379797324173576,0.2379797324173576,4.0449424364210635,0.0,0.0,184.30317965642047,185.5245793789855,3,1.337970806749988,65.20000000000039,5.157825506001245
C1,K4,0.2,rrt_star,,20,SUCESSO,,5016.476003998832,333.98592499906954,0,,,2.7636422758413417,,1,3.74940800626686,3.9959293863435903,-0.24652138007673008,0.24652138007673008,3.9959293863435903,0.0,0.0,181.51683551271682,182.67930402939595,5,0.8546798363143611,64.40000000000038,5.171685067998624
C1,K5,,astar,4.0,0,SUCESSO,replanner setup 0.72s,384.22131500010437,384.22131500010437,0,,,0.21020378138001614,,1,3.7756065722250014,4.00831227033401,-0.23270569810900898,0.23270569810900898,4.00831227033401,0.0,0.0,182.78515851505605,183.98847874173592,5,1.0471057818289156,64.60000000000038,1.2616707809993386
C1,K5,,astar,4.0,1,SUCESSO,replanner setup 0.72s,414.8805689983419,414.8805689983419,0,,,0.22855881633390646,,1,3.7494789539134565,3.995128466634942,-0.2456495127214855,0.2456495127214855,3.995128466634942,0.0,0.0,181.52026495982287,182.74856057672827,5,1.6244365947640595,64.40000000000038,1.2880363969998143
C1,K5,,astar,4.0,2,SUCESSO,replanner setup 0.72s,405.1191590006056,405.1191590006056,0,,,0.22225923690578278,,1,3.765032658883365,3.9953222854949333,-0.23028962661156838,0.23028962661156838,3.9953222854949333,0.0,0.0,182.2732610084225,183.46573996710578,5,1.038384005660121,64.40000000000038,1.2756166039998789
C1,K4,0.2,rrt_star,,21,SUCESSO,,5010.557277000771,363.24424899976293,0,,,2.7629233318140454,,1,3.7459588391146452,3.982109721762707,-0.2361508826480616,0.2361508826480616,3.982109721762707,0.0,0.0,181.3498485211677,182.55605265806258,3,1.815959409849821,64.20000000000037,5.141426414998932
C1,K4,0.2,rrt_star,,22,SUCESSO,,5015.387997000289,543.9122150000912,0,,,2.7102066853207147,,1,3.822503647659701,4.135730203985465,-0.31322655632576346,0.31322655632576346,4.135730203985465,0.0,0.0,185.05555403449935,186.77938912639638,4,0.8721140072708096,66.6000000000004,5.161605787001463
C1,K4,0.2,rrt_star,,23,SUCESSO,,5014.909268000338,478.7185419991147,0,,,2.7566176135913247,,1,3.757788436715333,3.995522231372705,-0.23773379465737188,0.23773379465737188,3.995522231372705,0.0,0.0,181.92255767628603,183.143354134826,5,1.3148314175286457,64.40000000000038,5.167136444999414
C1,K4,0.2,rrt_star,,24,SUCESSO,,5013.779256998532,381.66734499827726,0,,,2.750274686139724,,1,3.765606491046268,3.995037660368379,-0.22943116932211094,0.22943116932211094,3.995037660368379,0.0,0.0,182.3010364115977,183.4947532303562,4,1.3749632194898695,64.40000000000038,5.168458203999762
C1,K4,0.2,rrt_star,,25,SUCESSO,,5014.881583998431,476.07163499924354,0,,,2.687021035467191,,1,3.855097797580392,4.12317792840619,-0.26808013082579807,0.26808013082579807,4.12317792840619,0.0,0.0,186.6335066903001,188.04300717868895,5,1.172557798578266,66.4000000000004,5.172264606000681
C1,K4,0.2,rrt_star,,26,SUCESSO,,5012.47247900028,369.0204430004087,0,,,2.7757284327458818,,1,3.730103057454252,3.9571980738960493,-0.22709501644179708,0.22709501644179708,3.9571980738960493,0.0,0.0,180.58223635522245,181.77520035223878,3,1.1196983653181984,63.80000000000037,5.124170045999563
C1,K4,0.2,rrt_star,,27,SUCESSO,,5013.388973999099,296.58847699829494,0,,,2.745721257994653,,1,3.7715576292355157,4.007484760892593,-0.23592713165707746,0.23592713165707746,4.007484760892593,0.0,0.0,182.5891451800408,183.82456114493056,4,1.4420386027721646,64.60000000000038,5.156125666999287
C1,K4,0.2,rrt_star,,28,SUCESSO,,5014.269302000685,492.672759000925,0,,,2.7424213748404913,,1,3.7767589274721596,4.007606799160908,-0.23084787168874854,0.23084787168874854,4.007606799160908,0.0,0.0,182.84095026397364,184.0371484475254,4,1.7170786330121803,64.60000000000038,5.1646502210005565
C1,K4,0.2,rrt_star,,29,SUCESSO,,5010.02037300168,460.4042530008883,0,,,2.7634617961552586,,1,3.7448276120207598,3.9696864859556578,-0.224858873934898,0.224858873934898,3.9696864859556578,0.0,0.0,181.29508357857551,182.46423795276831,3,1.1272531963238501,64.00000000000037,5.144163880999258
C1,K5,,rrt_star,,0,SUCESSO,,5010.532638998484,543.9340579996497,0,,,2.7357967685019964,,1,3.783082921043269,4.019774867427998,-0.2366919463847288,0.2366919463847288,4.019774867427998,0.0,0.0,183.14710714941134,184.380906284034,3,1.506327947580901,64.80000000000038,5.160299870000017
C1,K5,,rrt_star,,1,SUCESSO,,5016.095934000987,330.2039580012206,0,,,2.7243101557467524,,1,3.8032516767150417,4.046218423267899,-0.24296674655285688,0.24296674655285688,4.046218423267899,0.0,0.0,184.12352658965293,185.34460869215258,5,1.146702990968544,65.20000000000039,5.175941296000019
C1,K5,,rrt_star,,2,SUCESSO,,5015.8516130013595,638.7648680010898,0,,,2.6163862891488687,,1,3.959940083133339,4.193515628950151,-0.23357554581681228,0.23357554581681228,4.193515628950151,0.0,0.0,191.70913843280596,192.92993593419553,4,1.7387688456726627,67.60000000000042,5.167287465001209
C1,K5,,rrt_star,,3,SUCESSO,,5016.0277470004075,448.12397999885434,0,,,2.7615116563815074,,1,3.751965437215674,3.982679878779736,-0.23071444156406207,0.23071444156406207,3.982679878779736,0.0,0.0,181.64065088803792,182.84097603819802,5,1.157278377739201,64.20000000000037,5.169509456000014
C1,K5,,rrt_star,,4,SUCESSO,,5010.03002500147,514.835044999927,0,,,2.7411794841927666,,1,3.7752755761166465,4.00724142482896,-0.23196584871231352,0.23196584871231352,4.00724142482896,0.0,0.0,182.76913474262497,184.00110593414192,3,1.7633937452304194,64.60000000000038,5.153808795999794
C1,K5,,rrt_star,,5,SUCESSO,,5016.96203100073,371.41369900018617,0,,,2.7743099987951907,,1,3.7353528037906756,3.9697882540637,-0.2344354502730246,0.2344354502730246,3.9697882540637,0.0,0.0,180.8363893429164,182.06154526217813,5,1.0540455725896982,64.00000000000037,5.1687370680010645
C1,K5,,rrt_star,,6,SUCESSO,,5010.695902001316,434.74996900113183,0,,,2.759486432250988,,1,3.750727975429247,3.982417485788162,-0.23168951035891494,0.23168951035891494,3.982417485788162,0.0,0.0,181.58074065665747,182.81014311689216,4,1.1121790978327208,64.20000000000037,5.153950556999916
C1,K5,,rrt_star,,7,SUCESSO,,5015.9874290002335,445.66123699951277,0,,,2.764299307976962,,1,3.748151710102392,4.021527608415574,-0.27337589831318176,0.27337589831318176,4.021527608415574,0.0,0.0,181.4560172455116,182.58549804939756,5,0.8107101217885477,64.80000000000038,5.166419178000069
C1,K5,,astar,2.0,0,SUCESSO,replanner setup 5.60s,2959.6635440011596,2959.6635440011596,0,,,1.6214209360438359,,1,3.7704429203527594,4.007200554783392,-0.23675763443063236,0.23675763443063236,4.007200554783392,0.0,0.0,182.53517505593277,183.7509805886891,3,1.0872710134282992,64.60000000000038,8.722150452000278
C1,K5,,rrt_star,,8,SUCESSO,,5020.0391199996375,516.697197999747,0,,,2.745058971892927,,1,3.7774714778408867,4.022005991888924,-0.24453451404803728,0.24453451404803728,4.022005991888924,0.0,0.0,182.87545627983135,184.11783375804322,6,1.2055392841174286,64.80000000000038,5.179710211999918
C1,K5,,astar,2.0,1,SUCESSO,replanner setup 5.63s,2968.409409999367,2968.409409999367,0,,,1.6235723481375077,,1,3.7765736392384084,4.007217024396639,-0.2306433851582308,0.2306433851582308,4.007217024396639,0.0,0.0,182.83197625314318,184.04199945561007,3,1.6162198992207797,64.60000000000038,8.75721543599866
C1,K5,,astar,2.0,2,SUCESSO,replanner setup 5.67s,2996.830526000849,2996.830526000849,0,,,1.6412832814177525,,1,3.7715896843214654,4.007180468687559,-0.2355907843660936,0.2355907843660936,4.007180468687559,0.0,0.0,182.59069350978615,183.80972826626774,3,1.2258217365733675,64.60000000000038,8.819986701000744
C1,K5,,rrt_star,,9,SUCESSO,,5016.611218001344,362.27385200072604,0,,,2.7691451622846452,,1,3.742057686850857,3.9698433885858284,-0.22778570173497137,0.22778570173497137,3.9698433885858284,0.0,0.0,181.16100543687128,182.3521638773434,4,1.1479531198521489,64.00000000000037,5.171261585001048
C1,K5,,rrt_star,,10,SUCESSO,,5017.1650309985125,381.34525699933874,0,,,2.7671261195095647,,1,3.7452017387321628,3.995489528581925,-0.2502877898497622,0.2502877898497622,3.995489528581925,0.0,0.0,181.31320418050683,182.51803339952835,6,1.1417657893762505,64.40000000000038,5.1793087879996165
C1,K5,,rrt_star,,11,SUCESSO,,5016.493437000463,373.1682590005221,0,,,2.7206965509753425,,1,3.8086047151073705,4.0589341182901455,-0.25032940318277497,0.25032940318277497,4.0589341182901455,0.0,0.0,184.38268814661086,185.62121728358903,5,1.2099525411969658,65.40000000000039,5.18652857699999
C1,K5,,rrt_star,,12,SUCESSO,,5009.086546999242,381.595278999157,0,,,2.754240854912943,,1,3.7566645766796825,3.9821712975739225,-0.22550672089424006,0.22550672089424006,3.9821712975739225,0.0,0.0,181.86813756916592,183.0393487675297,3,1.2969115159570035,64.20000000000037,5.172213501999067
C1,K5,,rrt_star,,13,SUCESSO,,5016.518784999789,521.177208998779,0,,,2.713466465025592,,1,3.818771887674434,4.136122924087534,-0.31735103641310003,0.31735103641310003,4.136122924087534,0.0,0.0,184.87491368176816,186.60254823485397,5,0.5280529672466514,66.6000000000004,5.181907128000603
C1,K5,,rrt_star,,14,SUCESSO,,5011.393408000004,515.9195239994006,0,,,2.7469772786750135,,1,3.7683324856249274,3.9946728312330557,-0.22634034560812832,0.22634034560812832,3.9946728312330557,0.0,0.0,182.43301271196594,183.6066114004016,3,2.718903676866698,64.40000000000038,5.156319350000558
C1,K5,,rrt_star,,15,SUCESSO,,5014.75629199922,470.3538789981394,0,,,2.7167057909647276,,1,3.8128787807461197,4.058424850511967,-0.24554606976584736,0.24554606976584736,4.058424850511967,0.0,0.0,184.58959776496198,185.85544860175764,4,1.2179714252990879,65.40000000000039,5.161780361000638
C1,K5,,rrt_star,,16,SUCESSO,,5016.890384998987,458.8440450006601,0,,,2.7291476583079097,,1,3.797111618512985,4.059437293560437,-0.2623256750474523,0.2623256750474523,4.059437293560437,0.0,0.0,183.82627153671464,185.0802848650012,5,0.7473576170311131,65.40000000000039,5.175479352999901
C1,K5,,rrt_star,,17,SUCESSO,,5014.4331400006195,426.3560640010837,0,,,2.7578327893247923,,1,3.755776235910665,3.9950053656428874,-0.23922912973222266,0.23922912973222266,3.9950053656428874,0.0,0.0,181.82513310490867,182.99669094877905,4,1.4213381985023616,64.40000000000038,5.169359145000271
C1,K5,,rrt_star,,18,SUCESSO,,5013.84980200055,643.3759299998201,0,,,2.7511443119259043,,1,3.7644691169396896,3.995008045748344,-0.23053892880865456,0.23053892880865456,3.995008045748344,0.0,0.0,182.24597598410486,183.45298571008863,4,1.8133381680964553,64.40000000000038,5.16884816899983
C1,K5,,rrt_star,,19,SUCESSO,,5009.946243999366,643.4761099990283,0,,,2.7183178572062348,,1,3.806962704003706,4.0449424364210635,-0.2379797324173576,0.2379797324173576,4.0449424364210635,0.0,0.0,184.30317965642047,185.5245793789855,3,1.337970806749988,65.20000000000039,5.165951502000098
C1,K6,,astar,4.0,0,ENERGIA_INSUFICIENTE,"plan needs 3.78 Wh, available 11.89 Wh - reserve 10.0 Wh",412.4596609999571,412.4596609999571,0,,,0.2256527085408757,,1,3.7756065722250014,nan,nan,,,,,182.78515851505605,nan,5,nan,nan,0.41544200499993167
C1,K5,,rrt_star,,20,SUCESSO,,5016.771928998423,330.9855459992832,0,,,2.7638053047960693,,1,3.74940800626686,3.9959293863435903,-0.24652138007673008,0.24652138007673008,3.9959293863435903,0.0,0.0,181.51683551271682,182.67930402939595,5,0.8546798363143611,64.40000000000038,5.171766235000177
C1,K6,,astar,4.0,1,ENERGIA_INSUFICIENTE,"plan needs 3.75 Wh, available 11.87 Wh - reserve 10.0 Wh",416.43706299873884,416.43706299873884,0,,,0.22941629304635036,,1,3.7494789539134565,nan,nan,,,,,181.52026495982287,nan,5,nan,nan,0.4193705600009707
C1,K6,,astar,4.0,2,ENERGIA_INSUFICIENTE,"plan needs 3.77 Wh, available 11.88 Wh - reserve 10.0 Wh",407.03142000165826,407.03142000165826,0,,,0.22330835458243659,,1,3.765032658883365,nan,nan,,,,,182.2732610084225,nan,5,nan,nan,0.4099476270002924
C1,K5,,rrt_star,,21,SUCESSO,,5011.310998999761,393.00774200091837,0,,,2.7633389494752327,,1,3.7459588391146452,3.982109721762707,-0.2361508826480616,0.2361508826480616,3.982109721762707,0.0,0.0,181.3498485211677,182.55605265806258,3,1.815959409849821,64.20000000000037,5.149173956000595
C1,K5,,rrt_star,,22,SUCESSO,,5016.127288999996,572.4593020004249,0,,,2.71060618265197,,1,3.822503647659701,4.135730203985465,-0.31322655632576346,0.31322655632576346,4.135730203985465,0.0,0.0,185.05555403449935,186.77938912639638,4,0.8721140072708096,66.6000000000004,5.165702391001105
C1,K5,,rrt_star,,23,SUCESSO,,5014.660595999885,501.4974109999457,0,,,2.756480922460973,,1,3.757788436715333,3.995522231372705,-0.23773379465737188,0.23773379465737188,3.995522231372705,0.0,0.0,181.92255767628603,183.143354134826,5,1.3148314175286457,64.40000000000038,5.17105931200058
C1,K5,,rrt_star,,24,SUCESSO,,5013.497014000677,402.9170009998779,0,,,2.750119863653022,,1,3.765606491046268,3.995037660368379,-0.22943116932211094,0.22943116932211094,3.995037660368379,0.0,0.0,182.3010364115977,183.4947532303562,4,1.3749632194898695,64.40000000000038,5.173613035000017
C1,K5,,rrt_star,,25,SUCESSO,,5016.524075999769,499.3293619991164,0,,,2.687901098233232,,1,3.855097797580392,4.12317792840619,-0.26808013082579807,0.26808013082579807,4.12317792840619,0.0,0.0,186.6335066903001,188.04300717868895,5,1.172557798578266,66.4000000000004,5.193810926999504
C1,K5,,rrt_star,,26,SUCESSO,,5013.47147800152,384.4803210013197,0,,,2.7762816427522496,,1,3.730103057454252,3.9571980738960493,-0.22709501644179708,0.22709501644179708,3.9571980738960493,0.0,0.0,180.58223635522245,181.77520035223878,3,1.1196983653181984,63.80000000000037,5.124445135001224
C1,K6,,astar,2.0,0,ENERGIA_INSUFICIENTE,"plan needs 3.77 Wh, available 11.89 Wh - reserve 10.0 Wh",3069.9456700003793,3069.9456700003793,0,,,1.6818378534765592,,1,3.7704429203527594,nan,nan,,,,,182.53517505593277,nan,3,nan,nan,3.078293525000845
C1,K6,,astar,2.0,1,ENERGIA_INSUFICIENTE,"plan needs 3.78 Wh, available 11.89 Wh - reserve 10.0 Wh",3030.0837969989516,3030.0837969989516,0,,,1.6573051711718068,,1,3.7765736392384084,nan,nan,,,,,182.83197625314318,nan,3,nan,nan,3.037512656999752
C1,K6,,astar,2.0,2,ENERGIA_INSUFICIENTE,"plan needs 3.77 Wh, available 11.89 Wh - reserve 10.0 Wh",2989.9920910011133,2989.9920910011133,0,,,1.6375380549397285,,1,3.7715896843214654,nan,nan,,,,,182.59069350978615,nan,3,nan,nan,2.9978704109998944
C1,K5,,rrt_star,,27,SUCESSO,,5013.644552998812,309.88561199956166,0,,,2.745861232909077,,1,3.7715576292355157,4.007484760892593,-0.23592713165707746,0.23592713165707746,4.007484760892593,0.0,0.0,182.5891451800408,183.82456114493056,4,1.4420386027721646,64.60000000000038,5.161027938000188
C1,K5,,rrt_star,,28,SUCESSO,,5013.175513000533,516.1038790010934,0,,,2.741823156006815,,1,3.7767589274721596,4.007606799160908,-0.23084787168874854,0.23084787168874854,4.007606799160908,0.0,0.0,182.84095026397364,184.0371484475254,4,1.7170786330121803,64.60000000000038,5.160046572998908
C1,K5,,rrt_star,,29,SUCESSO,,5010.65792299778,485.19586299880757,0,,,2.763813460405339,,1,3.7448276120207598,3.9696864859556578,-0.224858873934898,0.224858873934898,3.9696864859556578,0.0,0.0,181.29508357857551,182.46423795276831,3,1.1272531963238501,64.00000000000037,5.1472244240012515
C1,K6,,rrt_star,,0,ENERGIA_INSUFICIENTE,"plan needs 3.78 Wh, available 11.89 Wh - reserve 10.0 Wh",5009.635669001,562.3241520006559,0,,,2.7353070146579714,,1,3.783082921043269,nan,nan,,,,,183.14710714941134,nan,3,nan,nan,5.012318697999945
C1,K6,,rrt_star,,1,ENERGIA_INSUFICIENTE,"plan needs 3.80 Wh, available 11.90 Wh - reserve 10.0 Wh",5014.549808000083,344.65873800036206,0,,,2.723470433615887,,1,3.8032516767150417,nan,nan,,,,,184.12352658965293,nan,5,nan,nan,5.017384632999892
C1,K6,,rrt_star,,2,ENERGIA_INSUFICIENTE,"plan needs 3.96 Wh, available 11.98 Wh - reserve 10.0 Wh",5016.0130619988195,661.74767099983,0,,,2.616470504746925,,1,3.959940083133339,nan,nan,,,,,191.70913843280596,nan,4,nan,nan,5.018796647000272
C1,K6,,rrt_star,,3,ENERGIA_INSUFICIENTE,"plan needs 3.75 Wh, available 11.88 Wh - reserve 10.0 Wh",5016.692155000783,465.4352599991398,0,,,2.7618774379381836,,1,3.751965437215674,nan,nan,,,,,181.64065088803792,nan,5,nan,nan,5.0195258669991745
C1,K6,,rrt_star,,4,ENERGIA_INSUFICIENTE,"plan needs 3.78 Wh, available 11.89 Wh - reserve 10.0 Wh",5009.19966299989,511.42069100023946,0,,,2.7407251613101042,,1,3.7752755761166465,nan,nan,,,,,182.76913474262497,nan,3,nan,nan,5.011837215999549
C1,K6,,rrt_star,,5,ENERGIA_INSUFICIENTE,"plan needs 3.74 Wh, available 11.87 Wh - reserve 10.0 Wh",5017.634572001043,370.6700560014724,0,,,2.7746819045840403,,1,3.7353528037906756,nan,nan,,,,,180.8363893429164,nan,5,nan,nan,5.020360785001685
C1,K6,,rrt_star,,6,ENERGIA_INSUFICIENTE,"plan needs 3.75 Wh, available 11.88 Wh - reserve 10.0 Wh",5012.242874001458,441.9076970025344,0,,,2.7603383794313703,,1,3.750727975429247,nan,nan,,,,,181.58074065665747,nan,4,nan,nan,5.014924520999557
C1,K6,,rrt_star,,7,ENERGIA_INSUFICIENTE,"plan needs 3.75 Wh, available 11.87 Wh - reserve 10.0 Wh",5016.398523999669,442.83381500099495,0,,,2.7645258614997803,,1,3.748151710102392,nan,nan,,,,,181.4560172455116,nan,5,nan,nan,5.019093183998848
C1,K6,,rrt_star,,8,ENERGIA_INSUFICIENTE,"plan needs 3.78 Wh, available 11.89 Wh - reserve 10.0 Wh",5020.993217000068,515.6307550005295,0,,,2.7455806914390264,,1,3.7774714778408867,nan,nan,,,,,182.87545627983135,nan,6,nan,nan,5.023683998000706
C1,K6,,rrt_star,,9,ENERGIA_INSUFICIENTE,"plan needs 3.74 Wh, available 11.87 Wh - reserve 10.0 Wh",5012.846910998633,358.1182869984332,0,,,2.767067283000616,,1,3.742057686850857,nan,nan,,,,,181.16100543687128,nan,4,nan,nan,5.015610691998518
C1,K6,,rrt_star,,10,ENERGIA_INSUFICIENTE,"plan needs 3.75 Wh, available 11.87 Wh - reserve 10.0 Wh",5018.896934001532,391.09957900109293,0,,,2.768081319110635,,1,3.7452017387321628,nan,nan,,,,,181.31320418050683,nan,6,nan,nan,5.021665103000487
C1,K6,,rrt_star,,11,ENERGIA_INSUFICIENTE,"plan needs 3.81 Wh, available 11.90 Wh - reserve 10.0 Wh",5016.443168997284,381.86486499762395,0,,,2.720669288110437,,1,3.8086047151073705,nan,nan,,,,,184.38268814661086,nan,5,nan,nan,5.019113749000098
C1,K6,,rrt_star,,12,ENERGIA_INSUFICIENTE,"plan needs 3.76 Wh, available 11.88 Wh - reserve 10.0 Wh",5009.685204999187,384.39670899970224,0,,,2.7545700263708714,,1,3.7566645766796825,nan,nan,,,,,181.86813756916592,nan,3,nan,nan,5.012328337999861
C1,K6,,rrt_star,,13,ENERGIA_INSUFICIENTE,"plan needs 3.82 Wh, available 11.91 Wh - reserve 10.0 Wh",5017.809472001318,528.0340620010975,0,,,2.714164605717493,,1,3.818771887674434,nan,nan,,,,,184.87491368176816,nan,5,nan,nan,5.020576955001161
C1,K6,,rrt_star,,14,ENERGIA_INSUFICIENTE,"plan needs 3.77 Wh, available 11.88 Wh - reserve 10.0 Wh",5011.215770999115,518.5683729996526,0,,,2.746879907591651,,1,3.7683324856249274,nan,nan,,,,,182.43301271196594,nan,3,nan,nan,5.013826628999595
C1,K6,,rrt_star,,15,ENERGIA_INSUFICIENTE,"plan needs 3.81 Wh, available 11.91 Wh - reserve 10.0 Wh",5014.811619001193,500.35124799978803,0,,,2.7167357639440524,,1,3.8128787807461197,nan,nan,,,,,184.58959776496198,nan,4,nan,nan,5.017396916000507
C1,K6,,rrt_star,,16,ENERGIA_INSUFICIENTE,"plan needs 3.80 Wh, available 11.90 Wh - reserve 10.0 Wh",5017.0310600005905,479.37023300073633,0,,,2.7292241843672302,,1,3.797111618512985,nan,nan,,,,,183.82627153671464,nan,5,nan,nan,5.01980918299887
C1,K6,,rrt_star,,17,ENERGIA_INSUFICIENTE,"plan needs 3.76 Wh, available 11.88 Wh - reserve 10.0 Wh",5014.695286998176,443.77573799829406,0,,,2.757976964661326,,1,3.755776235910665,nan,nan,,,,,181.82513310490867,nan,4,nan,nan,5.017442600999857
C1,K6,,rrt_star,,18,ENERGIA_INSUFICIENTE,"plan needs 3.76 Wh, available 11.88 Wh - reserve 10.0 Wh",5012.568652000482,692.4012819999916,0,,,2.750441333441386,,1,3.7644691169396896,nan,nan,,,,,182.24597598410486,nan,4,nan,nan,5.015390366999782
C1,K6,,rrt_star,,19,ENERGIA_INSUFICIENTE,"plan needs 3.81 Wh, available 11.90 Wh - reserve 10.0 Wh",5010.0195269988035,684.3253289989661,0,,,2.7183576194065258,,1,3.806962704003706,nan,nan,,,,,184.30317965642047,nan,3,nan,nan,5.012683070001003
C1,K6,,rrt_star,,20,ENERGIA_INSUFICIENTE,"plan needs 3.75 Wh, available 11.87 Wh - reserve 10.0 Wh",5016.959957001745,338.65821700237575,0,,,2.76390889188362,,1,3.74940800626686,nan,nan,,,,,181.51683551271682,nan,5,nan,nan,5.019780438000453
C5,K1,,astar,2.0,0,SUCESSO,replanner setup 0.26s,144.13297299870464,144.13297299870464,0,,,0.3428098629487733,,1,0.4438039182386539,0.45549658981314645,-0.011692671574492552,0.011692671574492552,0.0,0.45549658981314645,0.0,42.04458172787248,42.19926177729943,3,1.6883038491373044,43.200000000000074,0.4744095699988975
C1,K6,,rrt_star,,21,ENERGIA_INSUFICIENTE,"plan needs 3.75 Wh, available 11.87 Wh - reserve 10.0 Wh",5010.539196000536,383.0083819993888,0,,,2.762913361582263,,1,3.7459588391146452,nan,nan,,,,,181.3498485211677,nan,3,nan,nan,5.0132412430011755
C5,K1,,astar,2.0,1,SUCESSO,replanner setup 0.27s,156.0342490010953,156.0342490010953,0,,,0.3754550448569305,,1,0.4386752039856225,0.4515941846700254,-0.012918980684402892,0.012918980684402892,0.0,0.4515941846700254,0.0,41.55870353548003,41.724353513756334,4,1.9162530070310306,42.80000000000007,0.4907093059991894
C5,K1,,astar,2.0,2,SUCESSO,replanner setup 0.23s,132.07493700065243,132.07493700065243,0,,,0.3130253299536342,,1,0.44537109351929655,0.45797141943622605,-0.0126003259169295,0.0126003259169295,0.0,0.45797141943622605,0.0,42.193050964985986,42.31724224112543,3,1.7802502330949448,43.40000000000008,0.4357855460002611
C1,K6,,rrt_star,,22,ENERGIA_INSUFICIENTE,"plan needs 3.82 Wh, available 11.91 Wh - reserve 10.0 Wh",5015.444123999259,566.3874940000824,0,,,2.710237015131275,,1,3.822503647659701,nan,nan,,,,,185.05555403449935,nan,4,nan,nan,5.018198826999651
C1,K6,,rrt_star,,23,ENERGIA_INSUFICIENTE,"plan needs 3.76 Wh, available 11.88 Wh - reserve 10.0 Wh",5013.977487997181,502.9058689979138,0,,,2.7561054286181923,,1,3.757788436715333,nan,nan,,,,,181.92255767628603,nan,5,nan,nan,5.016753913001594
C5,K1,,astar,1.0,2,SUCESSO,replanner setup 1.86s,918.8902659989253,918.8902659989253,0,,,2.2145557269721974,,1,0.4379838869745746,0.45137254236610824,-0.013388655391533666,0.013388655391533666,0.0,0.45137254236610824,0.0,41.4932103449597,41.67601807842318,4,1.8185495828803013,42.80000000000007,2.8479678019994026
C1,K6,,rrt_star,,24,ENERGIA_INSUFICIENTE,"plan needs 3.77 Wh, available 11.88 Wh - reserve 10.0 Wh",5013.741751998168,395.2051969990862,0,,,2.7502541130255485,,1,3.765606491046268,nan,nan,,,,,182.3010364115977,nan,4,nan,nan,5.016521804998774
C5,K1,,astar,1.0,0,SUCESSO,replanner setup 2.05s,1018.994054000359,1018.994054000359,0,,,2.4612495039859663,,1,0.4370157649747523,0.4491303153846481,-0.012114550409895786,0.012114550409895786,0.0,0.4491303153846481,0.0,41.401493523923904,41.60059888633174,4,1.7170397033122202,42.600000000000065,3.1385283319996233
C1,K6,,rrt_star,,25,ENERGIA_INSUFICIENTE,"plan needs 3.86 Wh, available 11.93 Wh - reserve 10.0 Wh",5015.1627989998815,503.4233030000905,0,,,2.6871717131276163,,1,3.855097797580392,nan,nan,,,,,186.6335066903001,nan,5,nan,nan,5.017974725000386
C5,K1,,astar,1.0,1,SUCESSO,replanner setup 2.13s,1036.2696800002595,1036.2696800002595,0,,,2.5029125946997492,,1,0.43702693417836636,0.44913065750286624,-0.012103723324499882,0.012103723324499882,0.0,0.44913065750286624,0.0,41.40255165900314,41.600392077028914,4,1.5059461385894326,42.600000000000065,3.235443509000106
C1,K6,,rrt_star,,26,ENERGIA_INSUFICIENTE,"plan needs 3.73 Wh, available 11.87 Wh - reserve 10.0 Wh",5012.752927001202,386.84990700130584,0,,,2.7758837348434646,,1,3.730103057454252,nan,nan,,,,,180.58223635522245,nan,3,nan,nan,5.0154168760000175
C1,K6,,rrt_star,,27,ENERGIA_INSUFICIENTE,"plan needs 3.77 Wh, available 11.89 Wh - reserve 10.0 Wh",5014.764602001378,320.97197600160143,0,,,2.746474658751813,,1,3.7715576292355157,nan,nan,,,,,182.5891451800408,nan,4,nan,nan,5.017469664999226
C1,K6,,rrt_star,,28,ENERGIA_INSUFICIENTE,"plan needs 3.78 Wh, available 11.89 Wh - reserve 10.0 Wh",5013.148468999134,502.81715100027213,0,,,2.741808365008759,,1,3.7767589274721596,nan,nan,,,,,182.84095026397364,nan,4,nan,nan,5.01573913899847
C1,K6,,rrt_star,,29,ENERGIA_INSUFICIENTE,"plan needs 3.74 Wh, available 11.87 Wh - reserve 10.0 Wh",5009.812118998525,477.21183999965433,0,,,2.7633469259673613,,1,3.7448276120207598,nan,nan,,,,,181.29508357857551,nan,3,nan,nan,5.0123765019998245
C5,K1,,rrt_star,,0,SUCESSO,,5003.892409999025,160.7730569994601,0,,,10.816875027001954,,1,0.4883005877013165,0.4984413929558358,-0.01014080525451927,0.01014080525451927,0.0,0.4984413929558358,0.0,46.260055676966836,46.057693862002914,3,2.064845301992502,47.20000000000013,5.0839229470002465
C5,K1,,rrt_star,,1,SUCESSO,,5005.5273180005315,144.9989810007537,0,,,11.92425845602666,,1,0.44309775643366406,0.4558441029298979,-0.012746346496233851,0.012746346496233851,0.0,0.4558441029298979,0.0,41.97768218845239,42.12023887600701,4,1.6648760469197748,43.200000000000074,5.075500356999328
C5,K1,,rrt_star,,2,SUCESSO,,5007.89464600166,100.79638500064902,0,,,11.947542500512434,,1,0.442443374024177,0.45562100325631566,-0.013177629232138666,0.013177629232138666,0.0,0.45562100325631566,0.0,41.91568806544835,42.07151070137356,4,2.2025779390218845,43.200000000000074,5.075564660999589
C5,K1,,rrt_star,,3,SUCESSO,,5006.261769000048,113.30535000161035,0,,,11.714785521724844,,1,0.45108699711433803,0.4641113147181327,-0.013024317603794688,0.013024317603794688,0.0,0.4641113147181327,0.0,42.73455762135834,42.84703450208291,4,1.7035398415898846,44.000000000000085,5.081025891999161
C5,K1,,rrt_star,,4,SUCESSO,,5007.039452000754,75.27843300158565,0,,,11.993933294331868,,1,0.44065680379787847,0.45371025197772663,-0.01305344817984816,0.01305344817984816,0.0,0.45371025197772663,0.0,41.74643404400954,41.90734876907963,4,2.266635657803128,43.00000000000007,5.0726349119995575
C5,K1,,rrt_star,,5,SUCESSO,,5005.736708999393,124.16597599985835,0,,,11.51376891705769,,1,0.45891429912273773,0.4707278857008046,-0.01181358657806686,0.01181358657806686,0.0,0.4707278857008046,0.0,43.47609149583831,43.508641655256945,3,1.9008370119164004,44.600000000000094,5.078257993000079
C5,K1,,rrt_star,,6,SUCESSO,,5004.808894002053,122.16278700179828,0,,,10.92649464062768,,1,0.4834902689573136,0.49419764449104403,-0.010707375533730412,0.010707375533730412,0.0,0.49419764449104403,0.0,45.80434126964024,45.62778484627283,3,1.9367410536693295,46.800000000000125,5.09907831000055
C5,K1,,rrt_star,,7,SUCESSO,,5005.423203998362,143.1851289980841,0,,,11.673283456644636,,1,0.45261492111542084,0.4621940036870666,-0.009579082571645747,0.009579082571645747,0.0,0.4621940036870666,0.0,42.879308316197765,42.758602396049234,4,1.6396244942221387,43.80000000000008,5.088495330001024
C5,K1,,rrt_star,,8,SUCESSO,,5003.740438000023,112.41171099936764,0,,,11.710685143315303,,1,0.4510176777234786,0.46411451068892606,-0.013096832965447447,0.013096832965447447,0.0,0.46411451068892606,0.0,42.72799052117168,42.83792977003641,3,2.2386743905550954,44.000000000000085,5.069427084999916
C5,K1,,rrt_star,,9,SUCESSO,,5007.253884999955,100.27682199870469,0,,,12.0189890221845,,1,0.4397570084000453,0.4534554613964487,-0.013698452996403432,0.013698452996403432,0.0,0.4534554613964487,0.0,41.66119026947797,41.838862637165555,3,1.5681128799685076,43.00000000000007,5.07095673799995
C5,K1,,rrt_star,,10,SUCESSO,,5007.522250001784,85.96630600186472,0,,,11.918113474967576,,1,0.4435029035139992,0.45581201441329405,-0.012309110899294873,0.012309110899294873,0.0,0.45581201441329405,0.0,42.016064543431504,42.14215309288193,4,2.045379020447501,43.200000000000074,5.085129581999354
C5,K1,,rrt_star,,11,SUCESSO,,5008.665284998642,135.05377499859605,0,,,11.497907379446081,,1,0.45981623377394665,0.4709721600740025,-0.011155926300055852,0.011155926300055852,0.0,0.4709721600740025,0.0,43.56153793647916,43.40136779793909,4,1.5310907997671013,44.600000000000094,5.076408388998971
C5,K1,,rrt_star,,12,SUCESSO,,5005.577619998803,51.39938499814889,0,,,11.517984449807429,,1,0.4587317588922972,0.4707186206320142,-0.01198686173971697,0.01198686173971697,0.0,0.4707186206320142,0.0,43.458798210849224,43.51361800239482,3,2.399158111212804,44.600000000000094,5.073309797000547
C5,K1,,rrt_star,,13,SUCESSO,,5003.06917799935,129.25986599839234,0,,,11.767230092417982,,1,0.44879019312019036,0.46197807217730197,-0.013187879057111607,0.013187879057111607,0.0,0.46197807217730197,0.0,42.51696566401803,42.63707619544148,3,1.7701906955312916,43.80000000000008,5.07115172200065
C5,K1,,rrt_star,,14,SUCESSO,,5003.198713999154,104.98019499937072,0,,,11.69782479097343,,1,0.45146463487685295,0.4642095356245046,-0.012744900747651666,0.012744900747651666,0.0,0.4642095356245046,0.0,42.7703338304387,42.86684438011116,3,1.6836574815187078,44.000000000000085,5.072881314999904
C5,K1,,rrt_star,,15,SUCESSO,,5010.211369000899,92.24853399973654,0,,,12.067980236299015,,1,0.43823045294266977,0.45146222635516126,-0.013231773412491488,0.013231773412491488,0.0,0.45146222635516126,0.0,41.516569226147666,41.69487214757126,4,1.9852708709519478,42.80000000000007,5.075009244001194
C5,K1,,rrt_star,,16,SUCESSO,,5004.238892999638,89.53015999941272,0,,,11.099269128178904,,1,0.4759099093671249,0.48763387163127636,-0.011723962264151455,0.011723962264151455,0.0,0.48763387163127636,0.0,45.08620194004342,45.02118123097613,3,1.702455025102962,46.20000000000012,5.082003600000462
C5,K1,,rrt_star,,17,SUCESSO,,5005.73655900007,70.23001800007478,0,,,11.996533914177716,,1,0.4404466383623979,0.4535726381954773,-0.013125999833079383,0.013125999833079383,0.0,0.4535726381954773,0.0,41.72652363433243,41.88396456489104,3,1.6456833107014335,43.00000000000007,5.068427336000241
C5,K1,,rrt_star,,18,SUCESSO,,5007.2541020017525,84.34827800192579,0,,,11.91710605432207,,1,0.4435166441712906,0.4579292707944457,-0.014412626623155067,0.014412626623155067,0.0,0.4579292707944457,0.0,42.017366289911735,42.22223567634373,4,1.8788680265920248,43.40000000000008,5.070247936999294
C5,K1,,rrt_star,,19,SUCESSO,,5006.0001379988535,130.63860399961413,0,,,11.526300716614614,,1,0.45843947565586013,0.47069488433017453,-0.012255408674314405,0.012255408674314405,0.0,0.47069488433017453,0.0,43.43110822002885,43.4784151035709,3,2.1942347463593457,44.600000000000094,5.077877438998257
C5,K1,,rrt_star,,20,SUCESSO,,5007.085124001605,111.06288700102596,0,,,11.672349123047256,,1,0.4528014424571692,0.4643289855152605,-0.011527543058091283,0.011527543058091283,0.0,0.4643289855152605,0.0,42.89697875910024,42.93029834234898,4,2.0791195404469205,44.000000000000085,5.088353567000013
C5,K1,,rrt_star,,21,SUCESSO,,5004.954067000654,73.61980200039397,0,,,11.941340999005563,,1,0.44241321566504666,0.4556292460433367,-0.013216030378290056,0.013216030378290056,0.0,0.4556292460433367,0.0,41.912830957741264,42.06272370374514,3,1.6559487033425753,43.200000000000074,5.070492310000191
C5,K2,,astar,2.0,0,SUCESSO,replanner setup 0.27s,147.5548219987104,147.5548219987104,1,114.72790100015118,114.72790100015118,0.3531049886221929,0.274548765188172,1,0.44109349096848377,0.4580634642524117,-0.01696997328392791,0.01696997328392791,0.0,0.4580634642524117,0.0,41.78780440754058,42.25866356441704,3,1.6902793218294976,43.514727901000235,0.6743282679999538
C5,K2,,astar,2.0,1,SUCESSO,replanner setup 0.28s,152.05565799988108,152.05565799988108,1,109.60147700097878,109.60147700097878,0.36582948930974707,0.26368931538801016,1,0.4387377159186101,0.4518986332172503,-0.013160917298640218,0.013160917298640218,0.0,0.4518986332172503,0.0,41.56462571860517,41.724353513756334,3,1.9162530070310306,42.909601477001054,0.6861196390000259
C5,K2,,astar,2.0,2,SUCESSO,replanner setup 0.25s,141.0031089999393,141.0031089999393,1,134.46204300089448,134.46204300089448,0.33973582101071786,0.32397564066269635,1,0.438095148791496,0.45814044706185986,-0.02004529827036383,0.02004529827036383,0.0,0.45814044706185986,0.0,41.50375093814172,42.26837361385815,3,1.7806265839823667,43.53446204300098,0.6711967079991155
C5,K1,,rrt_star,,22,SUCESSO,,5006.647005000559,80.57191599982616,0,,,12.091664971658846,,1,0.4370609070976357,0.44913648474488443,-0.012075577647248759,0.012075577647248759,0.0,0.44913648474488443,0.0,41.40577014609181,41.59956361301634,4,1.5591370165249825,42.600000000000065,5.070609657001114
C5,K1,,rrt_star,,23,SUCESSO,,5004.459089999727,113.36127899994608,0,,,11.469650143071354,,1,0.46056196388786824,0.4727304053679025,-0.012168441480034264,0.012168441480034264,0.0,0.4727304053679025,0.0,43.63218605253489,43.65763042809762,3,1.8215392873648404,44.8000000000001,5.076050495001255
C5,K1,,rrt_star,,24,SUCESSO,,5003.077585000938,105.95468400060781,0,,,11.221348905357631,,1,0.4706231295599219,0.4811714606271326,-0.010548331067210703,0.010548331067210703,0.0,0.4811714606271326,0.0,44.585349116203126,44.52892591730612,3,1.7157571942552257,45.60000000000011,5.080323923000833
C5,K1,,rrt_star,,25,SUCESSO,,5006.390597001882,85.96697800203401,0,,,11.816320739569944,,1,0.4472224074156912,0.4600116324315241,-0.012789225015832906,0.012789225015832906,0.0,0.4600116324315241,0.0,42.36843859727601,42.40578535381968,4,1.5797205751408487,43.60000000000008,5.089374150000367
C5,K1,,rrt_star,,26,SUCESSO,,5010.327601999961,94.17488299914112,0,,,11.91879076748789,,1,0.4437261496250843,0.45590157021846095,-0.012175420593376673,0.012175420593376673,0.0,0.45590157021846095,0.0,42.037214175007975,42.121889013472085,5,1.5318148036317827,43.200000000000074,5.078459795000526
C5,K2,,astar,1.0,2,SUCESSO,replanner setup 1.96s,938.3815300006972,938.3815300006972,1,700.1227800010383,700.1227800010383,2.2674411297197614,1.6917289359125758,1,0.43684214079038874,0.4554471278569764,-0.01860498706658764,0.01860498706658764,0.0,0.4554471278569764,0.0,41.3850449169842,41.853248644387655,3,1.8208937232007063,43.700122780001124,3.7471685009986686
C5,K2,,astar,1.0,0,SUCESSO,replanner setup 2.13s,1036.067359998924,1036.067359998924,1,753.9291289995163,753.9291289995163,2.507005312714044,1.8243064155728463,1,0.43622829685697767,0.45583554730351444,-0.019607250446536773,0.019607250446536773,0.0,0.45583554730351444,0.0,41.32689128118736,41.90686311906918,3,1.720615025852541,43.7539291289996,4.079403507999814
C5,K1,,rrt_star,,27,SUCESSO,,5003.308545999971,90.56319199953577,0,,,11.90086421510666,,1,0.44377198465847073,0.45550999735161474,-0.011738012693144007,0.011738012693144007,0.0,0.45550999735161474,0.0,42.04155644132882,42.19294697152915,3,2.0035376081854257,43.200000000000074,5.066053704000296
C5,K1,,rrt_star,,28,SUCESSO,,5005.371281999032,102.03381499923125,0,,,12.03610985126874,,1,0.43896637116313597,0.45151648964151764,-0.012550118478381667,0.012550118478381667,0.0,0.45151648964151764,0.0,41.58628779440236,41.75817365422018,4,1.6860755649978683,42.80000000000007,5.078463481999279
C5,K2,,astar,1.0,1,SUCESSO,replanner setup 2.15s,1035.9506610002427,1035.9506610002427,1,821.5796139993472,821.5796139993472,2.4985789634047433,1.9815437332883532,1,0.437650156955684,0.45597031726148624,-0.018320160305802247,0.018320160305802247,0.0,0.45597031726148624,0.0,41.461593816854275,41.94417959290978,3,1.9996055151253094,43.82157961399944,4.158566058998986
C5,K1,,rrt_star,,29,SUCESSO,,5003.465718998996,144.23821599848452,0,,,11.334741588720721,,1,0.4659511639839019,0.47676237045818204,-0.010811206474280133,0.010811206474280133,0.0,0.47676237045818204,0.0,44.1427418511065,44.175250217920805,3,1.8816088677595246,45.2000000000001,5.074863263000225
C5,K2,,rrt_star,,0,SUCESSO,,5005.316247999872,133.90013999924122,1,245.0447270002769,245.0447270002769,11.898855433312205,0.5825309804224433,1,0.44402500748914914,0.5326558995682827,-0.0886308920791336,0.0886308920791336,0.0,0.5326558995682827,0.0,42.06552702528781,49.18243831250563,3,2.038619731548847,50.64504472700046,5.458999676999156
C5,K2,,rrt_star,,1,SUCESSO,,5005.876249997527,69.1416309982742,1,265.91042499967443,265.91042499967443,12.046303760577203,0.6398955133283295,1,0.43863915364652206,0.5860970396931652,-0.14745788604664312,0.14745788604664312,0.0,0.5860970396931652,0.0,41.55528824019683,54.097980724653816,3,2.2014736016512617,55.66591042499993,5.438146721000521
C5,K2,,rrt_star,,2,SUCESSO,,5005.772190001153,97.65386400067655,1,218.55049100122415,218.55049100122415,11.89976934922579,0.5195403097387088,1,0.4440313496786382,0.5648554064480246,-0.12082405676938635,0.12082405676938635,0.0,0.5648554064480246,0.0,42.066127864292035,52.207976899104075,3,2.1394268308422566,53.61855049100145,5.418840749000083
C5,K2,,rrt_star,,3,SUCESSO,,5004.766316000314,107.47579999951995,1,138.36875900051382,138.36875900051382,11.797714755248634,0.32617609827393623,1,0.4477823882596581,0.46449567238202316,-0.016713284122365057,0.016713284122365057,0.0,0.46449567238202316,0.0,42.42148941407288,42.84703450208291,3,1.7035398415898846,44.138368759000606,5.296455030000288
C5,K2,,rrt_star,,4,SUCESSO,,5007.031688001007,71.34009600122226,1,138.21709100011503,138.21709100011503,12.070465190825974,0.3332003249933854,1,0.4378621727958863,0.4540941883416158,-0.016232015545729506,0.016232015545729506,0.0,0.4540941883416158,0.0,41.481679528031336,41.90734876907963,3,2.266635657803128,43.13821709100019,5.2910925569995015
C5,K2,,rrt_star,,5,SUCESSO,,5005.646595000144,116.49850899993908,1,267.20297999963805,267.20297999963805,11.557552646329583,0.6169457731368027,1,0.4571675539092738,0.5458061715470708,-0.08863861763779696,0.08863861763779696,0.0,0.5458061715470708,0.0,43.31061037035227,50.394429635339435,3,2.0764499292878686,51.86720297999984,5.437663986998814
C5,K2,,rrt_star,,6,SUCESSO,,5005.850174999068,115.46300299960421,1,133.95698600106698,133.95698600106698,11.796672291021988,0.31567997636843004,1,0.4479189412187399,0.46261657618053686,-0.01469763496179699,0.01469763496179699,0.0,0.46261657618053686,0.0,42.43442601019642,42.69549872492123,3,1.8932079425758208,43.93395698600116,5.295065823000186
C5,K2,,rrt_star,,7,SUCESSO,,5010.345830000006,86.78668399988965,1,179.02589500044996,179.02589500044996,12.0574083333841,0.43082621270276067,1,0.43862646348867246,0.5943100215575511,-0.15568355806887862,0.15568355806887862,0.0,0.5943100215575511,0.0,41.55408601471635,54.84823544062811,3,2.2923703326571285,56.379025895000716,5.367239037999752
C5,K2,,rrt_star,,9,SUCESSO,,5004.745742999148,97.2676319997845,1,131.69260299946473,131.69260299946473,12.043977028296485,0.3169197331434529,1,0.4386248131123321,0.45407027723996546,-0.015445464127633368,0.015445464127633368,0.0,0.45407027723996546,0.0,41.55392966327357,41.93609496553912,3,2.030355055868491,43.13169260299954,5.274301206000018
C5,K2,,rrt_star,,8,SUCESSO,,5005.372379999244,144.88403199902677,1,197.2060629996122,197.2060629996122,12.032657158885105,0.4740732088604742,1,0.4390924260175694,0.579500807167303,-0.14040838114973359,0.14040838114973359,0.0,0.579500807167303,0.0,41.59822983324342,53.61625480811118,3,2.3785629738553884,54.99720606299986,5.395680952000475
C5,K2,,rrt_star,,10,SUCESSO,,5008.786468000835,83.3238720006193,1,136.54670899995835,136.54670899995835,11.987108035141382,0.3267857719793776,1,0.4410615444017238,0.45619131082718284,-0.015129766425459046,0.015129766425459046,0.0,0.45619131082718284,0.0,41.78477789068962,42.14215309288193,3,2.045379020447501,43.33654670900004,5.307478695998725
C5,K2,,rrt_star,,11,SUCESSO,,5005.372379000619,103.56490200138069,1,135.85567199879733,135.85567199879733,11.45604024326294,0.3109395121576348,1,0.46119326661631777,0.4816203551995974,-0.02042708858327963,0.02042708858327963,0.0,0.4816203551995974,0.0,43.69199367944063,44.44278281077485,3,1.99640081279304,45.73585567199891,5.300320184000157
C5,K2,,rrt_star,,12,SUCESSO,,5005.200641999181,71.95308699920133,1,176.081654999507,176.081654999507,11.763145665730349,0.4138244008525435,1,0.44913728814259674,0.49892578995543063,-0.049788501812833896,0.049788501812833896,0.0,0.49892578995543063,0.0,42.54984835035127,46.031666536399555,3,2.294057536195894,47.376081654999645,5.348983699999735
C5,K2,,rrt_star,,13,SUCESSO,,5004.341882000517,126.1241610009165,1,225.1338219994068,225.1338219994068,11.947604001770422,0.5374952023818793,1,0.4421272143487714,0.549596338656995,-0.10746912430822358,0.10746912430822358,0.0,0.549596338656995,0.0,41.885736096199395,50.89140228536991,3,1.8325706216787219,52.22513382199961,5.405152870000165
C5,K2,,rrt_star,,14,SUCESSO,,5005.313882998962,100.39234899886651,1,133.85675300014555,133.85675300014555,11.710319148141142,0.3131682316846879,1,0.45117360250062627,0.4645813599383939,-0.01340775743776762,0.01340775743776762,0.0,0.4645813599383939,0.0,42.742762342164596,42.86684438011116,3,1.6836574815187078,44.13385675300024,5.289116922000176
C5,K2,,rrt_star,,15,SUCESSO,,5007.1320309998555,102.79162299957534,0,,,11.740384068266739,,1,0.45018169780389067,0.4621392374759612,-0.011957539672070527,0.011957539672070527,0.0,0.4621392374759612,0.0,42.64879242352649,42.745826825778416,3,1.6578040804268825,43.80000000000008,5.149458578998747
C5,K2,,rrt_star,,16,SUCESSO,,5005.6291410000995,85.82089899937273,1,131.76542600012908,131.76542600012908,11.521611538184404,0.30328855969412705,1,0.45859206685821446,0.487999886703499,-0.02940781984528451,0.02940781984528451,0.0,0.487999886703499,0.0,43.44556422867296,45.02118123097613,3,1.702455025102962,46.33176542600025,5.294510020999951
C5,K2,,rrt_star,,17,SUCESSO,,5005.039901998316,74.09422199816618,1,133.02741299958143,133.02741299958143,11.594973023777436,0.3081792144228874,1,0.4556369095035993,0.46652505848333975,-0.010888148979740442,0.010888148979740442,0.0,0.46652505848333975,0.0,43.16560195297257,43.173331676307136,3,1.6766240687278025,44.33302741299968,5.307878158000676
C5,K2,,rrt_star,,18,SUCESSO,,5004.667314000471,161.43446800015226,1,311.0731159995339,311.0731159995339,11.712943229832264,0.7280367543785997,1,0.45101425690732627,0.5564164599131706,-0.1054022030058443,0.1054022030058443,0.0,0.5564164599131706,0.0,42.727666443851966,51.335862653597424,3,2.217745348271549,52.91107311599975,5.487778044998777
C5,K2,,rrt_star,,19,SUCESSO,,5006.184752997797,120.57595799888077,1,346.8439299995225,346.8439299995225,12.08068045648704,0.8369868259630797,1,0.4374179208859708,0.5588796621977998,-0.12146174131182902,0.12146174131182902,0.0,0.5588796621977998,0.0,41.439592504986706,51.59402006073989,3,2.2006290470347887,53.14684392999974,5.52779111000018
C5,K2,,rrt_star,,21,SUCESSO,,5004.239248999511,69.22070499967958,1,121.94253999950888,121.94253999950888,11.905733138580858,0.290117092176425,1,0.44367301695124584,0.4559679753211131,-0.01229495836986727,0.01229495836986727,0.0,0.4559679753211131,0.0,42.03218055327592,42.06272370374514,3,1.6559487033425753,43.32194253999959,5.266030953998779
C5,K2,,rrt_star,,20,SUCESSO,,5007.711741000094,78.48153799932334,1,234.92912400070054,234.92912400070054,12.098106539544322,0.5675641327618983,1,0.436921094351061,0.4607437611077288,-0.023822666756667776,0.023822666756667776,0.0,0.4607437611077288,0.0,41.39252472799525,42.51955225539362,3,1.9669276652017573,43.83492912400079,5.379567469000904
C5,K2,,rrt_star,,22,SUCESSO,,5005.122947999553,76.37860399881902,1,167.28384500129323,167.28384500129323,12.11594870221937,0.4049455939050922,1,0.4360521378760679,0.5580647944397629,-0.12201265656369498,0.12201265656369498,0.0,0.5580647944397629,0.0,41.310202535627496,51.66108275635063,3,2.1333447297552572,52.96728384500151,5.341746944000988
C5,K2,,rrt_star,,23,SUCESSO,,5004.520659000264,112.43676499907451,1,209.95434900032706,209.95434900032706,11.642483848360916,0.48843641253301295,1,0.45373046278642504,0.5564728421399198,-0.10274237935349473,0.10274237935349473,0.0,0.5564728421399198,0.0,42.98499121134554,51.38707467367763,3,2.0766199398955814,52.80995434900054,5.379278238000552
C5,K3,,astar,2.0,0,SUCESSO,replanner setup 0.26s,143.42296499853546,143.42296499853546,1,143.94054399963352,143.94054399963352,0.343217278418808,0.3444558670655105,1,0.44109349096848377,0.45814461048296584,-0.01705111951448207,0.01705111951448207,0.0,0.45814461048296584,0.0,41.78780440754058,42.25866356441704,3,1.6902793218294976,43.54394054399972,1.610048047001328
C5,K2,,rrt_star,,25,SUCESSO,,5005.852113999936,77.11113699951966,1,136.06453799911833,136.06453799911833,11.3205035398327,0.3077036734179358,1,0.46675971529268584,0.45816538363347714,0.008594331659208698,0.008594331659208698,0.0,0.45816538363347714,0.0,44.219341448780774,42.27454484518849,3,2.0151663306617005,43.5360645379992,5.28244417499991
C5,K3,,astar,2.0,2,SUCESSO,replanner setup 0.25s,137.40036700073688,137.40036700073688,1,140.68688899897097,140.68688899897097,0.33105529956924135,0.3389739139690155,1,0.438095148791496,0.45815773830074336,-0.02006258950924733,0.02006258950924733,0.0,0.45815773830074336,0.0,41.50375093814172,42.26837361385815,3,1.7806265839823667,43.540686888999055,1.555282277000515
C5,K3,,astar,2.0,1,SUCESSO,replanner setup 0.27s,146.31450900014897,146.31450900014897,1,253.21059899943066,253.21059899943066,0.35201690492946175,0.6091973514056893,1,0.4387377159186101,0.4523007038253108,-0.013562987906700685,0.013562987906700685,0.0,0.4523007038253108,0.0,41.56462571860517,41.726961530290176,3,1.9300561020805942,43.053210598999506,1.7438309299996035
C5,K2,,rrt_star,,24,SUCESSO,,5006.083584001317,124.67924400152697,1,431.67766199985635,431.67766199985635,11.630041956866222,1.0028656606822897,1,0.4543577192813423,0.5525600304732777,-0.09820231119193545,0.09820231119193545,0.0,0.5525600304732777,0.0,43.04441551086401,50.93772841936022,3,2.5778819842345713,52.63167766200007,5.604569074999745
C5,K2,,rrt_star,,26,SUCESSO,,5006.97937699988,91.11858699907316,1,263.82570499845315,263.82570499845315,11.970419939450453,0.6307404608375586,1,0.44151708333358197,0.5820322755362866,-0.1405151922027046,0.1405151922027046,0.0,0.5820322755362866,0.0,41.82793421054988,53.782971611637315,4,2.816517586986522,55.2638257049987,5.447564953999972
C5,K2,,rrt_star,,27,SUCESSO,,5004.18511999851,87.03537299879827,1,313.3670009992784,313.3670009992784,12.002604670328804,0.7516149262123999,1,0.44008742681501384,0.5436738111184877,-0.10358638430347383,0.10358638430347383,0.0,0.5436738111184877,0.0,41.69249306668553,50.250138843835224,3,1.7041813979361693,51.713367000999476,5.506129277999207
C5,K2,,rrt_star,,28,SUCESSO,,5007.999595000001,98.44193299977633,1,148.05957099997613,148.05957099997613,12.040657786082196,0.3559773902826867,1,0.4390309805858423,0.45192776622762865,-0.012896785641786368,0.012896785641786368,0.0,0.45192776622762865,0.0,41.592408687079796,41.75817365422018,4,1.6860755649978683,42.94805957100005,5.326216126999498
C5,K2,,rrt_star,,29,SUCESSO,,5009.436252001251,149.75347300060093,1,162.119962998986,162.119962998986,11.642776357431883,0.37679418946957677,1,0.4541647201379096,0.5940604912272487,-0.1398957710893391,0.1398957710893391,0.0,0.5940604912272487,0.0,43.02613138148617,54.924182032052286,3,2.0327053513415465,56.36211996299925,5.356636948999949
C5,K3,,astar,1.0,2,SUCESSO,replanner setup 2.06s,973.9204330016946,973.9204330016946,1,845.6600420013274,845.6600420013274,2.3533149111117746,2.043395249896837,1,0.43684214079038874,0.45585139802919944,-0.019009257238810695,0.019009257238810695,0.0,0.45585139802919944,0.0,41.3850449169842,41.853248644387655,3,1.8208937232007063,43.84566004200142,4.961961397000778
C5,K3,,astar,1.0,0,SUCESSO,replanner setup 2.30s,1081.2579190023826,1081.2579190023826,1,918.2520169997588,918.2520169997588,2.61635435301805,2.221923760855831,1,0.43622829685697767,0.45629855219472215,-0.02007025533774448,0.02007025533774448,0.0,0.45629855219472215,0.0,41.32689128118736,41.90932938275363,3,1.720615025852541,43.91825201699985,5.366620143000546
C5,K3,,astar,1.0,1,SUCESSO,replanner setup 2.26s,1073.4253949995036,1073.4253949995036,1,969.7737870010315,969.7737870010315,2.5889631733432124,2.3389689052590525,1,0.437650156955684,0.4563819677420465,-0.01873181078636249,0.01873181078636249,0.0,0.4563819677420465,0.0,41.461593816854275,41.94417959290978,3,1.9996055151253094,43.969773787001124,5.396578204999969
C5,K3,,rrt_star,,4,SUCESSO,,5007.039066000289,73.21597300142457,1,175.81910899934883,175.81910899934883,12.070482976989325,0.4238476141751654,1,0.4378621727958863,0.4541986383916137,-0.01633646559572738,0.01633646559572738,0.0,0.4541986383916137,0.0,41.481679528031336,41.90734876907963,3,2.266635657803128,43.17581910899943,6.19118558899936
C5,K3,,rrt_star,,0,SUCESSO,,5004.643208998459,139.73520199942868,1,214.75012399969273,214.75012399969273,11.897255455731969,0.5105133328547033,1,0.44402500748914914,0.5325717478932811,-0.08854674040413196,0.08854674040413196,0.0,0.5325717478932811,0.0,42.06552702528781,49.18243831250563,3,2.038619731548847,50.614750123999876,6.502742403001321
C5,K3,,rrt_star,,3,SUCESSO,,5007.888854999692,119.43295799937914,1,171.67840500042075,171.67840500042075,11.805075503403653,0.40469678781119894,1,0.4477823882596581,0.4645881991764674,-0.016805810916809272,0.016805810916809272,0.0,0.4645881991764674,0.0,42.42148941407288,42.84703450208291,3,1.7035398415898846,44.17167840500051,6.27801238399843
C5,K3,,rrt_star,,1,SUCESSO,,5008.356758000446,72.21758800005773,1,462.17699000044377,462.17699000044377,12.052272935880671,1.1121977721078,1,0.43863915364652206,0.5866422245959451,-0.148003070949423,0.148003070949423,0.0,0.5866422245959451,0.0,41.55528824019683,54.097980724653816,3,2.2014736016512617,55.862176990000705,6.856225778999942
C5,K3,,rrt_star,,2,SUCESSO,,5006.4388400005555,101.76942600082839,1,408.71504200003983,408.71504200003983,11.901354115956764,0.9716012924188796,1,0.4440313496786382,0.5884209861047047,-0.1443896364260665,0.1443896364260665,0.0,0.5884209861047047,0.0,42.066127864292035,54.29977168579788,3,2.5076645334527288,56.008715042000304,6.829524587999913
C5,K3,,rrt_star,,5,SUCESSO,,5006.691642998703,122.7130439983739,1,294.3372779991478,294.3372779991478,11.559965560831648,0.6795962363084881,1,0.4571675539092738,0.5585440741254816,-0.10137652021620774,0.10137652021620774,0.0,0.5585440741254816,0.0,43.31061037035227,51.514468512319155,3,2.3700147211625664,53.094337277999365,6.640545055000985
C5,K3,,rrt_star,,6,SUCESSO,,5004.818717998205,119.43244299982325,1,162.68936000051326,162.68936000051326,11.794241582991166,0.3833900332749198,1,0.4479189412187399,0.46269638833053534,-0.014777447111795461,0.014777447111795461,0.0,0.46269638833053534,0.0,42.43442601019642,42.69549872492123,3,1.8932079425758208,43.9626893600006,6.192885480000768
C5,K3,,rrt_star,,7,SUCESSO,,5004.6784869991825,87.1397219998471,1,196.8381260012393,196.8381260012393,11.340207633380132,0.44601970432628485,1,0.4658394582804265,0.494674813806011,-0.028835355525584527,0.028835355525584527,0.0,0.494674813806011,0.0,44.1321592055141,45.681989370453806,3,2.148296333734194,46.99683812600137,6.324205652999808
C5,K3,,rrt_star,,8,SUCESSO,,5006.462696001108,145.40955200027383,1,215.336549001222,215.336549001222,12.03527822234438,0.5176579625249698,1,0.4390924260175694,0.5795511696284186,-0.14045874361084915,0.14045874361084915,0.0,0.5795511696284186,0.0,41.59822983324342,53.61625480811118,3,2.3785629738553884,55.01533654900147,6.538919567999983
C5,K3,,rrt_star,,9,SUCESSO,,5007.877498001108,102.1957540015137,1,162.268968000717,162.268968000717,12.051513632000004,0.39050210007968145,1,0.4386248131123321,0.4541552115871912,-0.015530398474859097,0.015530398474859097,0.0,0.4541552115871912,0.0,41.55392966327357,41.93609496553912,3,2.030355055868491,43.162268968000795,6.175865375000285
C5,K3,,rrt_star,,10,SUCESSO,,5004.3512739994185,89.29475199875014,1,175.32474900144734,175.32474900144734,11.976493657788417,0.4195899986834985,1,0.4410615444017238,0.45629902760496477,-0.015237483203240976,0.015237483203240976,0.0,0.45629902760496477,0.0,41.78477789068962,42.14215309288193,3,2.045379020447501,43.37532474900153,6.2404370849999395
C5,K3,,rrt_star,,11,SUCESSO,,5003.828593000435,105.70852099954209,1,178.9408340009686,178.9408340009686,11.45250690484055,0.40955062685814136,1,0.46119326661631777,0.481740036205159,-0.02054676958884122,0.02054676958884122,0.0,0.481740036205159,0.0,43.69199367944063,44.44278281077485,3,1.99640081279304,45.778940834001084,6.304530079998585
C5,K3,,rrt_star,,14,SUCESSO,,5006.071221001548,107.0594130014797,1,179.76147700028378,179.76147700028378,11.712090999002168,0.42056588566095987,1,0.45117360250062627,0.46470887306061653,-0.013535270559990265,0.013535270559990265,0.0,0.46470887306061653,0.0,42.742762342164596,42.86684438011116,3,1.6836574815187078,44.179761477000376,6.245515110998895
C5,K3,,rrt_star,,12,SUCESSO,,5009.799006000321,72.56530199992994,1,213.5601099998894,213.5601099998894,11.773952670172003,0.5019056901013053,1,0.44913728814259674,0.49902989677487614,-0.0498926086322794,0.0498926086322794,0.0,0.49902989677487614,0.0,42.54984835035127,46.031666536399555,3,2.294057536195894,47.41356011000003,6.391937653999776
C5,K3,,rrt_star,,15,SUCESSO,,5006.9235030005075,105.19045799992455,0,,,11.739895125936842,,1,0.45018169780389067,0.4621392374759612,-0.011957539672070527,0.011957539672070527,0.0,0.4621392374759612,0.0,42.64879242352649,42.745826825778416,3,1.6578040804268825,43.80000000000008,6.043820581999171
C5,K3,,rrt_star,,13,SUCESSO,,5004.402802000186,127.62051400022756,1,279.5270269998582,279.5270269998582,11.947749445077253,0.6673561289644419,1,0.4421272143487714,0.5497474308931073,-0.1076202165443359,0.1076202165443359,0.0,0.5497474308931073,0.0,41.885736096199395,50.89140228536991,3,1.8325706216787219,52.279527027000064,6.591840570999921
C5,K3,,rrt_star,,16,SUCESSO,,5004.651355000533,86.88025100127561,1,157.9473820002022,157.9473820002022,11.519360937882794,0.3635523782562846,1,0.45859206685821446,0.4880726143590547,-0.029480547500840226,0.029480547500840226,0.0,0.4880726143590547,0.0,43.44556422867296,45.02118123097613,3,1.702455025102962,46.357947382000326,6.294792495000365
C5,K3,,rrt_star,,17,SUCESSO,,5004.941250999764,74.17738599906443,1,172.24872000042524,172.24872000042524,11.594744483008656,0.3990416262191461,1,0.4556369095035993,0.4666340065583421,-0.010997097054742777,0.010997097054742777,0.0,0.4666340065583421,0.0,43.16560195297257,43.173331676307136,3,1.6766240687278025,44.37224872000052,6.258924564001063
C5,K3,,rrt_star,,18,SUCESSO,,5004.702883999926,162.26230599932023,1,297.2913649991824,297.2913649991824,11.713026478000057,0.6957818896799577,1,0.45101425690732627,0.556378177271503,-0.10536392036417669,0.10536392036417669,0.0,0.556378177271503,0.0,42.727666443851966,51.335862653597424,3,2.217745348271549,52.8972913649994,6.580349388999821
C5,K3,,rrt_star,,19,SUCESSO,,5004.548266000711,117.32905899953039,1,309.15230699974927,309.15230699974927,12.076731366020262,0.7460312428568087,1,0.4374179208859708,0.5587749632450227,-0.12135704235905193,0.12135704235905193,0.0,0.5587749632450227,0.0,41.439592504986706,51.59402006073989,3,2.2006290470347887,53.10915230699997,6.612308963998657
C5,K4,0.02,astar,2.0,0,SUCESSO,replanner setup 0.25s,142.92127100088692,142.92127100088692,0,,,0.3410947704716036,,1,0.4422857067068598,0.4556146913696125,-0.01332898466275273,0.01332898466275273,0.0,0.4556146913696125,0.0,41.9007511617025,42.06593777219422,4,2.335506471373674,43.200000000000074,0.45743258299989975
C5,K4,0.02,astar,2.0,1,SUCESSO,replanner setup 0.25s,143.08019500094815,143.08019500094815,0,,,0.3415763343548221,,1,0.4421532744898459,0.45559885429215413,-0.013445579802308205,0.013445579802308205,0.0,0.45559885429215413,0.0,41.888204951669614,42.05643842119415,4,1.8784421847489927,43.200000000000074,0.46429564399841183
C5,K3,,rrt_star,,20,SUCESSO,,5003.961881000578,77.24241799951415,1,250.81434399908176,250.81434399908176,12.08904727093445,0.6059411588137483,1,0.436921094351061,0.4607878867188354,-0.023866792367774392,0.023866792367774392,0.0,0.4607878867188354,0.0,41.39252472799525,42.51955225539362,3,1.9669276652017573,43.85081434399917,6.243273834999854
C5,K4,0.02,astar,2.0,2,SUCESSO,replanner setup 0.25s,147.16554100050416,147.16554100050416,0,,,0.3499310960341378,,1,0.44391997781833764,0.4576769292868543,-0.013756951468516632,0.013756951468516632,0.0,0.4576769292868543,0.0,42.05557684594778,42.231733081362954,4,2.5516215123380612,43.40000000000008,0.46422931800043443
C5,K3,,rrt_star,,21,SUCESSO,,5006.132353000794,69.9229550009477,1,167.63750900099694,167.63750900099694,11.910237078125189,0.39883134016451005,1,0.44367301695124584,0.4560949057905617,-0.012421888839315887,0.012421888839315887,0.0,0.4560949057905617,0.0,42.03218055327592,42.06272370374514,3,1.6559487033425753,43.36763750900108,6.191532769000332
C5,K3,,rrt_star,,22,SUCESSO,,5004.2744140009745,79.01798300008522,1,214.3794000003254,214.3794000003254,12.113894647902288,0.5189502516126286,1,0.4360521378760679,0.5581956154258713,-0.12214347754980337,0.12214347754980337,0.0,0.5581956154258713,0.0,41.310202535627496,51.66108275635063,3,2.1333447297552572,53.01437940000054,6.525256483999328
C5,K3,,rrt_star,,23,SUCESSO,,5004.640378001568,112.33422700206575,1,185.92361599985452,185.92361599985452,11.642762361855814,0.43253147380144513,1,0.45373046278642504,0.5564060901038074,-0.10267562731738233,0.10267562731738233,0.0,0.5564060901038074,0.0,42.98499121134554,51.38707467367763,3,2.0766199398955814,52.78592361600007,6.478729118000047
C5,K4,0.02,astar,1.0,2,SUCESSO,replanner setup 1.80s,877.7893530004803,877.7893530004803,0,,,2.0829538117445474,,1,0.44482763993271207,0.45777716311044003,-0.012949523177727962,0.012949523177727962,0.0,0.45777716311044003,0.0,42.1415658883622,42.24999342364425,5,1.8261804952345133,43.40000000000008,2.761968569000601
C5,K4,0.02,astar,1.0,1,SUCESSO,replanner setup 1.95s,965.3276139997615,965.3276139997615,0,,,2.3164664451074506,,1,0.43987553890139436,0.4534671981047184,-0.013591659203324058,0.013591659203324058,0.0,0.4534671981047184,0.0,41.672419474868946,41.85574658230899,4,1.9968064511400723,43.00000000000007,2.9843556949999765
C5,K4,0.02,astar,1.0,0,SUCESSO,replanner setup 2.03s,980.2215479994629,980.2215479994629,0,,,2.3495276725921554,,1,0.4403771501548536,0.45356930550109453,-0.013192155346240908,0.013192155346240908,0.0,0.45356930550109453,0.0,41.719940540986144,41.831975680004774,6,1.712579480410242,43.00000000000007,3.091167754999333
C5,K3,,rrt_star,,25,SUCESSO,,5004.311921999033,77.01757599897974,1,162.23003099912603,162.23003099912603,11.317020466701258,0.3668757283213657,1,0.46675971529268584,0.4582380655584771,0.008521649734208714,0.008521649734208714,0.0,0.4582380655584771,0.0,44.219341448780774,42.27454484518849,3,2.0151663306617005,43.56223003099921,6.188622284000303
C5,K3,,rrt_star,,26,SUCESSO,,5006.78091699956,91.28736099955859,1,184.79218900029082,184.79218900029082,11.969945471839116,0.4417913351161444,1,0.44151708333358197,0.4542052849232067,-0.012688201589624748,0.012688201589624748,0.0,0.4542052849232067,0.0,41.82793421054988,41.94409741620039,4,1.7235071615942368,43.18479218900037,6.194322044000728
C5,K3,,rrt_star,,28,SUCESSO,,5007.418463997965,98.54905099746247,1,177.8023110000504,177.8023110000504,12.039260581591327,0.42748741083437813,1,0.4390309805858423,0.4520103849498511,-0.012979404364008795,0.012979404364008795,0.0,0.4520103849498511,0.0,41.592408687079796,41.75817365422018,4,1.6860755649978683,42.977802311000126,6.218831443000454
C5,K3,,rrt_star,,24,SUCESSO,,5005.1214629984315,129.41856799989182,1,561.5161640016595,561.5161640016595,11.627806774923416,1.3045040973083675,1,0.4543577192813423,0.5529206929788383,-0.098562973697496,0.098562973697496,0.0,0.5529206929788383,0.0,43.04441551086401,50.93772841936022,3,2.5778819842345713,52.761516164001875,6.846177395998893
C5,K3,,rrt_star,,27,SUCESSO,,5005.246944998362,88.84862899867585,1,272.18943600018974,272.18943600018974,12.005151471735363,0.6528499880418119,1,0.44008742681501384,0.5435594289934902,-0.10347200217847635,0.10347200217847635,0.0,0.5435594289934902,0.0,41.69249306668553,50.250138843835224,3,1.7041813979361693,51.67218943600039,6.567499941000278
C5,K3,,rrt_star,,29,SUCESSO,,5005.049493000115,145.7741399990482,1,278.5235419996752,278.5235419996752,11.63258078822711,0.6473357772516863,1,0.4541647201379096,0.5579688463440068,-0.10380412620609719,0.10380412620609719,0.0,0.5579688463440068,0.0,43.02613138148617,51.72245474341895,3,1.9680634787974745,53.07852354199989,6.604585696999493
C5,K4,0.02,rrt_star,,0,SUCESSO,,5005.593653999313,175.3996460010967,0,,,11.575148747881101,,1,0.4564677573840954,0.46860119103304265,-0.012133433648947256,0.012133433648947256,0.0,0.46860119103304265,0.0,43.24431385744063,43.30580958967816,3,2.6407698915817375,44.40000000000009,5.07228850699903
C5,K4,0.02,rrt_star,,1,SUCESSO,,5005.667765000908,155.75970300051267,0,,,11.825384054028007,,1,0.44681512198432943,0.4598688943110426,-0.013053772326713176,0.013053772326713176,0.0,0.4598688943110426,0.0,42.329853661673326,42.45099017669722,4,2.788890863071282,43.60000000000008,5.076774494998972
C5,K4,0.02,rrt_star,,2,SUCESSO,,5008.407222998358,100.90298299837741,0,,,11.734769711921965,,1,0.4505117866394517,0.4619932144195125,-0.011481427780060838,0.011481427780060838,0.0,0.4619932144195125,0.0,42.68006399742174,42.7615331701986,4,2.212170532562706,43.80000000000008,5.0852053399994475
C5,K4,0.02,rrt_star,,3,SUCESSO,,5007.946685000206,119.29944300027273,0,,,11.728555045099744,,1,0.4507090536686857,0.4640696494995478,-0.013360595830862132,0.013360595830862132,0.0,0.4640696494995478,0.0,42.69875245282286,42.835933830825134,5,2.452385536276316,44.000000000000085,5.076965186999587
C5,K4,0.02,rrt_star,,4,SUCESSO,,5011.482973999591,80.89333399948373,0,,,11.727139626719648,,1,0.4510817525123178,0.4623194731749106,-0.01123772066259282,0.01123772066259282,0.0,0.4623194731749106,0.0,42.73406076432484,42.56904388578544,5,2.3222004864475805,43.80000000000008,5.080757067999002
C5,K4,0.02,rrt_star,,5,SUCESSO,,5004.116504000194,126.41050999991421,0,,,11.600908267071041,,1,0.45531977797271744,0.46835248621085956,-0.013032708238142121,0.013032708238142121,0.0,0.46835248621085956,0.0,43.13555791320481,43.223820159607705,3,2.108122481969012,44.40000000000009,5.072760405000736
C5,K4,0.02,rrt_star,,6,SUCESSO,,5005.2615780005,128.9757090016792,0,,,11.409822932194192,,1,0.46305115312172246,0.47498322024213513,-0.01193206712041267,0.01193206712041267,0.0,0.47498322024213513,0.0,43.86800397995266,43.89396199970002,3,2.5415756422516527,45.0000000000001,5.073767928999587
C5,K4,0.02,rrt_star,,7,SUCESSO,,5011.914056000023,137.97954000074242,0,,,11.715356911135622,,1,0.4515742683647343,0.46422153833425617,-0.012647269969521868,0.012647269969521868,0.0,0.46422153833425617,0.0,42.78072016086957,42.868816180723755,4,2.6566142150269743,44.000000000000085,5.08470303499962
C5,K4,0.02,rrt_star,,8,SUCESSO,,5006.829162999566,118.45086200082733,0,,,11.693915629783932,,1,0.4519432588739665,0.4642210696773206,-0.01227781080335405,0.01227781080335405,0.0,0.4642210696773206,0.0,42.815677156481044,42.83735861644381,4,2.4564430674945648,44.000000000000085,5.08834140199906
C5,K4,0.02,rrt_star,,9,SUCESSO,,5007.290476998605,100.49767899909057,0,,,11.837345413857324,,1,0.44650832568329835,0.4598415700753087,-0.013333244392010335,0.013333244392010335,0.0,0.4598415700753087,0.0,42.300788748944065,42.450616643196746,4,2.031555387702078,43.60000000000008,5.082805518999521
C5,K4,0.02,rrt_star,,10,SUCESSO,,5006.471798000348,171.69821900097304,0,,,11.861288851444193,,1,0.4455341393585605,0.4579609326747457,-0.01242679331618518,0.01242679331618518,0.0,0.4579609326747457,0.0,42.208497412916266,42.32942446222211,3,2.154265635565773,43.40000000000008,5.068371628000023
C5,K4,0.02,rrt_star,,11,SUCESSO,,5005.655583998305,118.5518679994857,0,,,11.553230195367494,,1,0.4573394169022726,0.46857897307329505,-0.011239556171022458,0.011239556171022458,0.0,0.46857897307329505,0.0,43.326892127583726,43.32482802091493,4,1.9384648261791222,44.40000000000009,5.084355341999981
C5,K4,0.02,rrt_star,,12,SUCESSO,,5004.553053999189,54.320093999194796,0,,,11.515626892668728,,1,0.4587317588922972,0.4707186206320142,-0.01198686173971697,0.01198686173971697,0.0,0.4707186206320142,0.0,43.458798210849224,43.51361800239482,3,2.399158111212804,44.600000000000094,5.072830446999433
C5,K4,0.02,rrt_star,,13,SUCESSO,,5011.111926000012,141.71679799983394,0,,,11.199720362816796,,1,0.47228920559135024,0.48354764930592786,-0.011258443714577626,0.011258443714577626,0.0,0.48354764930592786,0.0,44.743187898127914,44.53538226237628,5,1.695678449282763,45.80000000000011,5.083905796998806
C5,K4,0.02,rrt_star,,14,SUCESSO,,5007.312813999306,107.14072500013572,0,,,11.804790964699778,,1,0.4477416732771355,0.46008201347134087,-0.01234034019420538,0.01234034019420538,0.0,0.46008201347134087,0.0,42.41763220520231,42.5279251526732,3,1.958406691592983,43.60000000000008,5.073553385000196
C5,K4,0.02,rrt_star,,15,SUCESSO,,5004.6299189998535,117.46884800049884,0,,,10.84195171642326,,1,0.48724298471996774,0.498256052460129,-0.011013067740161253,0.011013067740161253,0.0,0.498256052460129,0.0,46.159861710312725,46.02345005067922,3,2.5900886916028876,47.20000000000013,5.080573960000038
C5,K4,0.02,rrt_star,,16,SUCESSO,,5005.139359000168,96.925301999363,0,,,11.574923817346441,,1,0.4564351990641073,0.4685983207883499,-0.01216312172424261,0.01216312172424261,0.0,0.4685983207883499,0.0,43.24122938502069,43.2993437669482,3,2.25208720606168,44.40000000000009,5.073189339000237
C5,K4,0.02,rrt_star,,17,SUCESSO,,5008.917163999286,106.35386799913249,0,,,11.717513356420016,,1,0.4512211916430355,0.46414733521258966,-0.012926143569554183,0.012926143569554183,0.0,0.46414733521258966,0.0,42.74727078723494,42.84647329906436,4,2.1078155454504235,44.000000000000085,5.087936201998673
C5,K4,0.02,rrt_star,,18,SUCESSO,,5008.128866998959,214.6294289996149,0,,,11.896768364074278,,1,0.44435245662701,0.45773407823240464,-0.013381621605394634,0.013381621605394634,0.0,0.45773407823240464,0.0,42.09654852255885,42.24870717403894,4,2.0057372294474725,43.40000000000008,5.074598700000934
C5,K4,0.02,rrt_star,,19,SUCESSO,,5004.010549000668,148.06055100052617,0,,,11.22152715000987,,1,0.4707034135769671,0.4832004935238519,-0.012497079946884815,0.012497079946884815,0.0,0.4832004935238519,0.0,44.59295497044952,44.59323864180236,3,2.8226859283256296,45.80000000000011,5.0742787629988015
C5,K4,0.02,rrt_star,,20,SUCESSO,,5005.395469001087,112.47840400028508,0,,,10.863405498271275,,1,0.48635513015669674,0.4981641587480584,-0.011809028591361681,0.011809028591361681,0.0,0.4981641587480584,0.0,46.075749172739705,45.98022647257601,3,2.6710146478434353,47.20000000000013,5.0812102210002195
C5,K4,0.1,astar,2.0,0,SUCESSO,replanner setup 0.26s,158.51213799942343,158.51213799942343,0,,,0.3644761022698456,,1,0.4590654005743386,0.47032607734139403,-0.011260676767055444,0.011260676767055444,0.0,0.47032607734139403,0.0,43.4904063702005,43.587194951356054,6,3.4897582805216847,44.600000000000094,0.5072802180002327
C5,K4,0.1,astar,2.0,1,SUCESSO,replanner setup 0.24s,151.83669299949543,151.83669299949543,0,,,0.3463727210658425,,1,0.46271560976170056,0.4748612807922828,-0.012145671030582228,0.012145671030582228,0.0,0.4748612807922828,0.0,43.83621566163479,43.83578516655351,6,2.8053019218747,45.0000000000001,0.4768267190011102
C5,K4,0.02,rrt_star,,21,SUCESSO,,5006.493679000414,76.37665299989749,0,,,11.682239090108693,,1,0.4523646687900043,0.4644405618612237,-0.012075893071219368,0.012075893071219368,0.0,0.4644405618612237,0.0,42.855600201158296,42.884699342148394,4,2.352985352152458,44.000000000000085,5.089425234000373
C5,K4,0.02,rrt_star,,22,SUCESSO,,5007.770415997584,90.63055999831704,0,,,11.865184295219834,,1,0.445503394808843,0.4579746877377915,-0.012471292928948496,0.012471292928948496,0.0,0.4579746877377915,0.0,42.20558477136407,42.32019793377947,4,2.25563751080559,43.40000000000008,5.078670560000319
C5,K4,0.02,rrt_star,,23,SUCESSO,,5004.046488998938,125.16795199917397,0,,,11.789713550496533,,1,0.4480218326847002,0.4600233037931841,-0.01200147110848393,0.01200147110848393,0.0,0.4600233037931841,0.0,42.44417362276108,42.54624318960095,3,2.152433282060162,43.60000000000008,5.066949120000572
C5,K4,0.1,astar,2.0,2,SUCESSO,replanner setup 0.23s,152.25072700013698,152.25072700013698,0,,,0.35034033676586207,,1,0.4587228013934666,0.47072168960988325,-0.011998888216416648,0.011998888216416648,0.0,0.47072168960988325,0.0,43.457949605696854,43.503755256677046,6,2.5516215123380612,44.600000000000094,0.46553899699938484
C5,K4,0.02,rrt_star,,24,SUCESSO,,5004.364156999145,113.41314899982535,0,,,11.151380376232133,,1,0.4736978032963818,0.48539711525669993,-0.011699311960318148,0.011699311960318148,0.0,0.48539711525669993,0.0,44.876633996499336,44.81756999675774,3,2.2082331309471415,46.000000000000114,5.079416059999858
C5,K4,0.02,rrt_star,,25,SUCESSO,,5006.359512999552,94.47557500061521,0,,,11.283445365092147,,1,0.46834015906203885,0.47929127070505995,-0.010951111643021094,0.010951111643021094,0.0,0.47929127070505995,0.0,44.36906770061422,44.28474864924608,4,2.176612832677771,45.400000000000105,5.0902111059986055
C5,K4,0.02,rrt_star,,26,SUCESSO,,5008.612687001005,102.00157500185014,0,,,11.83690192735774,,1,0.4466429628153636,0.45987124230736287,-0.013228279491999284,0.013228279491999284,0.0,0.45987124230736287,0.0,42.31354384566603,42.454251991236546,5,2.0755925278251137,43.60000000000008,5.092195762999836
C5,K4,0.1,astar,1.0,1,SUCESSO,replanner setup 1.69s,822.1231139978045,822.1231139978045,0,,,1.896726106432327,,1,0.457523422801044,0.47048173451227354,-0.01295831171122952,0.01295831171122952,0.0,0.47048173451227354,0.0,43.344324265362076,43.45572083314547,6,3.196805472970406,44.600000000000094,2.604776227999537
C5,K4,0.1,astar,1.0,2,SUCESSO,replanner setup 1.73s,814.5815190000576,814.5815190000576,0,,,1.878743665906433,,1,0.45766544070744797,0.4686381201187813,-0.010972679411333341,0.010972679411333341,0.0,0.4686381201187813,0.0,43.35777859333718,43.31275028368878,7,2.528573852627498,44.40000000000009,2.6349980989998585
C5,K4,0.1,astar,1.0,0,SUCESSO,replanner setup 1.81s,860.2070560009452,860.2070560009452,0,,,1.9874120843815783,,1,0.4568737123143875,0.46825525490780384,-0.011381542593416338,0.011381542593416338,0.0,0.46825525490780384,0.0,43.28277274557356,43.37594764415844,7,2.9834033151108357,44.40000000000009,2.760383985001681
C5,K4,0.02,rrt_star,,27,SUCESSO,,5005.440720002298,91.96718300154316,0,,,11.726878634222079,,1,0.4505479185726147,0.461865923768727,-0.011318005196112257,0.011318005196112257,0.0,0.461865923768727,0.0,42.68348702266877,42.79135142744207,3,1.9891442154265873,43.80000000000008,5.072386587000437
C5,K4,0.02,rrt_star,,28,SUCESSO,,5006.666563998806,105.87240299901168,0,,,11.962526370873771,,1,0.4417808197531411,0.45556554569105673,-0.013784725937915632,0.013784725937915632,0.0,0.45556554569105673,0.0,41.85291976608706,42.02750474997261,4,2.0664594088982455,43.200000000000074,5.073406948000411
C5,K4,0.02,rrt_star,,29,SUCESSO,,5006.300717001068,146.7491390012583,0,,,11.120793872773305,,1,0.47518446929853997,0.48750744540529684,-0.012322976106756867,0.012322976106756867,0.0,0.48750744540529684,0.0,45.01747603880905,44.98416507014236,3,2.287344368197618,46.20000000000012,5.081542410998736
C5,K4,0.1,rrt_star,,0,SUCESSO,,5015.854566001508,182.5574790000246,0,,,11.20967067932725,,1,0.4723165652641048,0.4834234345168427,-0.011106869252737905,0.011106869252737905,0.0,0.4834234345168427,0.0,44.74577986712573,44.7123163062307,6,3.262739206380494,45.80000000000011,5.105802596999638
C5,K4,0.1,rrt_star,,1,SUCESSO,,5014.226257999326,95.64705199954915,0,,,11.287690328082308,,1,0.468899680059077,0.4812371447003188,-0.012337464641241802,0.012337464641241802,0.0,0.4812371447003188,0.0,44.4220749529652,44.506452356861736,5,3.6731231291060835,45.60000000000011,5.0947856759994465
C5,K4,0.1,rrt_star,,2,SUCESSO,,5008.902016999855,171.65210799976194,0,,,10.796497247287517,,1,0.4897120084577394,0.5000856501301901,-0.01037364167245075,0.01037364167245075,0.0,0.5000856501301901,0.0,46.39376922231215,46.351203927671456,5,3.2958241871375775,47.400000000000134,5.092241599000772
C5,K4,0.1,rrt_star,,3,SUCESSO,,5009.470819999478,112.23471099947346,0,,,11.327704853322379,,1,0.46680018793860134,0.4791433977131983,-0.012343209774596964,0.012343209774596964,0.0,0.4791433977131983,0.0,44.22317569944645,44.30811462636945,4,3.4507611449855515,45.400000000000105,5.0859714420003
C5,K4,0.1,rrt_star,,4,SUCESSO,,5007.964696998897,76.85924199904548,0,,,10.814980955161142,,1,0.48878356604230533,0.49861285273844164,-0.009829286696136308,0.009829286696136308,0.0,0.49861285273844164,0.0,46.305811519797345,45.99826699899963,4,4.120105754705983,47.20000000000013,5.104250448001039
C5,K4,0.1,rrt_star,,5,SUCESSO,,5016.537000001335,179.83794100109662,0,,,10.876267062171687,,1,0.4868612980660019,0.4960535360854405,-0.009192238019438581,0.009192238019438581,0.0,0.4960535360854405,0.0,46.123701922042294,45.904992436180784,7,3.6472793465244324,47.00000000000013,5.102261555999576
C5,K4,0.1,rrt_star,,6,SUCESSO,,5011.914357999558,130.06885100003274,0,,,10.465926517521737,,1,0.5054835838659997,0.517090645708109,-0.011607061842109356,0.011607061842109356,0.0,0.517090645708109,0.0,47.88791847151576,47.82099730921866,4,3.6949296865846657,49.000000000000156,5.092559139000514
C5,K4,0.1,rrt_star,,7,SUCESSO,,5012.886656999399,88.94405300088692,0,,,11.14023440810526,,1,0.4749792658147482,0.48742351773045794,-0.012444251915709748,0.012444251915709748,0.0,0.48742351773045794,0.0,44.99803570876562,45.024152148576746,4,3.2664334975283476,46.20000000000012,5.092895056999623
C5,K4,0.1,rrt_star,,8,SUCESSO,,5006.080164001105,120.28684700089798,0,,,11.257192072122029,,1,0.46940619781676507,0.48131463489107995,-0.011908437074314882,0.011908437074314882,0.0,0.48131463489107995,0.0,44.4700608457988,44.50094171830718,4,3.4074622375101415,45.60000000000011,5.0907263130011415
C5,K4,0.1,rrt_star,,9,SUCESSO,,5016.409317999205,147.48657399832155,0,,,11.513618795975049,,1,0.4598987354354467,0.47041551181742897,-0.010516776381982285,0.010516776381982285,0.0,0.47041551181742897,0.0,43.56935388335812,43.57146423487465,7,3.1545800863788247,44.600000000000094,5.100593933999335
C5,K4,0.1,rrt_star,,10,SUCESSO,,5007.09580900002,180.7333250017109,0,,,11.287185758547338,,1,0.46825381556129575,0.4810716659327109,-0.01281785037141514,0.01281785037141514,0.0,0.4810716659327109,0.0,44.3608877900175,44.41435252389743,4,3.0082446562215153,45.60000000000011,5.079309090999232
C5,K4,0.1,rrt_star,,11,SUCESSO,,5010.504841999136,86.52019399960409,0,,,11.028651910344708,,1,0.47955690914039306,0.4917304860507619,-0.012173576910368855,0.012173576910368855,0.0,0.4917304860507619,0.0,45.43170718172145,45.44188196323421,4,3.5662554726056976,46.60000000000012,5.090903072999936
C5,K4,0.1,rrt_star,,12,SUCESSO,,5009.404341000845,59.4067920010275,0,,,11.3680249137636,,1,0.4651383703219704,0.47706430609769335,-0.011925935775722929,0.011925935775722929,0.0,0.47706430609769335,0.0,44.06574034629193,44.103772662407664,5,3.3397372642418284,45.2000000000001,5.093672198001514
C5,K4,0.1,rrt_star,,13,SUCESSO,,5011.380584999642,130.19237399930716,0,,,11.367495418508362,,1,0.46534354514776194,0.47700198905918145,-0.011658443911419514,0.011658443911419514,0.0,0.47700198905918145,0.0,44.08517796136692,43.96313726954006,6,3.2220753130494826,45.2000000000001,5.096627712000554
C5,K4,0.1,rrt_star,,14,SUCESSO,,5007.205301997601,154.13559499756957,0,,,10.96984988024978,,1,0.4818100003215773,0.49165717708518064,-0.00984717676360336,0.00984717676360336,0.0,0.49165717708518064,0.0,45.64515792520206,45.54632431079832,4,3.0200012419554154,46.60000000000012,5.082743480999852
C5,K4,0.1,rrt_star,,15,SUCESSO,,5009.635738000725,130.1681839995581,0,,,11.448051015088293,,1,0.46190821717923114,0.47469973922952236,-0.012791522050291215,0.012791522050291215,0.0,0.47469973922952236,0.0,43.75972583803242,43.86589818945544,5,2.965985346245721,45.0000000000001,5.083833847998903
C5,K4,0.1,rrt_star,,16,SUCESSO,,5007.003466000242,98.88058199976513,0,,,10.865634944517621,,1,0.48641154909121703,0.498117738869789,-0.011706189778571963,0.011706189778571963,0.0,0.498117738869789,0.0,46.0810941244311,46.03695315076654,4,3.873572186355039,47.20000000000013,5.091120040000533
C5,K4,0.1,rrt_star,,17,SUCESSO,,5010.4579709986865,112.45072699784942,0,,,11.434585247006902,,1,0.4625280788867854,0.4748042856056944,-0.012276206718909,0.012276206718909,0.0,0.4748042856056944,0.0,43.81844957874809,43.82623659687144,6,3.0100974606359405,45.0000000000001,5.094600333999551
C5,K4,0.1,rrt_star,,18,SUCESSO,,5011.3118609988305,110.4535489994305,0,,,11.343535635249033,,1,0.4663200474340147,0.479028677628543,-0.012708630194528336,0.012708630194528336,0.0,0.479028677628543,0.0,44.17768870427508,44.227406565145095,5,3.266497041565135,45.400000000000105,5.09918524800014
C5,K4,0.1,rrt_star,,19,SUCESSO,,5012.804347001293,198.83311400008097,0,,,11.27053571694825,,1,0.4694802101938583,0.4813392601339417,-0.011859049940083355,0.011859049940083355,0.0,0.4813392601339417,0.0,44.47707254468132,44.476274659730144,5,3.6529932399592795,45.60000000000011,5.100157872999262
C5,K4,0.1,rrt_star,,20,SUCESSO,,5009.80784300009,90.12167800028692,0,,,10.454174526056459,,1,0.5058391255822411,0.5172376783656756,-0.01139855278343449,0.01139855278343449,0.0,0.5172376783656756,0.0,47.921601370949155,47.79721542070717,4,3.5353086245158813,49.000000000000156,5.092703033000362
C5,K4,0.1,rrt_star,,21,SUCESSO,,5012.181973999759,165.47004399944854,0,,,10.959098413705762,,1,0.48276202369843085,0.49026900599050766,-0.0075069822920768026,0.0075069822920768026,0.0,0.49026900599050766,0.0,45.735349613535554,45.248051127510514,6,3.360350941597872,46.40000000000012,5.101374341000337
C5,K4,0.1,rrt_star,,22,SUCESSO,,5015.344142000686,136.3195160010946,0,,,10.944704531833638,,1,0.48370189955460596,0.4940961998002724,-0.010394300245666455,0.010394300245666455,0.0,0.4940961998002724,0.0,45.82439048412056,45.57418720682598,7,2.7997314140658998,46.800000000000125,5.098597608999626
C5,K4,0.1,rrt_star,,23,SUCESSO,,5008.302402999107,104.9942320005357,0,,,11.0832724190274,,1,0.4769838027541563,0.48952215027069,-0.01253834751653371,0.01253834751653371,0.0,0.48952215027069,0.0,45.18793920828849,45.19467367907592,4,4.357730198815732,46.40000000000012,5.088743894999425
C5,K4,0.2,astar,2.0,1,SUCESSO,replanner setup 0.30s,209.63616000153706,209.63616000153706,0,,,0.43203808242113706,,1,0.5121831207445655,0.52350465730503,-0.011321536560464529,0.011321536560464529,0.0,0.52350465730503,0.0,48.52261143895884,48.39363472344951,6,4.457014771910138,49.600000000000165,0.6090185129996826
C5,K4,0.1,rrt_star,,24,SUCESSO,,5007.648578999579,118.86862500068673,0,,,10.98088944965013,,1,0.48136822632353377,0.4919901940574577,-0.010621967733923932,0.010621967733923932,0.0,0.4919901940574577,0.0,45.6033056517032,45.487056510504644,5,2.7087281027950505,46.60000000000012,5.080971093000699
C5,K4,0.1,rrt_star,,25,SUCESSO,,5011.262365998846,90.34383200014418,0,,,10.890703734692654,,1,0.4857046853571247,0.49626417734810274,-0.010559491990978054,0.010559491990978054,0.0,0.49626417734810274,0.0,46.01412808646445,45.84671681121101,6,3.7598853823464573,47.00000000000013,5.0948047549991315
C5,K4,0.1,rrt_star,,26,SUCESSO,,5006.706902000587,130.8464300018386,0,,,11.219400879246933,,1,0.4710463011639703,0.4833648034471511,-0.012318502283180821,0.012318502283180821,0.0,0.4833648034471511,0.0,44.6254390576393,44.6694310416619,4,3.622567759530212,45.80000000000011,5.07895387499957
C5,K4,0.2,astar,2.0,0,SUCESSO,replanner setup 0.30s,3273.078952001015,3273.078952001015,0,,,6.876883949410634,,1,0.5023956630608433,0.5130619339858623,-0.010666270925019039,0.010666270925019039,0.0,0.5130619339858623,0.0,47.59537860576411,47.493340750943226,6,4.189723866761115,48.60000000000015,3.6629926360001264
C5,K4,0.2,astar,1.0,0,SUCESSO,replanner setup 2.08s,1100.1664110008278,1100.1664110008278,0,,,2.324892851400253,,1,0.49950119914907587,0.5108296325394223,-0.011328433390346393,0.011328433390346393,0.0,0.5108296325394223,0.0,47.321166235175596,47.223884669975995,9,3.9306945920678045,48.40000000000015,3.280881908000083
C5,K4,0.2,astar,2.0,2,SUCESSO,replanner setup 0.30s,3321.068278999519,3321.068278999519,0,,,6.875141838754905,,1,0.5098908727259265,0.5192785005298788,-0.009387627803952303,0.009387627803952303,0.0,0.5192785005298788,0.0,48.305451100350936,48.108926968789916,7,4.366979725828004,49.20000000000016,3.7147949890004384
C5,K4,0.2,astar,1.0,1,SUCESSO,replanner setup 2.10s,1165.6480109995755,1165.6480109995755,0,,,2.44392366147141,,1,0.5034552646755325,0.5150479185004688,-0.01159265382493635,0.01159265382493635,0.0,0.5150479185004688,0.0,47.695761916629394,47.60243543535049,9,4.08854169968739,48.80000000000015,3.36650440899939
C5,K4,0.1,rrt_star,,27,SUCESSO,,5015.112391998628,93.78610499879869,0,,,11.390198652482006,,1,0.46476184556764705,0.4769648842554865,-0.012203038687839451,0.012203038687839451,0.0,0.4769648842554865,0.0,44.03006958009287,44.00347273437221,8,3.6649734852981473,45.2000000000001,5.102751123999042
C5,K4,0.2,astar,1.0,2,SUCESSO,replanner setup 2.15s,1297.6250140000047,1297.6250140000047,0,,,2.6942081218650733,,1,0.5083925333902457,0.5194250507490715,-0.011032517358825822,0.011032517358825822,0.0,0.5194250507490715,0.0,48.163503163286435,48.08829526137144,10,3.6850676883112126,49.20000000000016,3.548820957999851
C5,K4,0.1,rrt_star,,28,SUCESSO,,5015.300824001315,92.81308900244767,0,,,11.33475978457047,,1,0.4670525664569747,0.47523443858143566,-0.008181872124460976,0.008181872124460976,0.0,0.47523443858143566,0.0,44.24708524329234,43.9007465177172,7,3.342201936613292,45.0000000000001,5.1034637539996766
C5,K4,0.1,rrt_star,,29,SUCESSO,,5007.904464999228,147.72178400016855,0,,,11.019404283151975,,1,0.4797102678049101,0.4917652359800037,-0.012054968175093606,0.012054968175093606,0.0,0.4917652359800037,0.0,45.446235897307275,45.41043526779126,4,3.772469065003521,46.60000000000012,5.092461711999931
C5,K4,0.2,rrt_star,,0,SUCESSO,,5009.526941001241,189.11289400057285,0,,,9.767275207856851,,1,0.5413827173647696,0.5512714274023798,-0.00988871003761016,0.00988871003761016,0.0,0.5512714274023798,0.0,51.28888901350449,50.94435887341681,5,4.484312334950557,52.2000000000002,5.108042043999376
C5,K4,0.2,rrt_star,,1,SUCESSO,,5014.978596998844,264.16713499929756,0,,,9.673086022664494,,1,0.5472491929309024,0.553562096207865,-0.006312903276962656,0.006312903276962656,0.0,0.553562096207865,0.0,51.844660382927586,51.21780039579655,7,3.510348597396959,52.400000000000205,5.113227113999528
C5,K4,0.2,rrt_star,,2,SUCESSO,,5015.486873002374,181.24844100202608,0,,,10.20540647234641,,1,0.5187569007622681,0.5277768251092764,-0.009019924347008268,0.009019924347008268,0.0,0.5277768251092764,0.0,49.14539059853067,48.91082540542801,8,4.485280945483627,50.00000000000017,5.112483535000138
C5,K4,0.2,rrt_star,,3,SUCESSO,,5016.975440001261,644.0408940015914,0,,,10.196918266021509,,1,0.5193428209997125,0.5279261160010089,-0.008583295001296398,0.008583295001296398,0.0,0.5279261160010089,0.0,49.200898831551726,48.871429564420694,8,3.9570396143410784,50.00000000000017,5.10890957599986
C5,K4,0.2,rrt_star,,4,SUCESSO,,5020.452790999116,529.2601660003129,0,,,9.569012822416813,,1,0.5538049674809682,0.560370388104576,-0.006565420623607765,0.006565420623607765,0.0,0.560370388104576,0.0,52.46573376135488,51.62203724955896,8,4.130509758033515,53.00000000000021,5.122589111999332
C5,K4,0.2,rrt_star,,5,SUCESSO,,5011.629568998615,155.32363999773224,0,,,10.00345156946885,,1,0.5288228165255031,0.5381879517427336,-0.00936513521723048,0.00936513521723048,0.0,0.5381879517427336,0.0,50.099003670837135,49.931866075902086,5,4.709660596621884,51.000000000000185,5.10619331900125
C5,K4,0.2,rrt_star,,6,SUCESSO,,5015.711927000666,128.82641300166142,0,,,9.805960535691353,,1,0.539912695991545,0.5488902802036035,-0.00897758421205852,0.00897758421205852,0.0,0.5488902802036035,0.0,51.149623830777955,50.903566247409664,7,4.06289109603898,52.0000000000002,5.108149271000002
C5,K4,0.2,rrt_star,,7,SUCESSO,,5017.127196999354,146.83553999930155,0,,,9.859798984635429,,1,0.5371160704162526,0.5420747822036882,-0.004958711787435566,0.004958711787435566,0.0,0.5420747822036882,0.0,50.88468035522395,49.763609155965085,9,5.3627886502036555,51.20000000000019,5.114067110000178
C5,K4,0.2,rrt_star,,8,SUCESSO,,5010.995999000443,113.20334499941964,0,,,10.129607394577599,,1,0.5221707475497025,0.5340360115125061,-0.01186526396280363,0.01186526396280363,0.0,0.5340360115125061,0.0,49.46880766260339,49.381917921324266,6,5.082304684894348,50.60000000000018,5.1070367060001445
C5,K4,0.2,rrt_star,,9,SUCESSO,,5018.389393000689,139.7802360006608,0,,,10.101769735773651,,1,0.5243822560084577,0.5343138947168039,-0.009931638708346235,0.009931638708346235,0.0,0.5343138947168039,0.0,49.678318990274946,49.36366726547893,8,4.514686430123781,50.60000000000018,5.1133302279995405
C5,K4,0.2,rrt_star,,10,SUCESSO,,5014.364018999913,186.54102699838404,0,,,9.94169166536899,,1,0.5323983056395455,0.5427953773795338,-0.010397071739988273,0.010397071739988273,0.0,0.5427953773795338,0.0,50.43773421848326,50.221717147762504,6,4.965983934684303,51.40000000000019,5.11390670900073
C5,K4,0.2,rrt_star,,11,SUCESSO,,5013.662626999576,324.81779500085395,0,,,9.790852901368892,,1,0.5405248646796383,0.5494857518551971,-0.008960887175558763,0.008960887175558763,0.0,0.5494857518551971,0.0,51.20761875912362,50.78580712841207,7,5.617106391034508,52.0000000000002,5.1102712219999376
C5,K4,0.2,rrt_star,,12,SUCESSO,,5018.70380499895,156.8007360001502,0,,,10.04691073689324,,1,0.5272785656989498,0.5365133712880813,-0.009234805589131478,0.009234805589131478,0.0,0.5365133712880813,0.0,49.95270622411104,49.537486322094516,9,4.213620426987276,50.80000000000018,5.118541884001388
C5,K4,0.2,rrt_star,,13,SUCESSO,,5010.865530000956,601.3357900010305,0,,,8.470941357609032,,1,0.624398956980533,0.6306737465544164,-0.006274789573883388,0.006274789573883388,0.0,0.6306737465544164,0.0,59.15358539815578,58.12709089148654,5,4.754847879319787,59.60000000000031,5.121827398999812
C5,K4,0.2,rrt_star,,14,SUCESSO,,5014.981550999437,739.6750049992988,0,,,9.914775190730479,,1,0.5339093963638385,0.5431030509644348,-0.00919365460059629,0.00919365460059629,0.0,0.5431030509644348,0.0,50.58089018183733,50.18441872546282,7,4.780283749505416,51.40000000000019,5.107876475000012
C5,K4,0.2,rrt_star,,15,SUCESSO,,5011.633812999207,180.16472199997224,0,,,9.71894092934677,,1,0.5443039475368991,0.5535444388397164,-0.009240491302817233,0.009240491302817233,0.0,0.5535444388397164,0.0,51.56563713507465,51.076512708356475,6,4.558979940267569,52.400000000000205,5.113093091000337
C5,K4,0.2,rrt_star,,16,SUCESSO,,5015.338443001383,264.118575001703,0,,,10.241058812671064,,1,0.5169356463368158,0.5278079338774683,-0.010872287540652503,0.010872287540652503,0.0,0.5278079338774683,0.0,48.972850705593075,48.78077612841742,7,4.893579832889206,50.00000000000017,5.110130099999878
C5,K4,0.2,rrt_star,,17,SUCESSO,,5014.601878998292,193.33813799858035,0,,,9.988433180640124,,1,0.5299320500571996,0.5406303046996912,-0.010698254642491634,0.010698254642491634,0.0,0.5406303046996912,0.0,50.20408895278732,50.00657740609648,7,5.701083541799006,51.20000000000019,5.111301833001562
C5,K4,0.2,rrt_star,,18,SUCESSO,,5010.233483997581,212.37259799818275,0,,,9.765266335937635,,1,0.5415704607258228,0.5513021172716873,-0.009731656545864498,0.009731656545864498,0.0,0.5513021172716873,0.0,51.30667522665691,50.97920823885849,6,5.289947664900532,52.2000000000002,5.106264252999608
C5,K4,0.2,rrt_star,,19,SUCESSO,,5016.527640000277,251.30608000108623,0,,,10.029250905596195,,1,0.5279779785991419,0.5384411870096026,-0.010463208410460778,0.010463208410460778,0.0,0.5384411870096026,0.0,50.018966393602916,49.74881586073742,8,4.849979037811347,51.000000000000185,5.110930241999085
C5,K4,0.2,rrt_star,,20,SUCESSO,,5011.944896999921,276.858404999075,0,,,9.989647964782993,,1,0.5295868581973106,0.5386456021451147,-0.009058743947804149,0.009058743947804149,0.0,0.5386456021451147,0.0,50.171386566061,49.84891079384441,6,4.285375622478897,51.000000000000185,5.106913559999157
C5,K4,0.2,rrt_star,,21,SUCESSO,,5022.31327499976,175.86087699964992,0,,,9.825090263571202,,1,0.5395706845383728,0.5456728855207611,-0.006102200982388339,0.006102200982388339,0.0,0.5456728855207611,0.0,51.11722274574057,50.20624405851418,10,4.352635053743703,51.60000000000019,5.118663878998632
C5,K5,,astar,2.0,0,SUCESSO,replanner setup 0.25s,138.65551000162668,138.65551000162668,0,,,0.3297821129463353,,1,0.4438039182386539,0.45549658981314645,-0.011692671574492552,0.011692671574492552,0.0,0.45549658981314645,0.0,42.04458172787248,42.19926177729943,3,1.6883038491373044,43.200000000000074,0.46151136300068174
C5,K5,,astar,2.0,1,SUCESSO,replanner setup 0.27s,147.88603400120337,147.88603400120337,0,,,0.35584852610945433,,1,0.4386752039856225,0.4515941846700254,-0.012918980684402892,0.012918980684402892,0.0,0.4515941846700254,0.0,41.55870353548003,41.724353513756334,4,1.9162530070310306,42.80000000000007,0.484646602999419
C5,K5,,astar,2.0,2,SUCESSO,replanner setup 0.25s,134.1183809981885,134.1183809981885,0,,,0.3178684118138008,,1,0.44537109351929655,0.45797141943622605,-0.0126003259169295,0.0126003259169295,0.0,0.45797141943622605,0.0,42.193050964985986,42.31724224112543,3,1.7802502330949448,43.40000000000008,0.44878024399986316
C5,K4,0.2,rrt_star,,22,SUCESSO,,5014.960665999752,165.52723299901118,0,,,9.935361292282446,,1,0.5328009154534264,0.5409762977128285,-0.008175382259402064,0.008175382259402064,0.0,0.5409762977128285,0.0,50.47587620085094,49.93966775109921,7,4.0547332281617505,51.20000000000019,5.1141309889990225
C5,K4,0.2,rrt_star,,23,SUCESSO,,5016.395240001657,110.11453900209744,0,,,9.934028487067277,,1,0.5330248319037595,0.5393812739250053,-0.006356442021245856,0.006356442021245856,0.0,0.5393812739250053,0.0,50.4970893382509,49.56602352753943,8,3.9272103957105786,51.000000000000185,5.1086979060000886
C5,K4,0.2,rrt_star,,24,SUCESSO,,5020.211514000039,129.2114429998037,0,,,9.890031371356894,,1,0.5358033715660175,0.5429227806438125,-0.007119409077794958,0.007119409077794958,0.0,0.5429227806438125,0.0,50.76031941151745,50.23969745493933,9,4.6924958186159005,51.40000000000019,5.118802326998775
C5,K5,,astar,1.0,2,SUCESSO,replanner setup 1.90s,922.6625589999458,922.6625589999458,0,,,2.223647077025999,,1,0.4379838869745746,0.45137254236610824,-0.013388655391533666,0.013388655391533666,0.0,0.45137254236610824,0.0,41.4932103449597,41.67601807842318,4,1.8185495828803013,42.80000000000007,2.888699651999559
C5,K5,,astar,1.0,0,SUCESSO,replanner setup 2.11s,1039.0273240009265,1039.0273240009265,0,,,2.5096372994383,,1,0.4370157649747523,0.4491303153846481,-0.012114550409895786,0.012114550409895786,0.0,0.4491303153846481,0.0,41.401493523923904,41.60059888633174,4,1.7170397033122202,42.600000000000065,3.22224046699921
C5,K5,,astar,1.0,1,SUCESSO,replanner setup 2.06s,1007.9639619998488,1007.9639619998488,0,,,2.434545508937644,,1,0.43702693417836636,0.44913065750286624,-0.012103723324499882,0.012103723324499882,0.0,0.44913065750286624,0.0,41.40255165900314,41.600392077028914,4,1.5059461385894326,42.600000000000065,3.1379323370001657
C5,K4,0.2,rrt_star,,25,SUCESSO,,5010.667567998098,88.79908199924103,0,,,10.18548575676699,,1,0.519272042075021,0.5300431722350616,-0.01077113016004061,0.01077113016004061,0.0,0.5300431722350616,0.0,49.19419345973884,49.06803668515141,7,5.080173250164435,50.20000000000017,5.106623096999101
C5,K4,0.2,rrt_star,,26,SUCESSO,,5020.429999000044,140.04253299935954,0,,,9.89984158660706,,1,0.5352957146194592,0.544871063398404,-0.009575348778944726,0.009575348778944726,0.0,0.544871063398404,0.0,50.71222559552773,50.33593117603995,10,3.8744796781519044,51.60000000000019,5.117025042000023
C5,K4,0.2,rrt_star,,27,SUCESSO,,5012.667015998886,203.8500889993884,0,,,9.5847204453111,,1,0.5520399418092754,0.5596536388852373,-0.007613697075961934,0.007613697075961934,0.0,0.5596536388852373,0.0,52.298520802983994,51.865058789754414,6,5.7569639452853085,53.00000000000021,5.1147637119993306
C5,K4,0.2,rrt_star,,28,SUCESSO,,5022.566771998754,253.73948800006474,0,,,10.051152602166825,,1,0.5274617219709808,0.5344461536132693,-0.006984431642288458,0.006984431642288458,0.0,0.5344461536132693,0.0,49.97005787093503,49.443954888401485,9,4.3619694103057025,50.60000000000018,5.1148628880000615
C5,K4,0.2,rrt_star,,29,SUCESSO,,5010.094859000674,236.43055000138702,0,,,9.74311817762144,,1,0.5427865459361121,0.5515871403429091,-0.008800594406797035,0.008800594406797035,0.0,0.5515871403429091,0.0,51.42188329921062,50.94592479888207,5,5.202017995565984,52.2000000000002,5.106111813998723
C5,K5,,rrt_star,,0,SUCESSO,,5003.867747000186,162.00114200000826,0,,,10.81682171319055,,1,0.4883005877013165,0.4984413929558358,-0.01014080525451927,0.01014080525451927,0.0,0.4984413929558358,0.0,46.260055676966836,46.057693862002914,3,2.064845301992502,47.20000000000013,5.085192210999594
C5,K5,,rrt_star,,1,SUCESSO,,5006.29620700056,147.16527800010226,0,,,11.926090117423724,,1,0.44309775643366406,0.4558441029298979,-0.012746346496233851,0.012746346496233851,0.0,0.4558441029298979,0.0,41.97768218845239,42.12023887600701,4,1.6648760469197748,43.200000000000074,5.07691077599884
C5,K5,,rrt_star,,2,SUCESSO,,5006.478972001787,98.23889800100005,0,,,11.944165068182892,,1,0.442443374024177,0.45562100325631566,-0.013177629232138666,0.013177629232138666,0.0,0.45562100325631566,0.0,41.91568806544835,42.07151070137356,4,2.2025779390218845,43.200000000000074,5.074021903999892
C5,K5,,rrt_star,,3,SUCESSO,,5008.0520960000285,116.41084199982288,0,,,11.718974934461588,,1,0.45108699711433803,0.4641113147181327,-0.013024317603794688,0.013024317603794688,0.0,0.4641113147181327,0.0,42.73455762135834,42.84703450208291,4,1.7035398415898846,44.000000000000085,5.081407528999989
C5,K5,,rrt_star,,4,SUCESSO,,5010.237401998893,76.48198599963507,0,,,12.001593709098714,,1,0.44065680379787847,0.45371025197772663,-0.01305344817984816,0.01305344817984816,0.0,0.45371025197772663,0.0,41.74643404400954,41.90734876907963,4,2.266635657803128,43.00000000000007,5.074250100000427
C5,K5,,rrt_star,,5,SUCESSO,,5006.099988000642,123.20760600050562,0,,,11.558599486807289,,1,0.4571675539092738,0.4683113110866381,-0.011143757177364266,0.011143757177364266,0.0,0.4683113110866381,0.0,43.31061037035227,43.36600896792606,3,1.5715597221049853,44.40000000000009,5.080131643000641
C5,K5,,rrt_star,,6,SUCESSO,,5007.376509000096,120.61600100059877,0,,,11.22332762238666,,1,0.47094447125383393,0.4832934788610908,-0.012349007607256879,0.012349007607256879,0.0,0.4832934788610908,0.0,44.61579201352111,44.61077390879651,3,1.9992738337561917,45.80000000000011,5.08073594400048
C5,K5,,rrt_star,,7,SUCESSO,,5005.594916001428,145.05970000027446,0,,,11.673683910872583,,1,0.45261492111542084,0.4621940036870666,-0.009579082571645747,0.009579082571645747,0.0,0.4621940036870666,0.0,42.879308316197765,42.758602396049234,4,1.6396244942221387,43.80000000000008,5.08804893100023
C5,K5,,rrt_star,,8,SUCESSO,,5004.329418001362,116.50828600068053,0,,,11.712063583991204,,1,0.4510176777234786,0.46411451068892606,-0.013096832965447447,0.013096832965447447,0.0,0.46411451068892606,0.0,42.72799052117168,42.83792977003641,3,2.2386743905550954,44.000000000000085,5.067616412001371
C5,K5,,rrt_star,,9,SUCESSO,,5004.11424900085,102.61214000092878,0,,,12.011452905288184,,1,0.4397570084000453,0.4534554613964487,-0.013698452996403432,0.013698452996403432,0.0,0.4534554613964487,0.0,41.66119026947797,41.838862637165555,3,1.5681128799685076,43.00000000000007,5.066209040000103
C5,K5,,rrt_star,,10,SUCESSO,,5007.693694999034,86.12508399892249,0,,,11.918521521268707,,1,0.4435029035139992,0.45581201441329405,-0.012309110899294873,0.012309110899294873,0.0,0.45581201441329405,0.0,42.016064543431504,42.14215309288193,4,2.045379020447501,43.200000000000074,5.081119319000209
C5,K5,,rrt_star,,11,SUCESSO,,5006.862681000712,135.13304200023413,0,,,11.49376931618358,,1,0.45981623377394665,0.4709721600740025,-0.011155926300055852,0.011155926300055852,0.0,0.4709721600740025,0.0,43.56153793647916,43.40136779793909,4,1.5310907997671013,44.600000000000094,5.073873921000995
C5,K5,,rrt_star,,12,SUCESSO,,5004.656158000216,51.99929899936251,0,,,11.515864138071896,,1,0.4587317588922972,0.4707186206320142,-0.01198686173971697,0.01198686173971697,0.0,0.4707186206320142,0.0,43.458798210849224,43.51361800239482,3,2.399158111212804,44.600000000000094,5.0727586100001645
C5,K5,,rrt_star,,13,SUCESSO,,5005.453117999423,131.11592099994596,0,,,11.772837124723416,,1,0.44879019312019036,0.46197807217730197,-0.013187879057111607,0.013187879057111607,0.0,0.46197807217730197,0.0,42.51696566401803,42.63707619544148,3,1.7701906955312916,43.80000000000008,5.073931060000177
C5,K5,,rrt_star,,14,SUCESSO,,5007.023627998933,103.80545099906158,0,,,11.706767704570836,,1,0.45146463487685295,0.4642095356245046,-0.012744900747651666,0.012744900747651666,0.0,0.4642095356245046,0.0,42.7703338304387,42.86684438011116,3,1.6836574815187078,44.000000000000085,5.076547880998987
C5,K5,,rrt_star,,15,SUCESSO,,5008.905332000722,92.11058500113722,0,,,12.064834415185853,,1,0.43823045294266977,0.45146222635516126,-0.013231773412491488,0.013231773412491488,0.0,0.45146222635516126,0.0,41.516569226147666,41.69487214757126,4,1.9852708709519478,42.80000000000007,5.074124935999862
C5,K5,,rrt_star,,16,SUCESSO,,5005.8904660018015,88.50403200085566,0,,,11.10293227329004,,1,0.4759099093671249,0.48763387163127636,-0.011723962264151455,0.011723962264151455,0.0,0.48763387163127636,0.0,45.08620194004342,45.02118123097613,3,1.702455025102962,46.20000000000012,5.0826858159998665
C5,K5,,rrt_star,,17,SUCESSO,,5003.541222999047,69.08517299962114,0,,,11.991272665912076,,1,0.4404466383623979,0.4535726381954773,-0.013125999833079383,0.013125999833079383,0.0,0.4535726381954773,0.0,41.72652363433243,41.88396456489104,3,1.6456833107014335,43.00000000000007,5.066290548000325
C5,K5,,rrt_star,,18,SUCESSO,,5006.135908000942,83.12675500019395,0,,,11.91444478804209,,1,0.4435166441712906,0.4579292707944457,-0.014412626623155067,0.014412626623155067,0.0,0.4579292707944457,0.0,42.017366289911735,42.22223567634373,4,1.8788680265920248,43.40000000000008,5.067169456000556
C5,K6,,astar,2.0,0,ENERGIA_INSUFICIENTE,"plan needs 0.44 Wh, available 10.22 Wh - reserve 10.0 Wh",142.55800200044177,142.55800200044177,0,,,0.3390639082180148,,1,0.4438039182386539,nan,nan,,,,,42.04458172787248,nan,3,nan,nan,0.14476283699877968
C5,K5,,rrt_star,,19,SUCESSO,,5003.570782999304,129.31993900019734,0,,,11.520707133813914,,1,0.45843947565586013,0.47069488433017453,-0.012255408674314405,0.012255408674314405,0.0,0.47069488433017453,0.0,43.43110822002885,43.4784151035709,3,2.1942347463593457,44.600000000000094,5.076256066999122
C5,K6,,astar,2.0,1,ENERGIA_INSUFICIENTE,"plan needs 0.44 Wh, available 10.22 Wh - reserve 10.0 Wh",154.033292999884,154.033292999884,0,,,0.37064027483047135,,1,0.4386752039856225,nan,nan,,,,,41.55870353548003,nan,4,nan,nan,0.15634867799963104
C5,K5,,rrt_star,,20,SUCESSO,,5007.335236998188,109.30001799897582,0,,,11.67293217808707,,1,0.4528014424571692,0.4643289855152605,-0.011527543058091283,0.011527543058091283,0.0,0.4643289855152605,0.0,42.89697875910024,42.93029834234898,4,2.0791195404469205,44.000000000000085,5.087465454998892
C5,K6,,astar,2.0,2,ENERGIA_INSUFICIENTE,"plan needs 0.45 Wh, available 10.22 Wh - reserve 10.0 Wh",141.4760599982401,141.4760599982401,0,,,0.33530654162848844,,1,0.44537109351929655,nan,nan,,,,,42.193050964985986,nan,3,nan,nan,0.14367353899979207
C5,K5,,rrt_star,,21,SUCESSO,,5006.267475999266,71.51289700050256,0,,,11.944474667069972,,1,0.44241321566504666,0.4556292460433367,-0.013216030378290056,0.013216030378290056,0.0,0.4556292460433367,0.0,41.912830957741264,42.06272370374514,3,1.6559487033425753,43.200000000000074,5.072563909001474
C5,K6,,astar,1.0,2,ENERGIA_INSUFICIENTE,"plan needs 0.44 Wh, available 10.22 Wh - reserve 10.0 Wh",976.318483999421,976.318483999421,0,,,2.352959618893449,,1,0.4379838869745746,nan,nan,,,,,41.4932103449597,nan,4,nan,nan,0.9803452380001545
C5,K5,,rrt_star,,22,SUCESSO,,5008.597585001553,79.18257200071821,0,,,12.096375860972367,,1,0.4370609070976357,0.44913648474488443,-0.012075577647248759,0.012075577647248759,0.0,0.44913648474488443,0.0,41.40577014609181,41.59956361301634,4,1.5591370165249825,42.600000000000065,5.075979764000294
C5,K6,,astar,1.0,0,ENERGIA_INSUFICIENTE,"plan needs 0.44 Wh, available 10.22 Wh - reserve 10.0 Wh",1060.6482779985527,1060.6482779985527,0,,,2.5618599420469113,,1,0.4370157649747523,nan,nan,,,,,41.401493523923904,nan,4,nan,nan,1.065068578998762
C5,K5,,rrt_star,,23,SUCESSO,,5005.800955999803,112.30124800022168,0,,,11.472725547082648,,1,0.46056196388786824,0.4727304053679025,-0.012168441480034264,0.012168441480034264,0.0,0.4727304053679025,0.0,43.63218605253489,43.65763042809762,3,1.8215392873648404,44.8000000000001,5.082113926999227
C5,K6,,astar,1.0,1,ENERGIA_INSUFICIENTE,"plan needs 0.44 Wh, available 10.22 Wh - reserve 10.0 Wh",1055.6851220007957,1055.6851220007957,0,,,2.5498069073026155,,1,0.43702693417836636,nan,nan,,,,,41.40255165900314,nan,4,nan,nan,1.0599825990011595
C5,K5,,rrt_star,,24,SUCESSO,,5003.713570999025,107.73084699940227,0,,,11.222775351512466,,1,0.4706231295599219,0.4811714606271326,-0.010548331067210703,0.010548331067210703,0.0,0.4811714606271326,0.0,44.585349116203126,44.52892591730612,3,1.7157571942552257,45.60000000000011,5.08851097400111
C5,K5,,rrt_star,,25,SUCESSO,,5005.699110000933,87.72616800160904,0,,,11.81468865912553,,1,0.4472224074156912,0.4600116324315241,-0.012789225015832906,0.012789225015832906,0.0,0.4600116324315241,0.0,42.36843859727601,42.40578535381968,4,1.5797205751408487,43.60000000000008,5.0939281989994925
C5,K5,,rrt_star,,26,SUCESSO,,5009.993253001085,94.04130700022506,0,,,11.917995403176914,,1,0.4437261496250843,0.45590157021846095,-0.012175420593376673,0.012175420593376673,0.0,0.45590157021846095,0.0,42.037214175007975,42.121889013472085,5,1.5318148036317827,43.200000000000074,5.080597213000146
C5,K5,,rrt_star,,27,SUCESSO,,5006.5373920006095,91.5153130008548,0,,,11.908544344659296,,1,0.44377198465847073,0.45550999735161474,-0.011738012693144007,0.011738012693144007,0.0,0.45550999735161474,0.0,42.04155644132882,42.19294697152915,3,2.0035376081854257,43.200000000000074,5.070656464000422
C5,K5,,rrt_star,,28,SUCESSO,,5008.452276000753,101.12221999952453,0,,,12.043518528900544,,1,0.43896637116313597,0.45151648964151764,-0.012550118478381667,0.012550118478381667,0.0,0.45151648964151764,0.0,41.58628779440236,41.75817365422018,4,1.6860755649978683,42.80000000000007,5.074038278000444
C5,K5,,rrt_star,,29,SUCESSO,,5006.886934999784,143.47250200080452,0,,,11.342491936472857,,1,0.4659511639839019,0.47676237045818204,-0.010811206474280133,0.010811206474280133,0.0,0.47676237045818204,0.0,44.1427418511065,44.175250217920805,3,1.8816088677595246,45.2000000000001,5.071530326000357
C5,K6,,rrt_star,,0,ENERGIA_INSUFICIENTE,"plan needs 0.49 Wh, available 10.24 Wh - reserve 10.0 Wh",5003.584238998883,170.91966800035152,0,,,10.816208856164861,,1,0.4883005877013165,nan,nan,,,,,46.260055676966836,nan,3,nan,nan,5.0060348070001055
C5,K6,,rrt_star,,1,ENERGIA_INSUFICIENTE,"plan needs 0.44 Wh, available 10.22 Wh - reserve 10.0 Wh",5005.323014000169,151.37614699960977,0,,,11.923771759311379,,1,0.44309775643366406,nan,nan,,,,,41.97768218845239,nan,4,nan,nan,5.007910983000329
C5,K6,,rrt_star,,2,ENERGIA_INSUFICIENTE,"plan needs 0.44 Wh, available 10.22 Wh - reserve 10.0 Wh",5006.237740999495,104.42139199949452,0,,,11.943589553349602,,1,0.442443374024177,nan,nan,,,,,41.91568806544835,nan,4,nan,nan,5.00879788400016
C5,K6,,rrt_star,,3,ENERGIA_INSUFICIENTE,"plan needs 0.45 Wh, available 10.23 Wh - reserve 10.0 Wh",5005.505297001946,119.71818800157052,0,,,11.71301535715498,,1,0.45108699711433803,nan,nan,,,,,42.73455762135834,nan,4,nan,nan,5.008077944999968
C5,K6,,rrt_star,,4,ENERGIA_INSUFICIENTE,"plan needs 0.44 Wh, available 10.22 Wh - reserve 10.0 Wh",5009.544188000291,78.60901700041723,0,,,11.999933174457908,,1,0.44065680379787847,nan,nan,,,,,41.74643404400954,nan,4,nan,nan,5.012143834999733
C5,K6,,rrt_star,,5,ENERGIA_INSUFICIENTE,"plan needs 0.46 Wh, available 10.23 Wh - reserve 10.0 Wh",5005.586522998783,128.46763000015926,0,,,11.557413945902951,,1,0.4571675539092738,nan,nan,,,,,43.31061037035227,nan,3,nan,nan,5.008108199999697
C5,K6,,rrt_star,,6,ENERGIA_INSUFICIENTE,"plan needs 0.47 Wh, available 10.24 Wh - reserve 10.0 Wh",5004.77070099987,132.30954299979203,0,,,11.217487071580264,,1,0.47094447125383393,nan,nan,,,,,44.61579201352111,nan,3,nan,nan,5.007668292000744
C5,K6,,rrt_star,,7,ENERGIA_INSUFICIENTE,"plan needs 0.45 Wh, available 10.23 Wh - reserve 10.0 Wh",5006.798085001719,149.97650300210807,0,,,11.676489853989526,,1,0.45261492111542084,nan,nan,,,,,42.879308316197765,nan,4,nan,nan,5.009372545999213
C5,K6,,rrt_star,,8,ENERGIA_INSUFICIENTE,"plan needs 0.45 Wh, available 10.23 Wh - reserve 10.0 Wh",5003.770826999244,114.94106099780765,0,,,11.71075626531016,,1,0.4510176777234786,nan,nan,,,,,42.72799052117168,nan,3,nan,nan,5.00634915199953
C5,K6,,rrt_star,,9,ENERGIA_INSUFICIENTE,"plan needs 0.44 Wh, available 10.22 Wh - reserve 10.0 Wh",5005.11961400116,102.67907500019646,0,,,12.013866098463431,,1,0.4397570084000453,nan,nan,,,,,41.66119026947797,nan,3,nan,nan,5.007519889000832
C5,K6,,rrt_star,,10,ENERGIA_INSUFICIENTE,"plan needs 0.44 Wh, available 10.22 Wh - reserve 10.0 Wh",5005.551152999033,77.77471800000058,0,,,11.913422181234642,,1,0.4435029035139992,nan,nan,,,,,42.016064543431504,nan,4,nan,nan,5.007760546999634
C5,K6,,rrt_star,,11,ENERGIA_INSUFICIENTE,"plan needs 0.44 Wh, available 10.22 Wh - reserve 10.0 Wh",5007.786226000462,122.56867500036606,0,,,12.033605808188709,,1,0.4392695469792044,nan,nan,,,,,41.61500971381936,nan,4,nan,nan,5.009991749999244
C5,K6,,rrt_star,,12,ENERGIA_INSUFICIENTE,"plan needs 0.45 Wh, available 10.22 Wh - reserve 10.0 Wh",5005.299807000483,46.47121600100945,0,,,11.754896301383184,,1,0.44946138894299065,nan,nan,,,,,42.58055263670438,nan,3,nan,nan,5.007490305999454
C5,K6,,rrt_star,,14,ENERGIA_INSUFICIENTE,"plan needs 0.45 Wh, available 10.23 Wh - reserve 10.0 Wh",5004.346236999481,92.83144800065202,0,,,11.700507779151348,,1,0.45146463487685295,nan,nan,,,,,42.7703338304387,nan,3,nan,nan,5.006481554999482
C5,K6,,rrt_star,,13,ENERGIA_INSUFICIENTE,"plan needs 0.45 Wh, available 10.22 Wh - reserve 10.0 Wh",5008.365656001843,118.15705500157492,0,,,11.82256044021099,,1,0.4471627122721684,nan,nan,,,,,42.362783267889654,nan,5,nan,nan,5.010588272998575
C5,K6,,rrt_star,,15,ENERGIA_INSUFICIENTE,"plan needs 0.44 Wh, available 10.22 Wh - reserve 10.0 Wh",5005.377480001698,80.99921400207677,0,,,12.056336959676445,,1,0.43823045294266977,nan,nan,,,,,41.516569226147666,nan,4,nan,nan,5.00762906700038
C5,K6,,rrt_star,,16,ENERGIA_INSUFICIENTE,"plan needs 0.48 Wh, available 10.24 Wh - reserve 10.0 Wh",5002.850208999007,77.33922499937762,0,,,11.096189063900086,,1,0.4759099093671249,nan,nan,,,,,45.08620194004342,nan,3,nan,nan,5.005060972998763
C5,K6,,rrt_star,,17,ENERGIA_INSUFICIENTE,"plan needs 0.44 Wh, available 10.22 Wh - reserve 10.0 Wh",5003.133924999929,60.931275998882484,0,,,11.99029655296606,,1,0.4404466383623979,nan,nan,,,,,41.72652363433243,nan,3,nan,nan,5.005285935998472
C5,K6,,rrt_star,,18,ENERGIA_INSUFICIENTE,"plan needs 0.44 Wh, available 10.22 Wh - reserve 10.0 Wh",5004.906813001071,73.02915100081009,0,,,12.02992034304903,,1,0.4391514690746609,nan,nan,,,,,41.60382338602051,nan,4,nan,nan,5.007176618999438
C5,K6,,rrt_star,,19,ENERGIA_INSUFICIENTE,"plan needs 0.46 Wh, available 10.23 Wh - reserve 10.0 Wh",5003.859611000735,115.17578100028913,0,,,11.521372159444775,,1,0.45843947565586013,nan,nan,,,,,43.43110822002885,nan,3,nan,nan,5.0059912859996984
C5,K6,,rrt_star,,20,ENERGIA_INSUFICIENTE,"plan needs 0.45 Wh, available 10.23 Wh - reserve 10.0 Wh",5004.579004000334,95.25865400064504,0,,,11.66650694004564,,1,0.4528014424571692,nan,nan,,,,,42.89697875910024,nan,4,nan,nan,5.006710188999932
C5,K6,,rrt_star,,21,ENERGIA_INSUFICIENTE,"plan needs 0.44 Wh, available 10.22 Wh - reserve 10.0 Wh",5004.901191998215,62.10163399919111,0,,,11.941214844314432,,1,0.44241321566504666,nan,nan,,,,,41.912830957741264,nan,3,nan,nan,5.006985006000832
C6,K1,,astar,4.0,0,SUCESSO,replanner setup 1.59s,914.8604849997355,914.8604849997355,0,,,1.141062973726662,,1,3.815033425961792,4.154579136383736,-0.33954571042194415,0.33954571042194415,2.8338072868778434,1.0318829606169748,0.18888888888888888,210.11838072197807,211.44289000915563,10,1.1558844055783064,148.8000000000001,2.791865904999213
C5,K6,,rrt_star,,22,ENERGIA_INSUFICIENTE,"plan needs 0.44 Wh, available 10.22 Wh - reserve 10.0 Wh",5005.198130000281,70.39963000170246,0,,,12.088165761294768,,1,0.4370609070976357,nan,nan,,,,,41.40577014609181,nan,4,nan,nan,5.007329976000619
C5,K6,,rrt_star,,23,ENERGIA_INSUFICIENTE,"plan needs 0.46 Wh, available 10.23 Wh - reserve 10.0 Wh",5005.151145000127,98.65452400117647,0,,,11.447610915217322,,1,0.46151246200001,nan,nan,,,,,43.72223324210621,nan,3,nan,nan,5.007245943999806
C6,K1,,astar,4.0,1,SUCESSO,replanner setup 1.61s,891.4077289973648,891.4077289973648,0,,,1.1367470070857781,,1,3.8087690569493255,4.1417669603568035,-0.3329979034074779,0.3329979034074779,2.8592913825595994,0.993586688908281,0.18888888888888888,207.27777039841624,208.57201866384938,10,1.7008708924811815,144.40000000000035,2.7362989480006945
C6,K1,,astar,4.0,2,SUCESSO,replanner setup 1.58s,866.2829150016478,866.2829150016478,0,,,1.0890206833993505,,1,3.8899258101615906,4.225636839690099,-0.33571102952850884,0.33571102952850884,2.90822490743556,1.0174119322545156,0.2,209.2700885877725,210.55865468961434,10,1.081958144111014,147.0000000000002,2.6931838519994926
C5,K6,,rrt_star,,24,ENERGIA_INSUFICIENTE,"plan needs 0.47 Wh, available 10.24 Wh - reserve 10.0 Wh",5004.264043000148,93.37902400147868,0,,,11.224009999243245,,1,0.4706231295599219,nan,nan,,,,,44.585349116203126,nan,3,nan,nan,5.006471090000559
C5,K6,,rrt_star,,25,ENERGIA_INSUFICIENTE,"plan needs 0.45 Wh, available 10.22 Wh - reserve 10.0 Wh",5005.091838998851,77.27164999960223,0,,,11.813255349279364,,1,0.4472224074156912,nan,nan,,,,,42.36843859727601,nan,4,nan,nan,5.00736594099908
C5,K6,,rrt_star,,26,ENERGIA_INSUFICIENTE,"plan needs 0.44 Wh, available 10.22 Wh - reserve 10.0 Wh",5008.530694998626,85.0045159986621,0,,,11.914516204968466,,1,0.4437261496250843,nan,nan,,,,,42.037214175007975,nan,5,nan,nan,5.010860300000786
C5,K6,,rrt_star,,27,ENERGIA_INSUFICIENTE,"plan needs 0.44 Wh, available 10.22 Wh - reserve 10.0 Wh",5004.683465000198,80.92121499976201,0,,,11.904134595931277,,1,0.44377198465847073,nan,nan,,,,,42.04155644132882,nan,3,nan,nan,5.006895489999806
C5,K6,,rrt_star,,28,ENERGIA_INSUFICIENTE,"plan needs 0.44 Wh, available 10.22 Wh - reserve 10.0 Wh",5005.400095000368,90.5062950005231,0,,,12.036179136128881,,1,0.43896637116313597,nan,nan,,,,,41.58628779440236,nan,4,nan,nan,5.007698004999838
C5,K6,,rrt_star,,29,ENERGIA_INSUFICIENTE,"plan needs 0.47 Wh, available 10.23 Wh - reserve 10.0 Wh",5003.439837002588,126.67140500161622,0,,,11.239475356662746,,1,0.46989815353839026,nan,nan,,,,,44.51666717732119,nan,3,nan,nan,5.005564131999563
C6,K1,,rrt_star,,0,SUCESSO,,15019.439891995717,405.49056599411415,0,,,19.826915980092842,,1,4.188848094804891,4.912491817826207,-0.7236437230213157,0.7236437230213157,4.074110805495603,0.35504767899727036,0.3333333333333333,204.64746673796625,208.1717284857994,11,1.4681952347528533,107.20000000000098,15.186674882999796
C6,K1,,rrt_star,,1,SUCESSO,,15017.043347999788,378.5671959994943,0,,,19.343153610004308,,1,4.1616702428476104,4.648062507347304,-0.48639226449969364,0.48639226449969364,3.9766930649721948,0.382480553486213,0.18888888888888888,203.69628673766698,206.21138781281786,9,1.8666343838406085,112.00000000000105,15.18013166199853
C6,K1,,rrt_star,,2,SUCESSO,,15019.631298000604,405.4801340025733,0,,,19.346055143861353,,1,3.916096619455131,4.496328717924626,-0.5802320984694944,0.5802320984694944,3.669415931043582,0.5380238979921559,0.18888888888888888,198.3072782100089,201.11591794726078,13,1.4306185096231347,114.40000000000109,15.235669259000133
C6,K1,,rrt_star,,3,SUCESSO,,15015.88881400312,504.0527950040996,0,,,18.269019236174607,,1,3.8444861459272333,4.552921167001546,-0.7084350210743131,0.7084350210743131,3.606550516243644,0.6463706507578917,0.2,200.05227120991464,202.7321556555373,11,1.145834182597913,123.80000000000122,15.200890876998528
C6,K1,,astar,2.0,0,SUCESSO,replanner setup 11.57s,6201.428701999248,6201.428701999248,0,,,7.629259075212436,,1,3.7783619797833037,4.151225565616961,-0.37286358583365775,0.37286358583365775,2.8730657900743206,0.9892708866537282,0.18888888888888888,207.77225414433087,209.42218381250737,10,1.3425286630929105,145.2000000000003,18.060045374000765
C6,K1,,rrt_star,,5,SUCESSO,,15017.076345000532,422.9119779993198,0,,,19.62989833863362,,1,4.204515434261464,4.80722744201101,-0.6027120077495463,0.6027120077495463,4.227104504303789,0.28012293770721935,0.2,199.75775339900792,202.52402372842087,10,1.1823791170830487,98.80000000000086,15.167246962999343
C6,K1,,rrt_star,,4,SUCESSO,,15017.863691997263,421.2276359976386,0,,,19.326598978128377,,1,4.213978739276388,4.8864576612649895,-0.6724789219886018,0.6724789219886018,4.035273569446065,0.42340631404114504,0.2777777777777778,206.20272688653444,208.8059850675218,10,1.4489896806940066,115.6000000000011,15.20333742799994
C6,K1,,rrt_star,,6,SUCESSO,,15013.685726000404,656.9666490013333,0,,,18.712189010787398,,1,4.237068285083115,5.059885041645051,-0.8228167565619362,0.8228167565619362,4.146827540577477,0.4741686121786729,0.28888888888888886,211.2781609248613,214.70178754836874,10,1.5034322919279406,118.00000000000114,15.189066263001223
C6,K1,,rrt_star,,8,SUCESSO,,15020.218217001457,470.7440170022892,0,,,19.807513059871372,,1,4.25051717215635,4.836062030454254,-0.5855448582979044,0.5855448582979044,4.28980515568721,0.2573679858781521,0.18888888888888888,201.53904788750316,204.13290196732146,11,1.2582309911018035,97.80000000000085,15.168367969999963
C6,K1,,rrt_star,,7,SUCESSO,,15017.648899998676,718.7771179978881,0,,,18.822319679692402,,1,4.484200191407964,5.02776868221621,-0.5435684908082461,0.5435684908082461,4.354075076828099,0.37369360538811114,0.2,216.4306355438274,219.45935819993056,9,1.3867291866358964,110.00000000000102,15.186832466000851
C6,K1,,astar,2.0,2,SUCESSO,replanner setup 11.18s,6342.1245780009485,6342.1245780009485,0,,,8.024603008214891,,1,3.6296439397276017,4.2073026359933205,-0.5776586962657189,0.5776586962657189,2.817160567258242,0.9623642909572776,0.2777777777777778,205.47154350249613,208.21462475940476,10,1.3087794461751714,144.60000000000034,17.764100921000136
C6,K1,,astar,2.0,1,SUCESSO,replanner setup 11.55s,6350.618107002447,6350.618107002447,0,,,7.686243245908714,,1,3.7783940145836175,4.154650774411416,-0.3762567598277986,0.3762567598277986,2.8611032103944534,0.9935475640169402,0.2,207.4949157994574,209.17179580173848,10,1.0917276300093355,145.0000000000003,18.186658115999307
C6,K1,,rrt_star,,9,SUCESSO,,15015.002287002062,439.5954170049663,0,,,18.640416154217768,,1,3.9649000011133597,4.536339839647499,-0.5714398385341393,0.5714398385341393,3.769397418296419,0.47805353246219295,0.18888888888888888,199.52129938243593,203.10418491385875,11,1.205830903408002,117.80000000000113,15.218487188998552
C6,K1,,rrt_star,,10,SUCESSO,,15016.472944998895,449.44224900064,0,,,19.398777350042455,,1,4.01848635119613,4.641557440376013,-0.6230710891798825,0.6230710891798825,3.7697613643223193,0.5495738538314655,0.2222222222222222,203.95613316121032,206.75518705369217,12,1.6707248868056959,124.60000000000123,15.238378910999018
C6,K1,,rrt_star,,11,SUCESSO,,15020.039766999616,434.99475499993423,0,,,18.171466376792708,,1,4.364392812055366,5.01354924347977,-0.6491564314244043,0.6491564314244043,4.209484027224578,0.3096207718107478,0.34444444444444444,209.45865620666024,212.68874881042714,12,1.2279732164293473,104.40000000000094,15.192967244998727
C6,K1,,rrt_star,,12,SUCESSO,,15016.837441000462,455.68185900083336,0,,,19.617933928783003,,1,4.230500179049954,4.895875034181599,-0.6653748551316454,0.6653748551316454,4.239186742445886,0.35668829173571776,0.2,205.18495970498662,208.5092264246416,9,1.1977902478410152,106.60000000000097,15.184966390999762
C6,K1,,rrt_star,,14,SUCESSO,,15014.83363800071,505.07959600145114,0,,,19.0063910575561,,1,4.309658943263884,4.893958651949988,-0.5842997086861041,0.5842997086861041,4.352070281688955,0.25299948137214495,0.18888888888888888,203.77852649810967,207.26965683119664,10,1.107703431824397,98.20000000000086,15.16883099900042
C6,K1,,rrt_star,,13,SUCESSO,,15013.756559998,577.2634990007646,0,,,18.69876794954527,,1,4.126931960766053,4.728095071513037,-0.6011631107469837,0.6011631107469837,3.8192956358340586,0.586577213456749,0.2222222222222222,209.8630624717005,213.48203335656254,10,1.3590853415529596,121.20000000000118,15.231106670998997
C6,K1,,rrt_star,,17,SUCESSO,,15014.451279999776,556.2031789995672,0,,,19.46680867413626,,1,4.324581720964392,4.985759833055542,-0.6611781120911493,0.6611781120911493,4.207055162173406,0.31759355977103026,0.3111111111111111,207.80648442906784,210.67520019093354,9,1.0286642171739313,104.40000000000094,15.157720760000302
C6,K1,,rrt_star,,15,SUCESSO,,15024.429720999251,528.3420089999709,0,,,19.337317757877276,,1,4.270555669997862,4.759684416852674,-0.4891287468548118,0.4891287468548118,4.140408919568101,0.3081643861734632,0.2111111111111111,203.99658861694283,205.66257939247436,12,1.0563324984785325,101.6000000000009,15.204458178001005
C6,K1,,rrt_star,,18,SUCESSO,,15014.477895998425,707.2421029988618,0,,,13.914565799317357,,1,4.231714703245759,4.658654838198927,-0.42694013495316785,0.42694013495316785,3.7167843198555737,0.6418705183433349,0.2,215.110320378241,217.18878836602548,9,1.320924691008885,124.60000000000123,15.194890991000648
C6,K1,,rrt_star,,16,SUCESSO,,15014.539160998538,412.2176809996745,0,,,19.222865419447402,,1,3.9372189070868364,4.52137262304911,-0.5841537159622732,0.5841537159622732,3.5488121377093695,0.4781160408952946,0.34444444444444444,198.8270831638805,201.4991918670755,11,1.2238126607428192,117.40000000000113,15.215376320998985
C6,K1,,rrt_star,,19,SUCESSO,,15015.869654998824,490.074805000404,0,,,19.121838268187975,,1,4.1088154594212964,4.798766618305696,-0.6899511588843996,0.6899511588843996,4.103495799207583,0.3952708190981097,0.2,200.44043864410105,203.49860188634003,10,1.0363021086808035,108.000000000001,15.176845763000529
C6,K1,,rrt_star,,20,SUCESSO,,15013.903017999837,495.0781609986734,0,,,17.661441593984296,,1,4.508587800262621,5.1570710025939235,-0.6484832023313025,0.6484832023313025,4.563451195928218,0.2936198066657075,0.2,215.60246565410094,219.44194865869744,10,1.3035824504304747,108.400000000001,15.185072111999034
C6,K2,,astar,4.0,0,SUCESSO,replanner setup 1.55s,832.7158630017948,832.7158630017948,15,27.727666200250194,48.868292000406655,1.0386078035783417,0.18285344980533175,1,3.815033425961792,4.892615514285997,-1.0775820883242049,1.0775820883242049,3.1708887134697226,1.02107008753835,0.5006567132778905,210.11838072197807,216.21729417041982,10,1.1558844055783064,159.01591499300326,4.075302637998902
C6,K2,,astar,4.0,1,SUCESSO,replanner setup 1.52s,858.2694009965053,858.2694009965053,20,26.227916000152618,57.91123700146272,1.0918200461558671,0.22100979965894596,1,3.823902345821139,4.893563169976365,-1.0696608241552257,1.0696608241552257,3.0022199497360815,1.0279826071290366,0.7133606131112173,210.4890561504351,211.92258307815524,10,1.5753703324737907,159.32455832000255,4.12688170599904
C6,K2,,astar,4.0,2,SUCESSO,replanner setup 1.52s,834.4428820000758,834.4428820000758,18,24.824386722179447,48.09667900008208,1.0489939739971874,0.18138974228924604,1,3.900162403775636,4.924332594202546,-1.0241701904269105,1.0241701904269105,3.4063033113193146,1.0278507404386612,0.3401785424445431,210.23987114068208,215.42598771650205,10,1.081958144111014,158.44683896099878,4.17665767499966
C6,K1,,rrt_star,,21,SUCESSO,,15026.710301001003,639.2174630000227,0,,,18.964882512545753,,1,4.643756644602563,5.328614167791604,-0.6848575231890406,0.6848575231890406,4.6916383303267875,0.3258647263536999,0.2111111111111111,222.97210565276765,227.08599402795727,13,1.546990691209146,110.60000000000103,15.207804228000896
C6,K1,,rrt_star,,23,SUCESSO,,15016.293243998007,491.95171700011997,0,,,18.427214857039292,,1,4.159845808657835,4.667923738410476,-0.5080779297526412,0.5080779297526412,4.01517976747892,0.3527439709315549,0.2,202.28549068241296,205.138184717802,10,1.457732190155351,110.40000000000103,15.181047947999105
C6,K1,,rrt_star,,22,SUCESSO,,15017.835303000538,514.0368699994724,0,,,18.031673495650494,,1,3.9615204101769734,4.459830498873355,-0.4983100886963818,0.4983100886963818,3.481125833414323,0.6898157765701376,0.18888888888888888,206.48862127541855,209.22135531532066,11,1.1949075026289355,125.20000000000124,15.242197911999028
C6,K1,,rrt_star,,24,SUCESSO,,15019.630517002952,488.68367500108434,0,,,17.97751190811569,,1,3.993162350688719,4.357534130558443,-0.3643717798697246,0.3643717798697246,3.468965112882361,0.5774579065649714,0.2111111111111111,203.2440133145892,204.24787490837096,13,1.06598040739282,119.40000000000116,15.231941267000366
C6,K1,,rrt_star,,25,SUCESSO,,15018.662669999685,558.9329249996808,0,,,17.969807248602287,,1,4.370734018157412,4.6635508317797525,-0.29281681362234036,0.29281681362234036,4.087981517224528,0.28668042566633545,0.18888888888888888,205.37319253733187,205.97796641268513,10,1.7329981464858166,99.00000000000087,15.188253252999857
C6,K1,,rrt_star,,26,SUCESSO,,15018.324630002098,460.9832020032627,0,,,18.92483988494534,,1,4.309537450389583,4.905932148551715,-0.5963946981621318,0.5963946981621318,4.279308975435936,0.3266231731157815,0.2,207.62218612236143,211.34793936687583,11,1.5369648625061143,104.60000000000095,15.189287691000573
C6,K1,,rrt_star,,27,SUCESSO,,15015.804747999937,358.9914010008215,0,,,19.504816971746042,,1,3.789255042738014,4.390794999540885,-0.6015399568028714,0.6015399568028714,3.2374414451601043,0.6700202210474435,0.3333333333333333,198.30255211851232,201.25652325767845,10,1.6154647783793474,122.6000000000012,15.216326467001636
C6,K1,,rrt_star,,28,SUCESSO,,15020.020161000502,478.56955799943535,0,,,19.531283939618955,,1,3.8887459031387213,4.571419163806682,-0.6826732606679604,0.6826732606679604,3.4886447657056805,0.5883299536565556,0.34444444444444444,200.1193175793283,203.10450516373808,12,1.1243436466658072,119.60000000000116,15.226232519000405
C6,K1,,rrt_star,,29,SUCESSO,,15015.543862000413,416.3438879986643,0,,,19.293466318373792,,1,3.8056056723996887,4.406590168539686,-0.600984496139997,0.600984496139997,3.246504273018889,0.7767525621874543,0.23333333333333334,201.52836053754686,203.44960740689612,11,1.134251738496972,130.00000000000117,15.252650717999131
C6,K2,,astar,2.0,0,SUCESSO,replanner setup 11.21s,5973.297128997729,5973.297128997729,22,35.48754631827416,176.28239599980589,7.348601994836229,0.6506101097549349,1,3.768424708566467,6.5584327303808845,-2.7900080218144176,2.7900080218144176,4.069448245050064,0.9926264311643278,1.096358054166578,207.29116939813252,224.2705403915979,10,1.3571139735461637,181.98072601900023,19.378967006001403
C6,K2,,astar,2.0,2,SUCESSO,replanner setup 11.10s,6055.147004997707,6055.147004997707,11,42.900615090647165,165.2384129993152,7.661494231764792,0.6272216745598406,1,3.6198037981803863,4.6717631645578654,-1.051959366377479,1.051959366377479,2.729602870075794,0.9632720083710744,0.8788882861109717,204.99516138126396,206.81910642847197,10,1.5239969168866683,154.0719067659969,18.842856881999978
C6,K2,,astar,2.0,1,SUCESSO,replanner setup 11.17s,5951.202950001971,5951.202950001971,21,40.62654514287022,296.5464240005531,7.20282541144259,1.076743039890568,1,3.7783940145836175,6.19541331180795,-2.417019297224333,2.417019297224333,3.7107131115709273,0.9935129922370437,1.1411872080000547,207.4949157994574,221.11490106769511,10,1.0917276300093355,176.2531574479988,19.402038861999245
C6,K2,,rrt_star,,1,SUCESSO,,15011.44197100075,317.77087800219306,12,40.21391433328366,106.66467400005786,19.335938588164847,0.41217790868645915,1,4.155087360323772,5.259676834582617,-1.1045894742588453,1.1045894742588453,4.345230660924524,0.3836597206025972,0.38078645305548786,203.37759758627155,212.659091599154,9,1.176157412025311,121.68256697200059,16.56087308899987
C6,K2,,rrt_star,,3,SUCESSO,,15013.637919000757,391.3009999996575,14,34.571266714270415,112.76898399955826,18.963503255725236,0.427310490653443,1,3.838005170363912,4.852012148211892,-1.0140069778479797,1.0140069778479797,3.8602551756014605,0.6425370776104622,0.24921989499996725,200.54749905961052,205.67192591864926,10,1.401366584148946,129.48399773400098,16.397582865000004
C6,K2,,rrt_star,,0,SUCESSO,,15012.48814399878,400.4643259995646,16,54.08509125015826,280.8957490015018,19.81773909171077,1.1124175977266755,1,3.9470413756124905,5.7404510121189825,-1.793409636506492,1.793409636506492,3.6757271167237096,0.5918093683951985,1.3229145270000622,202.0880395528185,213.95995525093193,11,1.529866042056274,140.2653614600031,17.161073658999157
C6,K2,,rrt_star,,2,SUCESSO,,15014.948573003494,396.27335400109587,12,69.1619571668222,278.7571039989416,19.340023553989397,1.077160324120175,1,3.8796062142606367,4.96267935639864,-1.0830731421380033,1.0830731421380033,3.7980139535389807,0.5381887069151583,0.42647669594449933,196.5406686352902,202.7953786130538,11,1.5790569893547888,121.02994348600303,17.024072905998764
C6,K2,,rrt_star,,5,SUCESSO,,15015.580346002025,410.43236900259217,7,31.573227999355627,36.93622500031779,19.6279428109676,0.14484597236742158,1,4.204515434261464,5.393201215395892,-1.1886857811344278,1.1886857811344278,4.809669869947488,0.2802223339485333,0.20330901149987363,199.75775339900792,205.79126050783108,10,1.1823724266856932,108.22101259599648,16.355817419000232
C6,K2,,rrt_star,,8,SUCESSO,,15016.422426997451,452.9712669991568,9,38.96012677756112,92.01225499964494,19.802507462816077,0.36401613803002153,1,4.219752412197964,5.280081683365023,-1.0603292711670589,1.0603292711670589,4.582639831777403,0.26100037219872935,0.2864414793888904,200.04957522363694,205.59601488007567,10,1.5362954639470359,104.55064114099899,16.632887014000517
C6,K2,,rrt_star,,6,SUCESSO,,15013.070670998786,612.7960810008517,13,41.21011692278933,117.27568700007396,18.711422441828095,0.43849688775254453,1,4.210765661678726,5.655724098490363,-1.4449584368116364,1.4449584368116364,4.285637639807163,0.4794075128499152,0.6406789458332747,210.00475874246382,215.9539421550004,10,1.0893888606903537,127.33573151999752,16.73832154199954
C6,K2,,rrt_star,,7,SUCESSO,,15014.074733002417,417.3240740001347,16,36.584381499892515,100.44852600003651,18.81784000952298,0.3776904654616238,1,4.346195597376438,5.462277379331122,-1.1160817819546844,1.1160817819546844,4.478130534730473,0.37287372321173456,0.5112731213889169,209.74952888817222,213.78500218667276,9,1.518672440222809,117.3853501039994,16.707142635999844
C6,K2,,rrt_star,,4,SUCESSO,,15013.27946800302,403.60326600239205,20,37.62393400011206,109.96045600040816,19.320699506633648,0.4245267529704263,1,4.179229955961579,5.515778552951339,-1.3365485969897604,1.3365485969897604,3.7688522683742613,0.41864192629923797,1.2282843582778393,204.5202988507629,208.08153246290763,10,2.0078664797581323,127.1524786800035,16.951201570000194
C6,K2,,rrt_star,,9,SUCESSO,,15012.668782996116,288.5962389955239,8,38.84088637505556,102.1028799987107,18.637519219209903,0.38026770905676593,1,3.93027265147077,4.765142390163112,-0.8348697386923414,0.8348697386923414,3.99411808990986,0.4790487516421552,0.19197554861109692,197.84494410000445,202.52228960298595,11,1.1359934430823357,121.71072709100163,16.559758531000625
C6,K2,,rrt_star,,11,SUCESSO,,15021.512426999834,411.9225609993009,13,36.098538307739474,115.16798199954792,18.173248022653407,0.41799578663949877,1,4.363692240921544,6.012594430966241,-1.648902190044697,1.648902190044697,4.20422151931504,0.3053666329844797,1.3530062786667258,209.42472573794657,216.95540712063726,12,1.1193014457886168,121.8692809980018,16.799871827999596
C6,K2,,rrt_star,,10,SUCESSO,,15019.48700399953,450.2133559981303,13,53.79097523081537,256.87593699876743,19.40267101133611,0.9955225424786969,1,4.186081575631692,4.939877393787869,-0.7537958181561768,0.7537958181561768,3.7347523169891312,0.6645299502986234,0.3905951265000921,201.86696278856863,209.86106917365206,12,1.5371245341282371,138.69928267800125,16.951444796999567
C6,K2,,rrt_star,,13,SUCESSO,,15012.826859998313,539.5784689990251,13,51.198487230626945,138.3588789994974,18.697610061811613,0.5169540138403227,1,3.9635207473665752,4.979287408799373,-1.015766661432798,1.015766661432798,3.8495060421154155,0.5875893501285291,0.39219201655541835,201.95190669809762,206.58345926443215,10,1.5795267740754078,125.06558033399938,16.89110433099995
C6,K2,,rrt_star,,12,SUCESSO,,15016.348129001926,400.68994400280644,11,88.8782242727757,330.31429500078957,19.617294693624764,1.294563660394723,1,4.2479197480534365,5.649502937699031,-1.4015831896455948,1.4015831896455948,5.118665124486236,0.20261165093501826,0.22822616227777973,203.52663801606192,221.3993246603615,11,1.1771334834583809,106.5776604670015,17.084767192998697
C6,K2,,rrt_star,,14,SUCESSO,,15014.402636999876,471.4048170026217,11,52.68837409113819,102.00744800022221,19.005845478846034,0.38737561019031735,1,4.267349126640994,5.3149368581573935,-1.0475877315163995,1.0475877315163995,4.745762997669823,0.25303969420973166,0.21613416627783913,201.73011652904472,210.3907815604581,10,1.9276188522166229,104.97957211500346,16.656976225000108
C6,K2,,rrt_star,,15,SUCESSO,,15022.814952999397,527.5294789989857,14,43.25320999981029,106.57985599937092,19.33523945723637,0.4115234814872361,1,4.266138276791192,5.349232300199446,-1.083094023408254,1.083094023408254,4.687135255136113,0.3104964977300076,0.251600547333328,203.78273694993456,218.58024446679167,12,1.0563344340234693,111.40554493999838,16.751393929998812
C6,K2,,rrt_star,,18,SUCESSO,,15013.390311001785,621.4336150005693,1,134.8598580007092,134.8598580007092,13.91355788728053,0.37494138274450073,1,4.154825432077645,4.830370878553127,-0.675545446475482,0.675545446475482,3.8885006271994773,0.6418702513536353,0.2,211.38794647056758,223.66339244475557,9,1.308955226347754,127.33485985800198,16.25703974800126
C6,K2,,rrt_star,,17,SUCESSO,,15013.246335001895,511.8594320010743,12,47.2204115835666,136.87556100012443,19.46524641699484,0.5323931541282131,1,4.323093778075703,5.840229760011022,-1.5171359819353194,1.5171359819353194,4.303297954768122,0.3166107305759631,1.0703210746669356,207.73444554688422,214.78805378769687,9,1.3510653047853691,119.36664493900395,16.505721854000512
C6,K2,,rrt_star,,19,SUCESSO,,15018.523542998082,458.7297979978757,10,57.41203350007709,186.57088899999508,19.12521784048513,0.7127615876358451,1,4.110247239959281,5.643533185950076,-1.5332859459907953,1.5332859459907953,4.83666770733691,0.3954078577242889,0.2614576208888846,200.50971972616338,208.3882968669519,11,1.2456759888553388,120.97412033500194,16.611605382999187
C6,K2,,rrt_star,,16,SUCESSO,,15012.964796002052,440.34114200076147,14,54.51389171412302,257.15779299935093,19.220849786058718,0.9877045695606717,1,3.759834839826692,5.909412906890074,-2.149578067063382,2.149578067063382,4.423879891507337,0.15642214593835913,1.1791108694443715,196.09583720375588,215.29830212659724,10,1.3877680590974204,115.56319448399881,17.1742986270001
C6,K2,,rrt_star,,20,SUCESSO,,15014.60497300286,465.2693320003891,10,32.306998199965165,37.15531199850375,17.662267331120912,0.13112174202426538,1,4.508587800262621,5.751894677946257,-1.2433068776836365,1.2433068776836365,5.13815298383384,0.2978734040569067,0.21586829005551003,215.60246565410094,222.4632537278439,10,1.3035824504304747,116.72306998200077,16.702870881999843
C6,K2,,rrt_star,,21,SUCESSO,,15025.84723200198,603.1525940015854,10,45.13883310009987,110.0717640001676,18.96379325203305,0.416757499891267,1,4.589835943910956,5.6167034386748895,-1.0268674947639331,1.0268674947639331,4.747485088727457,0.3268743710029361,0.39234397894449813,220.3616874492336,223.04871102120995,13,1.4260910234569186,115.05138833100209,16.895342518999314
C6,K2,,rrt_star,,22,SUCESSO,,15013.85308099816,482.55180600062886,12,65.12681125013842,267.549283000335,18.026892105690802,0.9637263728868171,1,3.9549695279880255,4.828615157654325,-0.8736456296662998,0.8736456296662998,3.815816117613633,0.6489305308184503,0.26386850922222543,205.50879980680907,206.36838512416716,10,1.5093134662394125,128.18152173500292,16.71624119199987
C6,K2,,rrt_star,,23,SUCESSO,,15016.830485004903,428.77383200357144,12,34.5377740833707,116.80838900065282,18.42787413128915,0.43002355766060724,1,4.142985116804173,5.476754986058301,-1.3337698692541284,1.3337698692541284,4.809596500863629,0.35280158419460855,0.2143569010000647,201.4692171019733,212.17586135016936,10,1.307411610223268,123.41445328900166,17.024510309000107
C6,K3,,astar,4.0,0,SUCESSO,replanner setup 1.53s,852.5660680024885,852.5660680024885,0,,,1.0633660419311348,,1,3.815033425961792,4.154579136383736,-0.33954571042194415,0.33954571042194415,2.8338072868778434,1.0318829606169748,0.18888888888888888,210.11838072197807,211.44289000915563,10,1.1558844055783064,148.8000000000001,10.020908043001327
C6,K3,,astar,4.0,1,SUCESSO,replanner setup 1.54s,842.8755969980557,842.8755969980557,2,69.10971200068161,125.30205400071281,1.0722373093455053,0.47819703541909314,1,3.823902345821139,4.102439849229591,-0.27853750340845185,0.27853750340845185,2.7798276401956334,1.0337233201450389,0.18888888888888888,210.4890561504351,208.5731022942883,10,1.5746355054235464,146.93821942400157,9.93328837899935
C6,K3,,astar,4.0,2,SUCESSO,replanner setup 1.54s,843.1550699951913,843.1550699951913,0,,,1.0599462307715533,,1,3.900162403775636,4.236203474654046,-0.3360410708784096,0.3360410708784096,2.908225464979986,1.0279780096740316,0.2,210.23987114068208,211.51633757051624,10,1.081958144111014,148.00000000000014,10.00535445100104
C6,K2,,rrt_star,,25,SUCESSO,,15019.641668002805,359.2743870012782,14,39.17895042845235,95.37735800040537,17.970978618237478,0.34235659528564183,1,4.358990753669407,5.091442837110398,-0.7324520834409904,0.7324520834409904,4.363363679949581,0.2855851583829381,0.3424939987778796,204.8046937326783,205.74783407288692,10,1.2297276718221446,106.3485053059993,16.77856563900059
C6,K2,,rrt_star,,26,SUCESSO,,15015.885635000814,439.34504500248295,9,74.2187060000611,310.13690500003577,18.921766466903268,1.1724259691017265,1,3.981057884815622,5.317762927417926,-1.3367050426023037,1.3367050426023037,4.762734895439642,0.2488166875337498,0.20621134444453573,200.48837013303282,215.24076769819894,11,1.23824006455839,105.8679683540015,16.75074509800106
C6,K2,,rrt_star,,27,SUCESSO,,15011.507524002809,349.49458700066316,12,53.544344333507375,208.58021899948653,19.49923508193346,0.8128073847098165,1,3.781968177832728,4.621387402142422,-0.8394192243096938,0.8394192243096938,3.190237885398608,0.668891956743731,0.662257560000075,197.9498443437983,200.20754873299973,10,1.2571216206455769,128.44253213200332,16.718438007999794
C6,K2,,rrt_star,,24,SUCESSO,,15015.342361002695,465.99373500248475,13,55.64965184636934,312.1211729994684,17.972379266838583,1.120765673567177,1,3.949425215122628,5.326205734673267,-1.376780519550639,1.376780519550639,4.6865184261289174,0.2225087688220834,0.317178539722267,200.93060466304968,211.79428989089544,13,1.2091774552192698,106.92344547400377,17.152433971999926
C6,K2,,rrt_star,,28,SUCESSO,,15016.62761300031,484.4895490005001,13,30.725882153721894,32.75666599984106,19.526872439663546,0.1277853966306943,1,3.8887459031387213,5.3388870637287384,-1.4501411605900172,1.4501411605900172,3.4886446944270393,0.589162565524011,1.1110798037776881,200.1193175793283,206.4779652176891,12,1.1243436466658072,133.59943646799934,16.758593124999607
C6,K2,,rrt_star,,29,SUCESSO,,15015.120054002182,581.4293610037566,13,65.45716715397877,307.3336590005056,19.292921767645925,1.184678687550159,1,3.770650239155155,4.780394511290706,-1.009744272135551,1.009744272135551,3.9000359677794147,0.5413128890667769,0.2390456544445139,199.69593872890303,203.47600845122096,10,1.3579905272129116,119.05094317300286,16.85278710199964
C6,K3,,rrt_star,,1,SUCESSO,,15012.204859000121,323.3916040007898,1,162.47168200061424,162.47168200061424,19.336921248960127,0.6278295859015918,1,4.155087360323772,4.6810128595559615,-0.5259254992321898,0.5259254992321898,3.987330812835943,0.3825709356089012,0.2111111111111111,203.37759758627155,206.4416168228951,9,1.0466304058116425,112.56247168200167,21.874732782000137
C6,K3,,rrt_star,,2,SUCESSO,,15013.916724998126,379.57617299798585,2,250.78215400026238,329.22454199979256,19.338694480857317,1.2721742667055373,1,3.8796062142606367,4.468099543628423,-0.5884933293677861,0.5884933293677861,3.6179464750072676,0.539041957510043,0.2111111111111111,196.5406686352902,200.88959783259537,11,1.5742044246440865,114.3015643080016,22.756601578999835
C6,K3,,rrt_star,,0,SUCESSO,,15013.68174199888,390.17506999698526,3,261.32621000033396,352.1221400005743,19.819314740831654,1.3944919653580112,1,3.9470413756124905,4.56906479149115,-0.6220234158786595,0.6220234158786595,3.7015882849977157,0.5563653953823072,0.2111111111111111,202.0880395528185,209.04722880893655,11,1.9468980964194207,124.78397863000224,23.474350938000498
C6,K3,,astar,2.0,0,SUCESSO,replanner setup 11.25s,6355.139780000172,6355.139780000172,1,441.01864000003843,441.01864000003843,7.818360924665478,1.6276791800283512,1,3.768424708566467,4.055133867570386,-0.286709159003919,0.286709159003919,2.7861535640318817,0.9912025257607002,0.17777777777777778,207.29116939813252,205.9686319479939,10,1.3714286235589848,143.8410186400004,25.753562751000572
C6,K3,,astar,2.0,1,SUCESSO,replanner setup 11.24s,6255.507723000846,6255.507723000846,0,,,7.571129798000073,,1,3.7783940145836175,4.154650774411416,-0.3762567598277986,0.3762567598277986,2.8611032103944534,0.9935475640169402,0.2,207.4949157994574,209.17179580173848,10,1.0917276300093355,145.0000000000003,25.472729732000516
C6,K3,,astar,2.0,2,SUCESSO,replanner setup 11.10s,6332.9519420003635,6332.9519420003635,1,492.44272699979774,492.44272699979774,8.012996998030404,1.8692430304018208,1,3.6198037981803863,4.178493065924952,-0.5586892677445658,0.5586892677445658,2.798668937840653,0.9631574614176089,0.26666666666666666,204.99516138126396,205.20832570042433,10,1.1043841274357051,144.29244272700015,25.760731340000348
C6,K3,,rrt_star,,5,SUCESSO,,15019.066484994255,401.4734599950316,0,,,19.63249979346137,,1,4.204515434261464,4.783267527170087,-0.5787520929086227,0.5787520929086227,4.214455754250901,0.2799228840302932,0.18888888888888888,199.75775339900792,202.58734910691493,10,1.1824413418523467,98.40000000000086,21.69728485900123
C6,K3,,rrt_star,,4,SUCESSO,,15013.781510997433,388.07149899730575,1,154.64969399909023,154.64969399909023,19.321345589446874,0.5970594778277393,1,4.179229955961579,4.896040279726805,-0.7168103237652259,0.7168103237652259,4.044856187907881,0.42340631404114504,0.2777777777777778,204.5202988507629,208.8059850675218,10,1.4489896806940066,115.7546496940002,22.252985483000884
C6,K3,,rrt_star,,7,SUCESSO,,15014.607167002396,416.0708870003873,1,167.22971299896017,167.22971299896017,18.818507333883982,0.6287903930174951,1,4.346195597376438,4.786025544198812,-0.43982994682237386,0.43982994682237386,4.112378718781001,0.37364682541781247,0.2,209.74952888817222,212.7327719215091,9,1.0971262974588818,106.16722971299993,21.9328241839994
C6,K3,,rrt_star,,6,SUCESSO,,15010.809270997925,597.4175390019809,2,236.0676099997363,320.4421039990848,18.708603963739677,1.1981414810078006,1,4.210765661678726,4.996398395652146,-0.7856327339734195,0.7856327339734195,4.064305456656241,0.48209293899589256,0.3,210.00475874246382,217.85175779490757,10,1.6942122312930348,117.67213522000061,22.762549956998555
C6,K3,,rrt_star,,3,SUCESSO,,15013.150393000615,379.0347770009248,2,261.2852349993773,358.1561109986069,18.96288746886926,1.357145006484613,1,3.838005170363912,4.502734569490232,-0.6647293991263199,0.6647293991263199,3.3957776558319295,0.6347346914360746,0.32222222222222224,200.54749905961052,204.27364762277176,10,1.145834182597913,121.92257046999995,23.626843117001044
C6,K3,,rrt_star,,8,SUCESSO,,15016.785302999779,438.6883939987456,2,251.03773600039858,329.74568600002385,19.802985995887393,1.3045300449407746,1,4.219752412197964,4.842061821159711,-0.6223094089617467,0.6223094089617467,4.215506943388934,0.22099932221522708,0.25555555555555554,200.04957522363694,204.57399077692926,10,1.2582309911018035,102.10207547200172,22.90398853899933
C6,K3,,rrt_star,,9,SUCESSO,,15015.573668999423,300.58830800044234,2,227.4481870008458,274.7864610009856,18.64112549798011,1.0234032380475517,1,3.93027265147077,4.756740199422102,-0.8264675479513315,0.8264675479513315,4.223020359667923,0.24483095086528794,0.18888888888888888,197.84494410000445,204.18712528924692,11,1.4409809577248025,102.6548963740026,21.688185058999807
C6,K3,,rrt_star,,11,SUCESSO,,15024.360914998397,421.4719839965255,1,186.14626199996565,186.14626199996565,18.176694165586017,0.6756075070845932,1,4.363692240921544,5.037421403880991,-0.6737291629594466,0.6737291629594466,4.233356187625797,0.3096207718107478,0.34444444444444444,209.42472573794657,212.88961862460638,12,1.2279732164293473,104.78614626200091,21.80279546299971
C6,K3,,rrt_star,,10,SUCESSO,,15023.147058000177,441.19717000103265,2,344.65906099921995,461.8475949991989,19.407399190377074,1.7898900822831068,1,4.186081575631692,4.538990304041974,-0.35290872841028165,0.35290872841028165,3.58672095953855,0.6522693445034004,0.2,201.86696278856863,210.83835223042436,12,1.4554982880692244,131.8893181219995,23.390257320001183
C6,K3,,rrt_star,,14,SUCESSO,,15018.194995998783,511.0478229998989,1,158.0603809998138,158.0603809998138,19.010646002108675,0.6002379016146304,1,4.267349126640994,4.9170268111059485,-0.6496776844649546,0.6496776844649546,4.362038841873368,0.2549879692325763,0.2,201.73011652904472,207.64637151509737,10,1.107703431824397,98.75806038100067,21.43575240700011
C6,K3,,rrt_star,,12,SUCESSO,,15017.375167000864,427.45021100017766,2,189.84051650022593,230.54784400119388,19.618636411791766,0.9035602314019855,1,4.2479197480534365,4.491658570031895,-0.2437388219784582,0.2437388219784582,3.492016013667644,0.7107536674753553,0.18888888888888888,203.52663801606192,203.93363140996982,11,1.1977902478410152,127.57968103300172,23.078468172998328
C6,K3,,rrt_star,,13,SUCESSO,,15012.341896002908,563.0176610011404,1,183.12169799901312,183.12169799901312,18.697006067123294,0.6842025425935194,1,3.9635207473665752,5.025118274393142,-1.0615975270265667,1.0615975270265667,4.116457676866321,0.58643837530459,0.2222222222222222,201.95190669809762,224.57703736780098,10,2.028781391164081,125.98312169800026,22.876473819998864
C6,K3,,rrt_star,,16,SUCESSO,,15012.715067998215,451.1635569997452,2,233.96069849877676,235.98211999888008,19.220530063438016,0.9063719809498322,1,3.759834839826692,5.282523572222125,-1.5226887323954332,1.5226887323954332,4.587294375525613,0.15634030780762698,0.3888888888888889,196.09583720375588,214.73220330413784,10,1.4409352256487347,103.86792139699848,21.871981139998752
C6,K3,,rrt_star,,17,SUCESSO,,15012.661845998082,558.0521769988991,1,168.73570900133927,168.73570900133927,19.464488604711384,0.656316844825218,1,4.323093778075703,5.0462684654595105,-0.7231746873838079,0.7231746873838079,4.267566313072577,0.3175910412758244,0.3111111111111111,207.73444554688422,211.11385920605352,9,1.3174433519311965,105.3687357090023,21.95021680499849
C6,K3,,rrt_star,,15,SUCESSO,,15025.889509002809,545.4098260015598,2,311.7769215004955,438.8667510011146,19.339196590219547,1.6945413519984174,1,4.266138276791192,4.785132725973192,-0.5189944491819993,0.5189944491819993,4.164589271265294,0.30943234359678146,0.2111111111111111,203.78273694993456,205.99197409826434,12,1.476689237455622,102.4235538430019,22.692765216001135
C6,K3,,rrt_star,,20,SUCESSO,,15012.676547998126,466.0682139983692,0,,,17.659998849331156,,1,4.508587800262621,5.1570710025939235,-0.6484832023313025,0.6484832023313025,4.563451195928218,0.2936198066657075,0.2,215.60246565410094,219.44194865869744,10,1.3035824504304747,108.400000000001,21.465923453999494
C6,K3,,rrt_star,,18,SUCESSO,,15014.34747500025,638.5136719982256,1,208.39443000113533,208.39443000113533,13.914444932539753,0.5793843839021902,1,4.154825432077645,4.798542894482611,-0.6437174624049655,0.6437174624049655,3.856660739033718,0.641882155448875,0.2,211.38794647056758,217.8798415512475,9,1.2140253960318184,126.8083944300024,22.385398655000245
C6,K3,,rrt_star,,19,SUCESSO,,15016.552459996092,476.97921299550217,1,240.09439799920074,240.09439799920074,19.122707780712158,0.9172388319401067,1,4.110247239959281,4.839433434581458,-0.7291861946221765,0.7291861946221765,4.144194206348882,0.39523922823257174,0.2,200.50971972616338,204.73604364100646,11,1.4919787371199542,108.6400943980002,21.947318179998547
C6,K4,0.02,astar,4.0,0,SUCESSO,replanner setup 1.58s,906.6680260002613,906.6680260002613,0,,,1.1308449002812049,,1,3.7925228510346267,4.118742055781222,-0.3262192047465957,0.3262192047465957,2.821025684323007,1.0088274825693013,0.18888888888888888,207.98579993940453,209.28434370974722,11,1.1558844055783064,146.40000000000023,2.7863608679999743
C6,K4,0.02,astar,4.0,2,SUCESSO,replanner setup 1.59s,855.4225499992754,855.4225499992754,0,,,1.0753679125642852,,1,3.8838039707127043,4.228294357331819,-0.3444903866191149,0.3444903866191149,2.9082388095964675,1.0089444366242202,0.2111111111111111,208.69012485050962,209.82757181760275,11,1.081958144111014,146.20000000000024,2.7332395680004993
C6,K4,0.02,astar,4.0,1,SUCESSO,replanner setup 1.62s,2182.6609409999946,2182.6609409999946,0,,,2.6647918846263354,,1,3.8668738683427395,4.223137606040209,-0.3562637376974691,0.3562637376974691,2.9223488585727737,1.0007887474674175,0.2,210.7351496369455,212.10782929712929,12,1.8969119528369913,147.2000000000002,4.064332388999901
C6,K3,,rrt_star,,21,SUCESSO,,15026.165924999077,632.6937269986956,2,233.26165300022694,308.3912649999547,18.964195467496477,1.167641617785744,1,4.589835943910956,5.480146864124059,-0.8903109202131025,0.8903109202131025,4.761101409769724,0.41904545435432433,0.2,220.3616874492336,240.99185048163133,13,1.8845578941818024,121.86652330600164,23.100508847999663
C6,K3,,rrt_star,,22,SUCESSO,,15015.764966999996,480.4050679995271,2,280.5021525000484,285.58024700032547,18.029187676487155,1.0286748389806015,1,3.9549695279880255,4.476681712206533,-0.5217121842185075,0.5217121842185075,3.485837369427927,0.6908443427786028,0.2,205.50879980680907,208.96528839465708,10,1.07166312785755,125.76100430500134,22.742576818998714
C6,K3,,rrt_star,,23,SUCESSO,,15016.595835999397,409.5289520009828,2,209.80553849858552,239.74921699846163,18.427586182221415,0.8826233468509458,1,4.142985116804173,4.674775506435011,-0.5317903896308378,0.5317903896308378,3.9634286063762794,0.4224580111698373,0.18888888888888888,201.4692171019733,207.80468849733634,10,1.9152237853021568,116.01961107699827,22.445424147001177
C6,K3,,rrt_star,,24,SUCESSO,,15017.834878997746,488.75434899855463,2,260.4428690001441,266.3699010008713,17.975362647281028,0.9564818645410265,1,3.949425215122628,5.141029086710114,-1.1916038715874864,1.1916038715874864,4.542522519864016,0.2207287890683186,0.2777777777777778,200.93060466304968,213.69136735558635,13,1.3686244531065723,103.72088573800121,21.8727905930009
C6,K3,,rrt_star,,25,SUCESSO,,15020.625247003409,360.9560060031072,1,179.7939629996108,179.7939629996108,17.972155469029257,0.6453696172334509,1,4.358990753669407,4.674691474251204,-0.31570072058179655,0.31570072058179655,4.0991221596959795,0.28668042566633545,0.18888888888888888,204.8046937326783,205.97796641268513,10,1.7329981464858166,99.17979396300048,21.88057221300005
C6,K3,,rrt_star,,26,SUCESSO,,15016.03860400246,439.2607740010135,2,292.63238699968497,340.32678499897884,18.92195922567862,1.286554274195961,1,3.981057884815622,5.072793023521765,-1.091735138706143,1.091735138706143,4.529270202940798,0.24352282058096433,0.2,200.48837013303282,215.14788911985116,11,1.2441971322500276,101.38526477400026,21.7950270500005
C6,K4,0.02,astar,2.0,0,SUCESSO,replanner setup 11.41s,6080.671241998061,6080.671241998061,0,,,7.480698156126702,,1,3.7805993238354647,4.14858440417238,-0.3679850803369149,0.3679850803369149,2.87296038076964,0.9867351345138298,0.18888888888888888,207.98421305453556,209.45469117262417,12,1.3425286630929105,144.80000000000032,17.829307455000162
C6,K3,,rrt_star,,29,SUCESSO,,15015.253225999913,609.2925290013227,2,212.54092250092071,274.30612500029383,19.293092880292686,1.057367491764979,1,3.770650239155155,4.883397669862943,-1.1127474307077883,1.1127474307077883,4.371814777469461,0.22269400350459237,0.18888888888888888,199.69593872890303,212.0983007435645,10,1.0895731760742096,96.42508184500267,21.788389003000702
C6,K4,0.02,astar,2.0,1,SUCESSO,replanner setup 11.80s,6196.303033997538,6196.303033997538,0,,,7.499473522451709,,1,3.80380408935058,4.170288629744191,-0.36648454039361145,0.36648454039361145,2.861035467462259,1.0203642733930265,0.18888888888888888,209.90218604053808,211.056459971744,12,1.0917276300093355,147.2000000000002,18.340248858999985
C6,K3,,rrt_star,,27,SUCESSO,,15013.388889003181,341.93608600253356,1,161.41562100165174,161.41562100165174,19.501678885685916,0.6290136686355021,1,3.781968177832728,4.400796857739485,-0.6188286799067573,0.6188286799067573,3.2474433033587053,0.6700202210474435,0.3333333333333333,197.9498443437983,201.25652325767845,10,1.6154647783793474,122.76141562100285,22.88913337199847
C6,K4,0.02,astar,2.0,2,SUCESSO,replanner setup 11.56s,6075.366650999058,6075.366650999058,0,,,7.441930646833214,,1,3.649174363564222,4.233301210647316,-0.5841268470830934,0.5841268470830934,2.855868134689108,0.9496552981804021,0.2777777777777778,205.6393709306678,208.68277854414143,11,1.3087794461751714,142.40000000000046,17.935757072998967
C6,K3,,rrt_star,,28,SUCESSO,,15021.22017199872,474.5434420001402,1,309.2323099990608,309.2323099990608,19.532844373978275,1.2063307475934069,1,3.8887459031387213,4.572315855406184,-0.6835699522674625,0.6835699522674625,3.488644703417392,0.5892267075443447,0.34444444444444444,200.1193175793283,203.09766778735175,12,1.1243436466658072,119.90923231000022,23.046059848998993
C6,K4,0.02,rrt_star,,0,SUCESSO,,15014.41683899975,418.0000790001941,0,,,19.23654354657063,,1,4.11480883709544,4.654051800593936,-0.5392429634984959,0.5392429634984959,3.8297516029579217,0.5020779754137858,0.2222222222222222,205.815582552621,208.04538950285888,11,1.8699457074330592,118.20000000000114,15.221775779000382
C6,K4,0.02,rrt_star,,1,SUCESSO,,15018.725879001067,447.2262330018566,0,,,19.345320844582854,,1,4.281369228803967,4.783376221250883,-0.5020069924469164,0.5020069924469164,4.274381841636395,0.20899437961448805,0.2,201.3534603318659,203.75516653830798,10,1.8666343838406085,100.20000000000088,15.175363567999739
C6,K4,0.02,rrt_star,,2,SUCESSO,,15024.956744999145,450.46558199646825,0,,,19.352914592622472,,1,3.956111601715531,4.583656578323115,-0.627544976607584,0.627544976607584,3.7717569742468826,0.523010715187344,0.18888888888888888,200.02707382075948,202.7354687583261,14,0.5180232072009665,114.80000000000109,15.235255555999174
C6,K4,0.02,rrt_star,,3,SUCESSO,,15021.874879999814,528.0208509993827,0,,,18.27630215869736,,1,3.971304599941259,4.719961405412581,-0.7486568054713225,0.7486568054713225,3.7688842729940264,0.6288549101963298,0.2222222222222222,204.04781101613975,206.35923380587064,15,1.145834182597913,124.00000000000122,15.256589868999072
C6,K4,0.02,rrt_star,,4,SUCESSO,,15013.956994000182,441.4116290026868,0,,,19.321571419810713,,1,3.828712377362685,4.564069664846424,-0.7353572874837391,0.7353572874837391,3.3654922678299997,0.759688508127523,0.28888888888888886,204.7428278070829,207.71130809806172,11,1.302273532915744,135.40000000000086,15.24453172200083
C6,K4,0.02,rrt_star,,5,SUCESSO,,15016.781222000645,427.7555869994103,0,,,19.629512562178064,,1,4.193555204558525,4.794876517169145,-0.6013213126106205,0.6013213126106205,4.2147535794619255,0.28012293770721935,0.2,199.22713514291934,201.99622737474863,10,1.3158836430778607,98.60000000000086,15.165244943000289
C6,K4,0.02,rrt_star,,6,SUCESSO,,15012.394993000271,671.8146600014734,0,,,18.435653460267464,,1,4.241278276353252,5.06368758059502,-0.8224093042417682,0.8224093042417682,4.146827525902852,0.47797116580327564,0.28888888888888886,211.6770022030848,215.1382235252603,11,1.5034322919279406,118.40000000000114,15.187618774998555
C6,K4,0.02,rrt_star,,7,SUCESSO,,15013.471271000526,663.8705640016269,0,,,18.81708366245495,,1,4.148441973610822,4.690045650892872,-0.5416036772820494,0.5416036772820494,3.8209495616205342,0.5690960892723379,0.2,209.29831012557958,212.21241493128403,10,1.3867291866358964,120.00000000000117,15.222217799000646
C6,K4,0.02,rrt_star,,8,SUCESSO,,15019.37237600032,488.6964919969614,0,,,19.47081216835127,,1,4.262738182142189,4.8378778596680645,-0.5751396775258755,0.5751396775258755,4.146608928333148,0.2523800424460296,0.28888888888888886,202.57592293253865,205.16498446320838,12,1.2582309911018035,97.40000000000084,15.177554853999027
C6,K4,0.02,rrt_star,,9,SUCESSO,,15014.354377999553,456.63073800096754,0,,,18.639611805793038,,1,4.050285470201761,4.6218128278004125,-0.5715273575986517,0.5715273575986517,3.9059009468523067,0.42702299205921884,0.18888888888888888,201.26143965520032,204.0588331690739,11,1.084478650110619,115.6000000000011,15.216537755999525
C6,K4,0.02,rrt_star,,11,SUCESSO,,15016.11779599989,430.2665419982077,0,,,18.166721518239875,,1,3.9513861551498213,4.54800139488371,-0.5966152397338886,0.5966152397338886,3.4876552369880898,0.565901713451177,0.34444444444444444,201.28467891900533,204.23480745258144,11,1.2279732164293473,117.00000000000112,15.210349076998682
C6,K4,0.02,rrt_star,,10,SUCESSO,,15016.741195002396,508.78965000083554,0,,,19.399123884285952,,1,3.9174705613868794,4.521766078262272,-0.6042955168753923,0.6042955168753923,3.385482008238406,0.8362840700238473,0.2,212.94202481463515,215.97471844840814,11,1.6707248868056959,145.80000000000027,15.24521413599905
C6,K4,0.02,rrt_star,,12,SUCESSO,,15016.537800000151,526.0898159995122,0,,,18.877969349195332,,1,4.230279409069956,4.893190872314145,-0.662911463244189,0.662911463244189,4.2391867428464405,0.3540041294676963,0.2,206.1845678923966,209.3090482889556,11,1.1977902478410152,111.80000000000105,15.195299704000718
C6,K4,0.02,rrt_star,,13,SUCESSO,,15013.537671004087,590.4011990041909,0,,,18.698495335926715,,1,4.134795780867936,4.728411104492301,-0.5936153236243653,0.5936153236243653,3.8317829136723436,0.5855170797088403,0.2111111111111111,210.43198072953072,214.07055067106236,10,1.3590853415529596,121.40000000000119,15.22752000500077
C6,K4,0.02,rrt_star,,14,SUCESSO,,15016.801318000944,505.22968500081333,0,,,19.00888182744821,,1,4.309658943263884,4.893958651949988,-0.5842997086861041,0.5842997086861041,4.352070281688955,0.25299948137214495,0.18888888888888888,203.77852649810967,207.26965683119664,10,1.107703431824397,98.20000000000086,15.184376950001024
C6,K4,0.02,rrt_star,,15,SUCESSO,,15017.363891001878,528.3543759996974,0,,,19.32822362236468,,1,4.213880627698598,4.683385676946449,-0.46950504924785097,0.46950504924785097,4.028208842911624,0.34406572292370785,0.2111111111111111,201.6336899274055,203.2695614857965,11,1.7039041856956345,102.20000000000091,15.189349401000072
C6,K4,0.02,rrt_star,,16,SUCESSO,,15016.21118499861,434.11028499940585,0,,,19.22500608403836,,1,4.009452596724412,4.588235599309801,-0.5787830025853893,0.5787830025853893,3.5474612667369234,0.5463298881284318,0.34444444444444444,205.05265938298487,207.37631861345022,11,1.2238126607428192,123.60000000000122,15.241128030000255
C6,K4,0.02,rrt_star,,17,SUCESSO,,15014.13751399923,566.7368109970994,0,,,19.4664018645508,,1,4.324581720964392,4.985759833055542,-0.6611781120911493,0.6611781120911493,4.207055162173406,0.31759355977103026,0.3111111111111111,207.80648442906784,210.67520019093354,9,1.0286642171739313,104.40000000000094,15.160293576000186
C6,K4,0.02,rrt_star,,18,SUCESSO,,15013.394962998063,729.0253149985801,0,,,13.913562198486604,,1,4.236632825307974,4.663157045848154,-0.4265242205401796,0.4265242205401796,3.7167849269372537,0.6463721189108921,0.2,215.57624773150354,217.62194553074417,10,1.320924691008885,125.00000000000124,15.22701339699961
C6,K4,0.02,rrt_star,,19,SUCESSO,,15019.188723999832,767.7865620007651,0,,,16.893340180729243,,1,4.145332901178934,4.824305556367181,-0.6789726551882467,0.6789726551882467,4.103496429854229,0.4208091265129506,0.2,203.8999857579825,205.45697022168972,12,1.0363021086808035,110.20000000000103,15.192428799999107
C6,K4,0.02,rrt_star,,20,SUCESSO,,15017.216348001966,502.27163600357017,0,,,17.66533919371197,,1,4.508587800262621,5.1570710025939235,-0.6484832023313025,0.6484832023313025,4.563451195928218,0.2936198066657075,0.2,215.60246565410094,219.44194865869744,10,1.3035824504304747,108.400000000001,15.180075606000173
C6,K4,0.02,rrt_star,,21,SUCESSO,,15018.676541001696,650.1583040026162,0,,,18.95474327970843,,1,4.515789625868335,5.16054099732646,-0.644751371458125,0.644751371458125,4.566640447681324,0.2939005496451362,0.2,216.73786023139144,220.77835336991328,10,1.7745595973018773,106.20000000000097,15.18752449800013
C6,K4,0.02,rrt_star,,22,SUCESSO,,15017.376626998157,511.34590699984983,0,,,18.031122770745853,,1,3.9453535594429416,4.465504692378313,-0.5201511329353714,0.5201511329353714,3.4687960728724083,0.6855975083947936,0.2111111111111111,205.04607938874136,207.82841327870344,11,1.1949075026289355,124.60000000000123,15.241718474999288
C6,K4,0.02,rrt_star,,23,SUCESSO,,15015.72480500181,411.3914020017546,0,,,18.426517298237936,,1,4.004294069372988,4.505514195982893,-0.5012201266099048,0.5012201266099048,3.6919148729511577,0.5247104341428469,0.18888888888888888,203.124405199592,205.82739939530606,10,1.6499718512308408,121.60000000000119,15.245904843999597
C6,K4,0.1,astar,4.0,0,SUCESSO,replanner setup 1.87s,1024.9543250010902,1024.9543250010902,0,,,1.132854897982031,,1,3.852173801559354,4.203659223087227,-0.3514854215278729,0.3514854215278729,2.8607202445949738,1.0651612007144509,0.17777777777777778,213.4270936528144,215.20139650736644,12,1.1558844055783064,152.1999999999999,3.202983839000808
C6,K4,0.1,astar,4.0,1,SUCESSO,replanner setup 1.87s,1041.3863429985213,1041.3863429985213,0,,,1.271419588565022,,1,3.9381037039751012,4.292727111280526,-0.3546234073054251,0.3546234073054251,2.9223571099974026,1.0592588901719986,0.2111111111111111,218.22008143369555,218.0478686533818,14,2.1100900606286563,155.9999999999997,3.246618903000126
C6,K4,0.1,astar,4.0,2,SUCESSO,replanner setup 1.74s,4989.730219002013,4989.730219002013,0,,,5.5872451597946755,,1,3.985155103235547,4.302641296744516,-0.31748619350896856,0.31748619350896856,2.9699202469741413,1.0327210497703692,0.2,214.51470324656935,215.82230539419402,12,1.081958144111014,149.40000000000006,6.989629935000266
C6,K4,0.02,rrt_star,,24,SUCESSO,,15019.793666000623,511.691014000462,0,,,17.977707186757534,,1,4.231288242121625,4.6207465136076395,-0.3894582714860144,0.3894582714860144,3.9897677124511772,0.33097880115645806,0.2,203.0855631045396,204.3422783417958,11,1.06598040739282,104.20000000000094,15.18572176700036
C6,K4,0.02,rrt_star,,25,SUCESSO,,15023.276630998225,560.4019139991578,0,,,17.975327845982903,,1,4.370734018157412,4.6635508317797525,-0.29281681362234036,0.29281681362234036,4.087981517224528,0.28668042566633545,0.18888888888888888,205.37319253733187,205.97796641268513,10,1.7329981464858166,99.00000000000087,15.194351250998807
C6,K4,0.02,rrt_star,,26,SUCESSO,,15020.553550999466,513.5521320007683,0,,,18.927648585251838,,1,4.366097535345669,4.967793289025045,-0.6016957536793761,0.6016957536793761,4.328185637882582,0.3396076511424614,0.2,210.00499821304288,213.44287248025245,12,1.199700798498253,106.00000000000097,15.190894559998924
C6,K4,0.02,rrt_star,,27,SUCESSO,,15016.529342998183,374.226407999231,0,,,19.5057581862235,,1,3.763392801274164,4.405615626157374,-0.64222282488321,0.64222282488321,3.1751907211625587,0.6915360161059166,0.3888888888888889,198.0387119751218,201.07664176840777,10,1.7193211462897828,124.40000000000123,15.200031296999441
C6,K4,0.02,rrt_star,,28,SUCESSO,,15021.244324998406,620.8627349988092,0,,,19.532875781332578,,1,3.9999008769932285,4.833428772268158,-0.8335278952749299,0.8335278952749299,3.724320537579464,0.5202193457998021,0.3888888888888889,201.48148657951668,204.77429712873035,14,1.0728054199737054,117.00000000000112,15.23505151900099
C6,K4,0.02,rrt_star,,29,SUCESSO,,15014.655136999863,724.7854439992807,0,,,19.208281874596235,,1,4.14313510134894,4.596591323628359,-0.45345622227941895,0.45345622227941895,3.854311116730623,0.43116909578661966,0.2111111111111111,202.72530440710756,204.40080212435063,9,1.134251738496972,108.200000000001,15.17778691300009
C6,K4,0.1,rrt_star,,0,SUCESSO,,15013.223294003183,473.48560800310224,0,,,18.028899518850796,,1,4.2904757161639075,4.826107158304058,-0.5356314421401507,0.5356314421401507,4.0775497818738025,0.4374462653191374,0.2111111111111111,210.23790191592894,213.12351483609655,10,1.9648855517901387,111.00000000000104,15.178837080999074
C6,K4,0.1,rrt_star,,1,SUCESSO,,15016.720354002246,382.6206070025364,0,,,19.342737567887042,,1,4.274222944522408,4.747881363402149,-0.473658418879741,0.473658418879741,4.224623465418406,0.23436900909485534,0.18888888888888888,203.3105168875275,205.65307288004115,10,1.366378514561942,102.40000000000092,15.185505387000376
C6,K4,0.1,astar,2.0,0,SUCESSO,replanner setup 11.76s,6742.8494800005865,6742.8494800005865,0,,,7.909947870041045,,1,3.8485196685387395,4.143082857383353,-0.29456318884461385,0.29456318884461385,2.8968524556636606,0.9684526239419085,0.17777777777777778,209.96588877491087,210.7570569972992,13,1.3425286630929105,143.6000000000004,18.80398257500019
C6,K4,0.1,astar,2.0,2,SUCESSO,replanner setup 11.48s,6700.184854000327,6700.184854000327,0,,,8.207292476122934,,1,3.7211430961960072,4.3068502060140785,-0.5857071098180713,0.5857071098180713,2.9554969863691625,0.9235754418671228,0.2777777777777778,207.84199738663523,211.13398867417249,12,1.3087794461751714,141.8000000000005,18.451121733000036
C6,K4,0.1,rrt_star,,2,SUCESSO,,15014.547653996487,486.884674997782,0,,,19.339507149753906,,1,4.347232121120662,4.913164147839869,-0.5659320267192074,0.5659320267192074,4.288232592027077,0.32493155581279043,0.2,208.5804235444349,211.48917134130426,10,1.4306185096231347,104.00000000000094,15.161233169999832
C6,K4,0.1,rrt_star,,3,SUCESSO,,15022.006754001268,644.7975940027391,0,,,15.050652284779625,,1,4.236438512247708,4.67919836650488,-0.44275985425717224,0.44275985425717224,3.9297195748919043,0.44947879161297655,0.2,210.3317037312074,211.375829759601,14,1.145834182597913,113.60000000000107,15.219660151000426
C6,K4,0.1,rrt_star,,4,SUCESSO,,15014.894275998813,844.5949809993181,0,,,11.07028497782967,,1,4.4630075485091085,4.980424198993244,-0.5174166504841358,0.5174166504841358,4.17661047136527,0.5149248387390839,0.18888888888888888,224.15140856067347,227.32967253669565,10,1.4489896806940066,120.80000000000118,15.192915760000687
C6,K4,0.1,rrt_star,,5,SUCESSO,,15018.891171001087,476.80599199884455,0,,,18.149644649298214,,1,4.331638899064161,4.7124223726675325,-0.3807834736033717,0.3807834736033717,4.174808643377705,0.22650261817871603,0.2111111111111111,202.59167680874396,203.69991575632696,12,1.1672258652886895,96.80000000000084,15.185667781999655
C6,K4,0.1,rrt_star,,6,SUCESSO,,15017.545186999996,946.8062609994377,0,,,13.229563721232969,,1,4.318494950215117,4.707668276315658,-0.38917332610054167,0.38917332610054167,3.7533527224164693,0.6432044427880749,0.2111111111111111,220.0704475724986,221.73852610518048,10,1.5034322919279406,125.80000000000125,15.216215602000375
C6,K4,0.1,rrt_star,,7,SUCESSO,,15016.841940001541,716.6874190006638,0,,,18.849272005928174,,1,4.431077075975041,5.208853483633485,-0.7777764076584441,0.7777764076584441,4.478693142020779,0.32460478605714954,0.25555555555555554,212.59265788659587,216.85610755792675,11,1.3867291866358964,107.60000000000099,15.212043830000766
C6,K4,0.1,rrt_star,,8,SUCESSO,,15022.752430000764,1070.378279999204,0,,,17.868132079323054,,1,4.006825759085328,4.578667333782787,-0.5718415746974586,0.5718415746974586,3.562019062965294,0.5666482708174918,0.3,204.99361474390713,206.28403681592707,16,1.2582309911018035,120.40000000000117,15.236800942000627
C6,K4,0.1,rrt_star,,9,SUCESSO,,15026.967637999405,554.320759998518,0,,,18.655270572336295,,1,4.321088483430797,4.933383338837495,-0.6122948554066978,0.6122948554066978,4.354558587093807,0.2899358628548026,0.18888888888888888,207.84803372732398,211.2964885394763,16,1.2636174159133642,110.00000000000102,15.236796023000352
C6,K4,0.1,rrt_star,,10,SUCESSO,,15016.729962000682,452.4922910004534,0,,,19.399109373122112,,1,4.183414012465599,4.789603565947703,-0.6061895534821042,0.6061895534821042,4.079763339346854,0.4098402266008465,0.2,206.02711318400614,208.96570922749743,11,1.6707248868056959,116.60000000000112,15.20087352399969
C6,K4,0.1,rrt_star,,11,SUCESSO,,15014.874367998345,431.1792409971531,0,,,18.16521720064335,,1,4.027414061298384,4.626305858696797,-0.5988917973984123,0.5988917973984123,3.4753233761545808,0.656538038097759,0.34444444444444444,209.3350810364691,212.5713861846944,10,1.2279732164293473,125.60000000000124,15.20293680100076
C6,K4,0.1,rrt_star,,12,SUCESSO,,15017.691999997623,450.5055049994553,0,,,18.899407296460677,,1,4.245924761653178,4.881147127843031,-0.6352223661898524,0.6352223661898524,4.214427705693819,0.3778305332603239,0.18888888888888888,206.14139294378242,209.48515991458453,10,1.1977902478410152,108.000000000001,15.18839228700017
C6,K4,0.1,rrt_star,,13,SUCESSO,,15018.590339999719,591.0980950011435,0,,,18.704788143772483,,1,4.422364306070107,5.076034404358723,-0.6536700982886163,0.6536700982886163,4.451975489684972,0.2573922480070849,0.26666666666666666,209.2509516723489,212.72678515682423,12,1.3431911069081397,101.0000000000009,15.202393224999469
C6,K4,0.1,rrt_star,,14,SUCESSO,,15018.097615000443,515.6716220008093,0,,,19.010522733254643,,1,4.319939011663107,4.901288068680265,-0.5813490570171584,0.5813490570171584,4.3396240601966,0.26166400848366406,0.2,204.7524277148782,208.0697281683165,11,1.107703431824397,99.00000000000087,15.192280458999448
C6,K4,0.1,rrt_star,,15,SUCESSO,,15018.453478998708,587.8901649994077,0,,,19.14419574828533,,1,4.2760215340879295,4.865341697606254,-0.5893201635183241,0.5893201635183241,4.146656804096028,0.23535156017688852,0.3333333333333333,204.38171449440586,206.78768483675083,11,1.3793808227774882,103.60000000000093,15.19489774899921
C6,K4,0.1,rrt_star,,16,SUCESSO,,15015.96059199801,421.3264859990886,0,,,19.224685253976645,,1,4.022695516380592,4.602535752952715,-0.5798402365721227,0.5798402365721227,3.4990376353679404,0.6201647842514416,0.3333333333333333,209.3869502558867,211.8625312063152,11,1.2238126607428192,129.80000000000118,15.24774741300098
C6,K4,0.1,rrt_star,,17,SUCESSO,,15026.415374000862,1377.267407000545,0,,,13.846736235330956,,1,4.483433874573433,4.911250828919512,-0.4278169543460786,0.4278169543460786,4.2135282639557285,0.39772256496377906,0.2,215.14029085030418,216.28725293568516,13,1.0286642171739313,110.60000000000103,15.226703072999953
C6,K4,0.1,rrt_star,,18,SUCESSO,,15019.093165998129,692.4106929982372,0,,,13.918842969561794,,1,4.28369290459267,4.782231726802403,-0.4985388222097322,0.4985388222097322,3.9401401406728707,0.5532026972406436,0.18888888888888888,215.09536343273072,217.58016495061779,13,1.320924691008885,119.60000000000116,15.232859250998445
C6,K4,0.1,rrt_star,,19,SUCESSO,,15013.799775000734,668.1375219995971,0,,,16.615047701339783,,1,4.211587330021899,5.027575832238486,-0.8159885022165865,0.8159885022165865,4.130806989104546,0.41343550980060356,0.3333333333333333,207.04602642863642,209.05279345233845,11,1.0363021086808035,112.40000000000106,15.190287429999444
C6,K4,0.1,astar,2.0,1,SUCESSO,replanner setup 12.10s,30757.338526998865,30757.338526998865,0,,,35.64951284519348,,1,3.841047361667809,4.176171490868746,-0.3351241292009366,0.3351241292009366,2.8986062724361474,0.9886763295437033,0.18888888888888888,210.8318899294781,211.20812795773668,15,1.0917276300093355,145.0000000000003,43.16563018099987
C6,K4,0.1,rrt_star,,20,SUCESSO,,15021.089867999763,483.59728699870175,0,,,17.669895766851024,,1,4.315310536287123,4.970301943711993,-0.6549914074248697,0.6549914074248697,4.390210658639964,0.2800912850720287,0.2,205.84678679505035,209.3769290585419,13,1.3035824504304747,104.20000000000094,15.195728495000367
C6,K4,0.1,rrt_star,,21,SUCESSO,,15014.990943000157,647.4324490009167,0,,,18.95009176705613,,1,4.752666458511106,5.4183678004880855,-0.6657013419769795,0.6657013419769795,4.763843366880629,0.32119110027412034,0.23333333333333334,228.04666772096368,232.10579275605755,9,2.1397462783638797,111.60000000000105,15.185374112999853
C6,K4,0.1,rrt_star,,22,SUCESSO,,15016.686095001205,540.0543110026774,0,,,18.030293660074694,,1,4.143133421227234,4.643761764405788,-0.5006283431785539,0.5006283431785539,3.9647457110376125,0.39012716447928764,0.18888888888888888,201.649826870953,204.61984548168337,10,1.1877489568906778,104.80000000000095,15.17556388400044
C6,K4,0.1,rrt_star,,23,SUCESSO,,15018.368330003796,389.772766004171,0,,,18.429761294768905,,1,4.213694643976248,4.731714536038549,-0.5180198920623011,0.5180198920623011,4.126306428188877,0.31651921896078794,0.18888888888888888,202.43615143213822,205.3627692147408,11,1.9152237853021568,108.200000000001,15.18712326900095
C6,K4,0.1,rrt_star,,24,SUCESSO,,15022.470435998912,514.0929410008539,0,,,17.98091110475439,,1,4.2518287575144305,4.6291885681697975,-0.37735981065536706,0.37735981065536706,3.977018674361781,0.3410587826969043,0.2111111111111111,204.15106961750047,205.17459540315173,13,1.06598040739282,104.80000000000095,15.20669315899977
C6,K4,0.2,astar,4.0,0,SUCESSO,replanner setup 1.73s,7706.886716001463,7706.886716001463,0,,,8.669660029670288,,1,3.8833495825994264,4.402944133803747,-0.519594551204321,0.519594551204321,2.9475597205123494,1.1664955244025146,0.18888888888888888,219.53872374685602,221.2724744200116,15,1.1558844055783064,163.19999999999928,9.768093328999385
C6,K4,0.1,rrt_star,,25,SUCESSO,,15022.924228002012,525.1096060019336,0,,,17.974906196329073,,1,4.25784286737618,4.63070928802193,-0.3728664206457504,0.3728664206457504,3.9766500188477907,0.35405926917414227,0.2,204.01658850499595,205.19902125311904,11,1.4648350709810867,102.00000000000091,15.204996661001132
C6,K4,0.2,astar,4.0,1,SUCESSO,replanner setup 1.82s,9115.879697998025,9115.879697998025,0,,,10.253869639357855,,1,4.099946901231791,4.4303563940937565,-0.33040949286196586,0.33040949286196586,2.957544925203122,1.1950336911128439,0.17777777777777778,230.9326184699792,231.54967579081247,14,2.1100900606286563,165.59999999999914,11.271246584999972
C6,K4,0.1,rrt_star,,26,SUCESSO,,15023.269439003343,414.31105200535967,0,,,18.931070920757627,,1,3.9592531551002885,4.514160110813139,-0.5549069557128501,0.5549069557128501,3.6197367202313298,0.5944233905818102,0.2,202.57560536103693,205.6928246574931,14,1.5369648625061143,119.00000000000115,15.255329250001523
C6,K4,0.1,rrt_star,,27,SUCESSO,,15018.762412999422,418.15166900050826,0,,,19.50865883806269,,1,4.065391676123284,4.639500276155649,-0.5741086000323659,0.5741086000323659,3.6590257705881433,0.5082522833452802,0.32222222222222224,205.2643879514576,207.98487501304407,11,1.7193211462897828,114.60000000000109,15.21997748099966
C6,K4,0.1,rrt_star,,28,SUCESSO,,15016.009823004424,615.589966004336,0,,,13.9361219076688,,1,4.534254590421782,4.827604405599102,-0.2933498151773195,0.2933498151773195,4.149309332511674,0.38940618419853756,0.18888888888888888,217.2136742008533,217.88162725456533,9,1.1243436466658072,108.800000000001,15.200030464999145
C6,K4,0.1,rrt_star,,29,SUCESSO,,15016.94200699967,813.5140739996132,0,,,19.094514914783474,,1,4.126878420418053,4.706386851185566,-0.5795084307675129,0.5795084307675129,3.5999499733615874,0.689770211157305,0.26666666666666666,215.4027530417652,218.54655771191676,10,1.134251738496972,129.00000000000122,15.213670602999628
C6,K4,0.2,astar,4.0,2,SUCESSO,replanner setup 1.86s,7825.619737999659,7825.619737999659,0,,,8.402477912956503,,1,4.101037096248144,4.425147894572028,-0.32411079832388356,0.32411079832388356,2.945082898502524,1.1800649960694827,0.2,227.14034482054092,227.54734517940267,15,1.081958144111014,162.7999999999993,9.994172346001506
C6,K4,0.2,rrt_star,,5,TIMEOUT,initial plan failed,10005.593900001259,5128.9742900007695,0,,,1000.5593900001259,,1,nan,nan,nan,,,,,nan,nan,0,nan,nan,10.008453884998744
C6,K4,0.2,rrt_star,,0,SUCESSO,,15015.37171399832,1238.323956997192,0,,,14.643320941442461,,1,4.426240258929081,4.953998670312568,-0.5277584113834868,0.5277584113834868,4.2519170990786925,0.3909704601227626,0.2111111111111111,215.1832895492082,218.0118444977783,11,1.9648855517901387,109.60000000000102,15.1951612390003
C6,K4,0.2,rrt_star,,1,SUCESSO,,15027.15126899966,493.2900769981643,0,,,17.98044715000236,,1,4.370331680724416,4.881498939263639,-0.5111672585392233,0.5111672585392233,4.326814714226055,0.2657953361486952,0.18888888888888888,208.3234043830317,210.9760375130098,15,1.3749895737067708,99.60000000000088,15.203952820000268
C6,K4,0.2,astar,2.0,0,SUCESSO,replanner setup 12.39s,6985.624506996828,6985.624506996828,0,,,8.279977464511427,,1,3.9621004416204237,4.29349044065772,-0.3313899990372966,0.3313899990372966,2.9222339035666014,1.0823676482022235,0.18888888888888888,222.23141789676941,222.60091502482052,16,1.3425286630929105,159.99999999999946,19.720763765999436
C6,K4,0.2,astar,2.0,2,SUCESSO,replanner setup 11.87s,6912.980824001352,6912.980824001352,0,,,9.074157596660902,,1,3.7952208151079088,4.3414964276466605,-0.5462756125387518,0.5462756125387518,2.906385220031126,1.0295556520599807,0.25555555555555554,217.5263512949847,219.0395219806687,17,1.3087794461751714,153.59999999999982,19.070802806998472
C6,K4,0.2,astar,2.0,1,SUCESSO,replanner setup 12.31s,6830.098143998839,6830.098143998839,0,,,8.53133976063431,,1,3.927539679783474,4.254576345398506,-0.32703666561503253,0.32703666561503253,2.922181093737834,1.0546174738828833,0.17777777777777778,218.75614082130144,219.30185060655648,16,1.0917276300093355,155.5999999999997,19.47162172299977
C6,K4,0.2,rrt_star,,2,SUCESSO,,15013.819573001456,1508.137037000779,0,,,15.67989880685794,,1,4.517881995533711,5.011781959459712,-0.4938999639260011,0.4938999639260011,4.434940512996417,0.28795255757440663,0.18888888888888888,215.79821073331743,218.27510083854446,10,1.4306185096231347,104.80000000000095,15.164569051001308
C6,K4,0.2,rrt_star,,3,SUCESSO,,15018.801113998052,5262.933958998474,0,,,17.148354279734797,,1,4.401044752234741,4.925138130909407,-0.5240933786746664,0.5240933786746664,4.375112123273844,0.2500260076355594,0.2,207.49384165302305,210.16282048725927,12,1.145834182597913,98.40000000000086,15.179153117998794
C6,K4,0.2,rrt_star,,4,SUCESSO,,15014.299796999694,838.744561000567,0,,,11.069846676246414,,1,4.453090494972484,4.963570204819211,-0.5104797098467273,0.5104797098467273,4.139522435293488,0.5351588806368373,0.18888888888888888,224.2464517547137,227.3537947997465,11,1.4489896806940066,122.0000000000012,15.20289253699957
C6,K4,0.2,rrt_star,,6,SUCESSO,,15023.745956001221,938.4170990015264,0,,,13.235026229758887,,1,4.52634141995194,4.919776754665759,-0.39343533471381864,0.39343533471381864,4.26223622733058,0.34642941622406415,0.2111111111111111,216.96448080034122,218.10303104943995,15,1.101638474590653,106.00000000000097,15.22680457199931
C6,K4,0.2,rrt_star,,7,SUCESSO,,15023.538756000562,975.8427329998085,0,,,18.035438536974713,,1,4.429351554074941,5.001200317032075,-0.571848762957134,0.571848762957134,4.355536445729498,0.3345527601914643,0.2111111111111111,212.1108575308342,214.9543551549535,14,1.3867291866358964,109.40000000000101,15.226045027999135
C6,K4,0.2,rrt_star,,8,SUCESSO,,15021.280464001393,747.0848630018736,0,,,18.502518817706903,,1,4.1941695429294095,4.758887513369286,-0.5647179704398768,0.5647179704398768,3.9115598361056585,0.4084387883747379,0.28888888888888886,207.48595479717181,209.61372880317742,15,1.2582309911018035,112.20000000000105,15.210325751999335
C6,K4,0.2,rrt_star,,9,SUCESSO,,15018.669170998692,471.56155399898125,0,,,18.644968417506174,,1,4.367177749086762,4.9534134051066685,-0.5862356560199062,0.5862356560199062,4.5259885156768735,0.1385360005409042,0.18888888888888888,204.03894327872132,207.12252510680923,13,1.0937515902616095,101.2000000000009,15.187189549000323
C6,K4,0.2,rrt_star,,10,SUCESSO,,15017.57713600091,798.6401489997661,0,,,15.750492226015497,,1,4.431755172300422,4.982455178155168,-0.550700005854746,0.550700005854746,4.252587130162901,0.42986804799226874,0.2,217.4799064104968,220.21545698930439,12,1.6707248868056959,114.60000000000109,15.193462385999737
C6,K4,0.2,rrt_star,,11,SUCESSO,,15025.541282997438,449.9033360007161,0,,,18.178122192258353,,1,4.055093564466706,4.6291330994365465,-0.5740395349698408,0.5740395349698408,3.4876896289545836,0.658110137148633,0.3333333333333333,211.60860727603634,214.42162825314688,15,1.2279732164293473,126.20000000000125,15.255070477000118
C6,K4,0.2,rrt_star,,12,SUCESSO,,15018.055013000776,725.8400930004427,0,,,14.635623331483174,,1,4.4884554427725005,4.899208959779744,-0.41075351700724383,0.41075351700724383,4.312788198731579,0.2753096499370528,0.2111111111111111,211.71960017585337,213.2830752801617,12,1.1977902478410152,100.40000000000089,15.202680612999757
C6,K4,0.2,rrt_star,,13,SUCESSO,,15017.5497729997,1181.346769000811,0,,,13.0780729979758,,1,4.608045628443993,5.198267613564405,-0.5902219851204125,0.5902219851204125,4.476598043346957,0.3883362368841155,0.23333333333333334,224.2760539318433,224.93766775234292,13,1.3590853415529596,112.60000000000106,15.20956556300007
C6,K4,0.2,rrt_star,,14,SUCESSO,,15018.229027004054,2209.6350290030387,0,,,17.575196830576893,,1,4.233039051189832,4.8622675508763225,-0.6292284996864907,0.6292284996864907,4.021365476964184,0.37979096280103253,0.3111111111111111,208.54369306204796,211.12055952166264,12,1.107703431824397,111.60000000000105,15.194723534999866
C6,K4,0.2,rrt_star,,15,SUCESSO,,15014.907858998413,885.8638329984387,0,,,17.546099787084632,,1,4.327270135165847,4.816673158683809,-0.48940302351796205,0.48940302351796205,4.151521447354873,0.3651517113289343,0.2,211.78958494777223,213.99009986455695,11,1.7039041856956345,109.60000000000102,15.176476010999977
C6,K4,0.2,rrt_star,,16,SUCESSO,,15019.789822998064,970.1194729987037,0,,,14.55782658506623,,1,4.397362458284808,4.955753801780326,-0.5583913434955186,0.5583913434955186,4.263652179416771,0.35876828903022706,0.23333333333333334,212.5752656586016,215.0398726026283,13,1.2238126607428192,110.00000000000102,15.198537537999073
C6,K4,0.2,rrt_star,,17,SUCESSO,,15022.84477700232,1412.979886001267,0,,,13.342362920869931,,1,4.421670189030322,4.9288780787087205,-0.5072078896783987,0.5072078896783987,4.239708685739505,0.38916939296921305,0.2,216.97398407826026,218.82507246827166,15,1.0286642171739313,110.80000000000103,15.223315596000248
C6,K4,0.2,rrt_star,,18,SUCESSO,,15019.138289004331,721.1924050025118,0,,,13.918884787002483,,1,4.5707166337201315,5.04802318664541,-0.47730655292527846,0.47730655292527846,4.485919936850513,0.273214360906013,0.18888888888888888,216.81751391179642,219.37697484669633,11,1.320924691008885,103.00000000000092,15.190436302000307
C6,K4,0.2,rrt_star,,19,SUCESSO,,15018.61804100372,900.7359190036368,0,,,14.119349061011256,,1,4.413996411917566,4.841971551016692,-0.427975139099126,0.427975139099126,4.12698110542058,0.40387933448500773,0.2111111111111111,214.44016795529032,216.641108875374,12,1.0363021086808035,109.20000000000101,15.191508795000118
C6,K4,0.2,rrt_star,,20,SUCESSO,,15017.437495000195,1000.8997870008898,0,,,16.456785145906736,,1,4.571790658845136,5.151006823219869,-0.5792161643747331,0.5792161643747331,4.688366608382484,0.16264021483738172,0.2,214.35643234141116,216.80901789889492,12,1.5780001277343225,107.80000000000099,15.200081443999807
C6,K5,,astar,4.0,0,SUCESSO,replanner setup 1.57s,874.5522540029924,874.5522540029924,2,271.90929149946896,429.21069799922407,1.090788390136118,1.6060036807068976,1,3.815033425961792,4.299548523912535,-0.4845150979507431,0.4845150979507431,3.0186671241841756,0.9808813997283216,0.2,210.11838072197807,209.00985571701486,10,1.1558844055783064,146.94381858299914,3.2517486090000602
C6,K5,,astar,4.0,1,SUCESSO,replanner setup 1.56s,846.3808689975849,846.3808689975849,2,277.3144745005993,466.27080400139675,1.0793275494367058,1.7838030466806762,1,3.8087690569493255,4.391576402926902,-0.5828073459775767,0.5828073459775767,3.1574381621993397,0.9341382407275318,0.2,207.27777039841624,207.79989114429,10,2.1100900606286563,144.15462894900156,3.171846030998495
C6,K5,,astar,4.0,2,SUCESSO,replanner setup 1.52s,828.692522001802,828.692522001802,2,269.3286989997432,450.72232100028486,1.0417650873751991,1.6998347359931647,1,3.8899258101615906,4.142184185009703,-0.2522583748481124,0.2522583748481124,2.867161554117161,0.9639115197813976,0.2111111111111111,209.2700885877725,205.64463121044128,10,1.081958144111014,141.738657398,3.091097600001376
C6,K4,0.2,rrt_star,,22,TIMEOUT,initial plan failed,10007.732766998743,5147.732567000276,0,,,1000.7732766998744,,1,nan,nan,nan,,,,,nan,nan,0,nan,nan,10.010515253999984
C6,K4,0.2,rrt_star,,21,SUCESSO,,15018.853771998693,653.5185009997804,0,,,17.741927285464843,,1,4.721241668454949,5.3351192519419035,-0.6138775834869543,0.6138775834869543,4.814102534893652,0.2210167170482484,0.2,223.50203865015635,227.16690581464138,12,1.4082838901917618,104.00000000000094,15.19222628100033
C6,K4,0.2,rrt_star,,23,SUCESSO,,15020.07228099501,410.60270199341176,0,,,18.431852294891957,,1,4.294781569478838,4.843684570869269,-0.548903001390431,0.548903001390431,4.238755899500185,0.29381756025797706,0.2111111111111111,204.71760668392852,207.82459520729242,16,1.8310661704803173,107.80000000000099,15.197974501999852
C6,K4,0.2,rrt_star,,24,SUCESSO,,15023.130335002861,501.2616750027519,0,,,17.98170096054933,,1,4.307297152336383,4.677888043039107,-0.370590890702724,0.370590890702724,4.1007352376248045,0.27715280541430254,0.2,205.5593944880378,206.38091209620754,14,1.06598040739282,101.2000000000009,15.196933560999241
C6,K4,0.2,rrt_star,,25,SUCESSO,,15019.358649000424,776.0925789989415,0,,,15.825906501978189,,1,4.281262745513388,4.994048826445583,-0.7127860809321955,0.7127860809321955,3.9108399360072896,0.4943200015494017,0.3888888888888889,214.09557230130378,216.7519717220813,13,1.7329981464858166,117.60000000000113,15.209762354999839
C6,K4,0.2,rrt_star,,26,SUCESSO,,15022.285754999757,3417.721784002424,0,,,12.187076678685118,,1,4.5473198866752975,5.103509839472285,-0.5561899527969878,0.5561899527969878,4.414925715830648,0.37747301253052373,0.2111111111111111,221.17085941749917,223.944181410617,15,1.4515983433954915,111.40000000000104,15.209859516000506
C6,K4,0.2,rrt_star,,27,SUCESSO,,15016.296240000884,1104.4233800002985,0,,,18.087948075263856,,1,4.295475805790422,4.768677037931741,-0.47320123214131904,0.47320123214131904,4.125396331466965,0.34328070646477266,0.2,208.58221095015048,210.39035916701647,10,1.7193211462897828,110.60000000000103,15.181928955998956
C6,K4,0.2,rrt_star,,28,SUCESSO,,15023.791147998054,639.7850849989482,0,,,13.943343632680481,,1,4.72162070313669,5.151479148733116,-0.42985844559642583,0.42985844559642583,4.523985449865691,0.30527147664521204,0.2222222222222222,224.47962147623792,225.59237981364575,13,1.1243436466658072,106.00000000000097,15.205132416000197
C6,K4,0.2,rrt_star,,29,SUCESSO,,15022.526205000759,745.2834310024627,0,,,13.241532862594427,,1,4.454689557991458,5.023873547684338,-0.5691839896928803,0.5691839896928803,4.273978151969482,0.34433984015930036,0.25555555555555554,216.21563749062943,218.2136723664806,13,1.134251738496972,107.20000000000098,15.201265714000328
C6,K5,,rrt_star,,0,SUCESSO,,15017.573793998963,402.54614600053173,2,97.41807449972839,189.81561500004318,19.82445257476892,0.7517174296868073,1,4.188848094804891,4.572459036413317,-0.3836109416084259,0.3836109416084259,3.5108653035371664,0.5671492884316962,0.34444444444444444,204.64746673796625,203.35031476972398,11,1.437052761414841,118.5948361490006,15.40208407299906
C6,K5,,astar,2.0,2,SUCESSO,replanner setup 11.03s,6035.62053600217,6035.62053600217,2,1704.8350035001931,3035.8125860002474,7.636787659083308,11.523515744785122,1,3.6296439397276017,4.324427625156204,-0.6947836854286025,0.6947836854286025,2.991974131456449,0.8824534936997199,0.3,205.47154350249613,200.17500084819645,10,1.3087794461751714,142.4096700070008,20.696709615000145
C6,K5,,astar,2.0,1,SUCESSO,replanner setup 11.31s,5978.814616000818,5978.814616000818,2,1991.1504594992948,3394.955480000135,7.236244202765895,12.326888432893966,1,3.7783940145836175,4.293512423670278,-0.5151184090866607,0.5151184090866607,3.095777385278588,0.8977350383916556,0.2,207.4949157994574,200.16755609206763,10,1.0917276300093355,144.5823009189989,21.543112800000017
C6,K5,,astar,2.0,0,SUCESSO,replanner setup 11.36s,6068.869945998813,6068.869945998813,2,1970.5947595002726,3323.024528001042,7.466179704181507,12.264374673484014,1,3.7783619797833037,4.281836563888556,-0.5034745841052519,0.5034745841052519,3.0801687026997913,0.9016678611887304,0.2,207.77225414433087,200.68464980710849,10,1.3425286630929105,144.94118951900083,21.64682522899966
C6,K5,,rrt_star,,1,SUCESSO,,15013.205644001573,363.4125380012847,2,99.2910060003851,173.32691400042677,19.33821034013241,0.6697768085030186,1,4.1616702428476104,4.418818450882,-0.25714820803438965,0.25714820803438965,3.5058413390779632,0.5907548895818022,0.2222222222222222,203.69628673766698,203.11003729472966,9,1.8666343838406085,117.3985820120019,15.394747725000343
C6,K5,,rrt_star,,2,SUCESSO,,15020.022326998514,411.34093499931623,2,98.4438149998823,138.26937699923292,19.346558809258084,0.5342941392623806,1,3.916096619455131,4.696350222045032,-0.7802536025899007,0.7802536025899007,3.885070195721619,0.43350224854562913,0.2777777777777778,198.3072782100089,202.15717674154817,13,1.1017464545605447,118.59688763000091,15.430184216998896
C6,K5,,rrt_star,,3,SUCESSO,,15014.900087999195,508.89418499900785,2,172.98826349997398,241.23889899965434,18.26781630675706,0.8805069365381131,1,3.8444861459272333,4.721244561102299,-0.876758415175066,0.876758415175066,3.9884166342082263,0.44393903800518303,0.18888888888888888,200.05227120991464,203.59618355696765,11,1.145834182597913,120.34597652700111,15.565494362001118
C6,K5,,rrt_star,,4,SUCESSO,,15014.988378999988,427.30239599950437,2,129.83335699937015,209.1539479988569,19.322898716734702,0.8074852510121504,1,4.213978739276388,4.506280137668714,-0.2923013983923264,0.2923013983923264,3.6964154773040425,0.5098646603646715,0.2,206.20272688653444,199.93314567452794,10,1.4489896806940066,112.6596667139998,15.470811294999294
C6,K5,,rrt_star,,5,SUCESSO,,15016.128923998622,426.44680199919094,2,155.1399894988208,184.69680799898924,19.628659896641043,0.724291362951747,1,4.204515434261464,4.449098419670223,-0.24458298540875933,0.24458298540875933,3.6396639082763946,0.5094345113938172,0.2,199.75775339900792,195.23561267309412,10,1.3158836430778607,117.11027997899876,15.508851870999933
C6,K5,,rrt_star,,6,SUCESSO,,15012.207095000122,673.851948000447,2,119.46136449932965,228.8350899998477,18.710346130680577,0.8556204388164732,1,4.237068285083115,5.110423755110943,-0.8733554700278274,0.8733554700278274,4.298826048992581,0.3615977061183592,0.3,211.2781609248613,211.5325325683293,10,1.5034322919279406,109.43892272899967,15.43238399799884
C6,K5,,rrt_star,,7,SUCESSO,,15016.60545100276,723.5306719994696,2,66.08337099987693,100.66366499995638,18.82101187640699,0.37849939668495164,1,4.484200191407964,4.546929379323162,-0.0627291879151981,0.0627291879151981,3.7299108602725917,0.5059074079394565,0.2111111111111111,216.4306355438274,202.83107949093196,9,1.298615939993181,113.53216674200083,15.369541751000725
C6,K5,,rrt_star,,8,SUCESSO,,15019.87316499617,466.43377199688985,2,103.28405699874565,186.03364099908504,19.807058031721827,0.7359807401787047,1,4.25051717215635,4.492987035853365,-0.24246986369701506,0.24246986369701506,3.6937300893845197,0.5103680575799544,0.18888888888888888,201.53904788750316,200.03412827607733,11,1.2582309911018035,112.80656811399855,15.420501722001063
C6,K5,,rrt_star,,9,SUCESSO,,15016.322365001542,454.24316600110615,2,84.77400900028442,142.49249000022246,18.642054968704503,0.5306930884894034,1,3.9649000011133597,4.559322884668883,-0.5944228835555232,0.5944228835555232,3.6936977374733218,0.5767362583066614,0.18888888888888888,199.52129938243593,205.92874412500453,11,1.097400301735998,118.36954801800171,15.365443402000892
C6,K5,,rrt_star,,10,SUCESSO,,15019.217355002183,437.2650440036523,2,86.08788800029288,167.9866979993676,19.402322669826003,0.6510323491130814,1,4.01848635119613,4.620264469662125,-0.6017781184659947,0.6017781184659947,3.7679204392001044,0.5412329193509038,0.2111111111111111,203.95613316121032,204.43640181513422,12,1.1175040967838208,116.1721757760017,15.40743346599993
C6,K5,,rrt_star,,11,SUCESSO,,15019.74990599956,434.6063039993169,2,73.90090449916897,143.58019399878685,18.171115698665474,0.521116330202003,1,4.364392812055366,4.36662761360682,-0.0022348015514541686,0.0022348015514541686,3.5156912708563186,0.5509363427504922,0.2,209.45865620666024,199.68589294030696,12,1.01786104287843,113.1478018089994,15.348925718999453
C6,K5,,rrt_star,,12,SUCESSO,,15014.992044001701,459.01088200298545,2,115.11986900040938,191.67508400096267,19.615523109824863,0.75121059580591,1,4.230500179049954,4.4801217960654665,-0.24962161701551278,0.24962161701551278,3.697134047814812,0.48298774825065094,0.2,205.18495970498662,197.6499972019852,9,1.1977902478410152,110.23023973800184,15.456784260999484
C6,K5,,rrt_star,,13,SUCESSO,,15013.80058200266,567.0547800036729,2,150.42979000008927,276.1426010001742,18.698822776413312,1.0317590530627623,1,4.126931960766053,4.869765467496821,-0.7428335067307676,0.7428335067307676,4.060589234157121,0.5091762333396896,0.2,209.8630624717005,218.5180863067268,10,1.3590853415529596,118.30085958000132,15.49054258400065
C6,K5,,rrt_star,,14,SUCESSO,,15018.118452002454,504.5628120024048,2,104.22919650045515,189.12530000125116,19.010549109584762,0.7182076399975412,1,4.309658943263884,4.666802143721979,-0.3571432004580952,0.3571432004580952,3.8803471921543866,0.486454951567593,0.2,203.77852649810967,205.9081186290801,10,1.107703431824397,112.60845839300197,15.420160973999373
C6,K5,,rrt_star,,15,SUCESSO,,15022.958121995543,533.0407479959831,2,132.9622154999015,261.6763549995085,19.33542372408862,1.0103782147437248,1,4.270555669997862,4.4086735405077055,-0.13811787050984314,0.13811787050984314,3.573395131141923,0.5241672982546681,0.2111111111111111,203.99658861694283,198.39693865603735,12,1.7033313041199762,112.06592443100085,15.488584094000544
C6,K5,,rrt_star,,16,SUCESSO,,15013.895590000175,414.3486290013243,2,166.97164950073784,208.86551500007045,19.222041466174066,0.8022211622796641,1,3.9372189070868364,4.348396384988774,-0.4111774779019379,0.4111774779019379,3.542086886600135,0.5174206094997373,0.18888888888888888,198.8270831638805,199.43158661923337,11,1.0895646343115146,115.93394329900258,15.529652151000846
C6,K5,,rrt_star,,17,SUCESSO,,15013.391010001214,554.8672420009098,2,108.8064294990545,175.39972399936232,19.46543399364877,0.6822372935746626,1,4.324581720964392,4.573693121196422,-0.24911140023202982,0.24911140023202982,3.693378593787952,0.4747589718529047,0.25555555555555554,207.80648442906784,198.72457690968716,9,1.0286642171739313,120.01761285899927,15.41836032900028
C6,K5,,rrt_star,,18,SUCESSO,,15013.242831999378,711.5504350003903,2,143.10453399957623,149.81972699933976,13.91342121211292,0.4165332548640282,1,4.231714703245759,4.791296303878925,-0.559581600633166,0.559581600633166,3.9614334218603537,0.529862882018563,0.2,215.110320378241,216.750049814344,9,1.320924691008885,119.0862090680003,15.483750848999989
C6,K5,,rrt_star,,19,SUCESSO,,15016.362153002774,486.22315100146807,2,98.1589900002291,179.76228199950128,19.122465435804326,0.686750490399445,1,4.1088154594212964,4.564143070436281,-0.45532761101498487,0.45532761101498487,3.754838601796129,0.5093044686401469,0.2,200.44043864410105,196.80629259712475,10,1.0363021086808035,112.79631798000152,15.392559759000505
C6,K6,,astar,4.0,0,ENERGIA_INSUFICIENTE,"plan needs 3.82 Wh, available 11.91 Wh - reserve 10.0 Wh",872.2255789962219,872.2255789962219,0,,,1.0878864365096896,,1,3.815033425961792,nan,nan,,,,,210.11838072197807,nan,10,nan,nan,0.8757597490002809
C6,K6,,astar,4.0,1,ENERGIA_INSUFICIENTE,"plan needs 3.81 Wh, available 11.90 Wh - reserve 10.0 Wh",843.371691998982,843.371691998982,0,,,1.0754901663451313,,1,3.8087690569493255,nan,nan,,,,,207.27777039841624,nan,10,nan,nan,0.8469043619988952
C6,K5,,rrt_star,,20,SUCESSO,,15013.07481400363,481.5370740034268,2,132.8644980003446,225.42543199961074,17.66046734521705,0.7955302687688869,1,4.508587800262621,4.592816136379345,-0.0842283361167242,0.0842283361167242,3.558197054103775,0.5068413044977876,0.37777777777777777,215.60246565410094,198.49196989618056,10,1.3035824504304747,112.66572899600175,15.488208845999907
C6,K6,,astar,4.0,2,ENERGIA_INSUFICIENTE,"plan needs 3.89 Wh, available 11.94 Wh - reserve 10.0 Wh",839.9358010010474,839.9358010010474,0,,,1.0558992266585352,,1,3.8899258101615906,nan,nan,,,,,209.2700885877725,nan,10,nan,nan,0.8433919939998304
C6,K6,,astar,2.0,0,ENERGIA_INSUFICIENTE,"plan needs 3.78 Wh, available 11.89 Wh - reserve 10.0 Wh",6046.767904001172,6046.767904001172,0,,,7.438988840173529,,1,3.7783619797833037,nan,nan,,,,,207.77225414433087,nan,10,nan,nan,6.0622486069987644
C6,K6,,astar,2.0,1,ENERGIA_INSUFICIENTE,"plan needs 3.78 Wh, available 11.89 Wh - reserve 10.0 Wh",5996.075630999258,5996.075630999258,0,,,7.257135454249432,,1,3.7783940145836175,nan,nan,,,,,207.4949157994574,nan,10,nan,nan,6.008280615000331
C6,K5,,rrt_star,,21,SUCESSO,,15024.810553000862,646.325326000806,2,213.15918150048674,295.2568810014782,18.962484882132685,1.1179117612004656,1,4.643756644602563,4.76587746756328,-0.12212082296071713,0.12212082296071713,3.9840533700084984,0.49293520866587787,0.18888888888888888,222.97210565276765,210.92788936916347,13,2.1397462783638797,125.42631836300222,15.650745003000338
C6,K6,,astar,2.0,2,ENERGIA_INSUFICIENTE,"plan needs 3.63 Wh, available 11.81 Wh - reserve 10.0 Wh",6223.926057999051,6223.926057999051,0,,,7.875048046386509,,1,3.6296439397276017,nan,nan,,,,,205.47154350249613,nan,10,nan,nan,6.238159831000303
C6,K5,,rrt_star,,22,SUCESSO,,15016.02322600047,499.46810499932326,2,150.00801300084277,253.1319040008384,18.029497763918528,0.9117942271007937,1,3.9615204101769734,4.508543960230489,-0.5470235500535159,0.5470235500535159,3.476313623539451,0.6600081144688041,0.2222222222222222,206.48862127541855,205.79449276129526,11,1.1949075026289355,123.3000160260029,15.513810706001095
C6,K5,,rrt_star,,23,SUCESSO,,15018.966103998537,502.04686600045534,2,127.03352950029512,178.08304600112024,18.430494851956293,0.6556027838035786,1,4.159845808657835,4.48614583058745,-0.32630002192961527,0.32630002192961527,3.6600694907129254,0.5260763398745126,0.2,202.28549068241296,201.29932530399824,10,1.6152699309254261,113.85406705900166,15.469214777000161
C6,K5,,rrt_star,,24,SUCESSO,,15021.383616998719,506.09269800042966,2,99.16155900009471,178.90205799994874,17.979610253745054,0.6424020633076636,1,3.993162350688719,4.335511403194374,-0.3423490525056554,0.3423490525056554,3.30754271432592,0.6835242444239908,0.24444444444444444,203.2440133145892,200.6015500579915,13,1.06598040739282,122.59832311800139,15.415295593000337
C6,K5,,rrt_star,,25,SUCESSO,,15022.003285999745,581.6615210005693,2,181.9555030006086,257.28077700114227,17.9738042906114,0.9235081857287468,1,4.370734018157412,4.561148615211618,-0.19041459705420571,0.19041459705420571,3.7547387456434547,0.5064098695681547,0.2,205.37319253733187,203.27731681101187,10,1.6200120652862924,123.76391100600243,15.610937225999805
C6,K5,,rrt_star,,26,SUCESSO,,15020.092435996048,479.68557099738973,2,161.01451750000706,254.29624999924272,18.927067526590285,0.9613287633223228,1,4.309537450389583,4.698100884509227,-0.3885634341196438,0.3885634341196438,3.762306455335389,0.4746833180627229,0.3111111111111111,207.62218612236143,202.67494981274697,11,1.055137968789095,112.32202903500107,15.563038877000508
C6,K5,,rrt_star,,27,SUCESSO,,15018.414931000734,364.9999220015161,2,130.22348100003,190.75044599958346,19.508207475455148,0.7433273005890083,1,3.789255042738014,4.5479157927337015,-0.7586607499956877,0.7586607499956877,3.5155302242946895,0.5490522351056683,0.3333333333333333,198.30255211851232,201.03659498389555,10,1.1653085858777628,115.86044696200116,15.506137897000372
C6,K5,,rrt_star,,28,SUCESSO,,15016.15537500038,485.1058100011869,2,163.574287499614,219.9191929994413,19.526258364957595,0.8579157996199055,1,3.8887459031387213,4.646973585336293,-0.758227682197572,0.758227682197572,3.638679057930663,0.6027389718500598,0.25555555555555554,200.1193175793283,204.44917877420656,12,1.0343595310932479,121.52714857500041,15.546108869999443
C6,K5,,rrt_star,,29,SUCESSO,,15017.19436500025,416.0151020005287,2,157.03986199969222,306.6377140003169,19.295587049019876,1.1819960291907983,1,3.8056056723996887,4.663870288340845,-0.858264615941156,0.858264615941156,3.8012123184655837,0.5293246365419225,0.23333333333333334,201.52836053754686,204.75769612579887,11,1.0472630638118359,115.31407972400048,15.557586642000388
C6,K6,,rrt_star,,0,ENERGIA_INSUFICIENTE,"plan needs 4.19 Wh, available 12.09 Wh - reserve 10.0 Wh",15018.867159000365,423.5158589999628,0,,,19.826159924670034,,1,4.188848094804891,nan,nan,,,,,204.64746673796625,nan,11,nan,nan,15.023190439000246
C6,K6,,rrt_star,,1,ENERGIA_INSUFICIENTE,"plan needs 4.16 Wh, available 12.08 Wh - reserve 10.0 Wh",15012.719097001536,383.3280439994269,0,,,19.337583628659175,,1,4.1616702428476104,nan,nan,,,,,203.69628673766698,nan,9,nan,nan,15.030324256000313
C6,K6,,rrt_star,,2,ENERGIA_INSUFICIENTE,"plan needs 3.92 Wh, available 11.96 Wh - reserve 10.0 Wh",15019.178952998118,422.45380399981514,0,,,19.345472500307164,,1,3.916096619455131,nan,nan,,,,,198.3072782100089,nan,13,nan,nan,15.023613695000677
C6,K6,,rrt_star,,3,ENERGIA_INSUFICIENTE,"plan needs 3.84 Wh, available 11.92 Wh - reserve 10.0 Wh",15016.372779999074,529.8870219994569,0,,,18.269608051408873,,1,3.8444861459272333,nan,nan,,,,,200.05227120991464,nan,11,nan,nan,15.020640466000259
C6,K6,,rrt_star,,4,ENERGIA_INSUFICIENTE,"plan needs 4.21 Wh, available 12.11 Wh - reserve 10.0 Wh",15014.051165000637,427.7228440005274,0,,,19.321692609162174,,1,4.213978739276388,nan,nan,,,,,206.20272688653444,nan,10,nan,nan,15.018375220000962
C6,K6,,rrt_star,,5,ENERGIA_INSUFICIENTE,"plan needs 4.20 Wh, available 12.10 Wh - reserve 10.0 Wh",15018.382167001619,430.2938900018489,0,,,19.63160527229639,,1,4.204515434261464,nan,nan,,,,,199.75775339900792,nan,10,nan,nan,15.022877457000504
C6,K6,,rrt_star,,6,ENERGIA_INSUFICIENTE,"plan needs 4.24 Wh, available 12.12 Wh - reserve 10.0 Wh",15013.821936001477,692.2107940008573,0,,,18.712358775049935,,1,4.237068285083115,nan,nan,,,,,211.2781609248613,nan,10,nan,nan,15.01815463300045
C6,K6,,rrt_star,,7,ENERGIA_INSUFICIENTE,"plan needs 4.48 Wh, available 12.24 Wh - reserve 10.0 Wh",15014.935567000066,749.7746640019614,0,,,18.818918932915235,,1,4.484200191407964,nan,nan,,,,,216.4306355438274,nan,9,nan,nan,15.019175156001438
C6,K6,,rrt_star,,8,ENERGIA_INSUFICIENTE,"plan needs 4.25 Wh, available 12.13 Wh - reserve 10.0 Wh",15019.0139239985,483.41847299889196,0,,,19.80592493052203,,1,4.25051717215635,nan,nan,,,,,201.53904788750316,nan,11,nan,nan,15.023308118001296
C6,K6,,rrt_star,,9,ENERGIA_INSUFICIENTE,"plan needs 3.96 Wh, available 11.98 Wh - reserve 10.0 Wh",15015.076500001669,457.3172650016204,0,,,18.64050828615157,,1,3.9649000011133597,nan,nan,,,,,199.52129938243593,nan,11,nan,nan,15.019397940999625
C6,K6,,rrt_star,,10,ENERGIA_INSUFICIENTE,"plan needs 4.02 Wh, available 12.01 Wh - reserve 10.0 Wh",15017.444215003707,451.6502220030816,0,,,19.400032068819566,,1,4.01848635119613,nan,nan,,,,,203.95613316121032,nan,12,nan,nan,15.021832680999069
C6,K6,,rrt_star,,11,ENERGIA_INSUFICIENTE,"plan needs 4.36 Wh, available 12.18 Wh - reserve 10.0 Wh",15021.926930001428,445.80880499961495,0,,,18.173749494518553,,1,4.364392812055366,nan,nan,,,,,209.45865620666024,nan,12,nan,nan,15.027027953998186
C6,K6,,rrt_star,,12,ENERGIA_INSUFICIENTE,"plan needs 4.23 Wh, available 12.12 Wh - reserve 10.0 Wh",15011.878617997354,479.86783999840554,0,,,19.611455743051707,,1,4.230500179049954,nan,nan,,,,,205.18495970498662,nan,9,nan,nan,15.02911090500129
C6,K6,,rrt_star,,13,ENERGIA_INSUFICIENTE,"plan needs 4.13 Wh, available 12.06 Wh - reserve 10.0 Wh",15012.931043998833,564.7494999993796,0,,,18.697739816975954,,1,4.126931960766053,nan,nan,,,,,209.8630624717005,nan,10,nan,nan,15.017053610999938
C6,K6,,rrt_star,,14,ENERGIA_INSUFICIENTE,"plan needs 4.31 Wh, available 12.15 Wh - reserve 10.0 Wh",15016.136847998496,496.69180599812535,0,,,19.008040714118753,,1,4.309658943263884,nan,nan,,,,,203.77852649810967,nan,10,nan,nan,15.032623761999275
C6,K6,,rrt_star,,15,ENERGIA_INSUFICIENTE,"plan needs 4.27 Wh, available 12.14 Wh - reserve 10.0 Wh",15023.99423100178,537.017189002654,0,,,19.336757256838776,,1,4.270555669997862,nan,nan,,,,,203.99658861694283,nan,12,nan,nan,15.028154407998954
C6,K6,,rrt_star,,16,ENERGIA_INSUFICIENTE,"plan needs 3.94 Wh, available 11.97 Wh - reserve 10.0 Wh",15015.774624002006,413.56730700135813,0,,,19.224447162236288,,1,3.9372189070868364,nan,nan,,,,,198.8270831638805,nan,11,nan,nan,15.019965567000327
C6,K6,,rrt_star,,17,ENERGIA_INSUFICIENTE,"plan needs 4.32 Wh, available 12.16 Wh - reserve 10.0 Wh",15015.312357998482,565.8629419958743,0,,,19.46792509459956,,1,4.324581720964392,nan,nan,,,,,207.80648442906784,nan,9,nan,nan,15.020210216000123
C6,K6,,rrt_star,,18,ENERGIA_INSUFICIENTE,"plan needs 4.23 Wh, available 12.12 Wh - reserve 10.0 Wh",15012.916143001348,718.9340000004449,0,,,13.913118455294436,,1,4.231714703245759,nan,nan,,,,,215.110320378241,nan,9,nan,nan,15.017062590000933
C6,K6,,rrt_star,,19,ENERGIA_INSUFICIENTE,"plan needs 4.11 Wh, available 12.05 Wh - reserve 10.0 Wh",15017.384357997798,486.56246299833583,0,,,19.123767154521982,,1,4.1088154594212964,nan,nan,,,,,200.44043864410105,nan,10,nan,nan,15.021535029998631
C6,K6,,rrt_star,,20,ENERGIA_INSUFICIENTE,"plan needs 4.51 Wh, available 12.25 Wh - reserve 10.0 Wh",15013.887811001041,499.0025680017425,0,,,17.661423705396583,,1,4.508587800262621,nan,nan,,,,,215.60246565410094,nan,10,nan,nan,15.017911465998623
C6,K6,,rrt_star,,21,ENERGIA_INSUFICIENTE,"plan needs 4.64 Wh, available 12.32 Wh - reserve 10.0 Wh",15029.053743000986,696.7067079986009,0,,,18.967840119454678,,1,4.643756644602563,nan,nan,,,,,222.97210565276765,nan,13,nan,nan,15.033752714000002
C6,K6,,rrt_star,,22,ENERGIA_INSUFICIENTE,"plan needs 3.96 Wh, available 11.98 Wh - reserve 10.0 Wh",15018.701779999901,523.2706099977804,0,,,18.03271386065842,,1,3.9615204101769734,nan,nan,,,,,206.48862127541855,nan,11,nan,nan,15.02287447100025
C6,K6,,rrt_star,,23,ENERGIA_INSUFICIENTE,"plan needs 4.16 Wh, available 12.08 Wh - reserve 10.0 Wh",15017.047039002136,506.3530240004184,0,,,18.428139875102907,,1,4.159845808657835,nan,nan,,,,,202.28549068241296,nan,10,nan,nan,15.021203244999924
C2,K1,,astar,4.0,0,SUCESSO,replanner setup 0.31s,161.2375630011229,161.2375630011229,8,95.16148287525539,140.90592300090066,0.08814742637699136,0.07703226371461223,1,3.7783517420227364,4.595097934492924,-0.8167461924701875,0.8167461924701875,4.595097934492924,0.0,0.0,182.91806083088306,203.38904330176334,3,1.191023418430254,73.96129186300256,3.4936651080006413
C2,K1,,astar,4.0,2,SUCESSO,replanner setup 0.20s,102.8026569983922,102.8026569983922,8,72.9021745000864,104.15326500151423,0.05626414133884253,0.0570033323461549,1,3.774143746186892,4.608911314022862,-0.8347675678359701,0.8347675678359701,4.608911314022862,0.0,0.0,182.71434443347903,204.19499455245762,3,1.0888717693493968,74.18321739600121,3.1689931670007354
C2,K1,,astar,4.0,1,SUCESSO,replanner setup 0.31s,161.14322100111167,161.14322100111167,8,104.674427500413,152.4807170007989,0.08806166621856298,0.08332777464587779,1,3.779818423434989,4.712940560182054,-0.9331221367470652,0.9331221367470652,4.712940560182054,0.0,0.0,182.98906654930343,208.12915354398837,3,1.737676711248639,75.83739542000384,3.681761309000649
C2,K1,,astar,2.0,0,SUCESSO,replanner setup 2.24s,1033.4095380003419,1033.4095380003419,3,606.7378333330756,872.7974519988493,0.5705994136658712,0.4819170871243159,1,3.7409933731508995,4.209491751701602,-0.46849837855070264,0.46849837855070264,4.209491751701602,0.0,0.0,181.10946370608798,187.15740291917507,3,1.1234543587605077,67.82021349999965,6.7852686809983425
C2,K1,,astar,2.0,2,SUCESSO,replanner setup 2.17s,1040.19237600005,1040.19237600005,3,651.8519236669817,979.7471720012254,0.5743642140038061,0.540988116575956,1,3.7408655250677443,4.192503377305308,-0.4516378522375639,0.4516378522375639,4.192503377305308,0.0,0.0,181.10327047519658,186.42236373574937,3,1.1826766020326032,67.55555577100137,6.797627634001401
C2,K1,,astar,2.0,1,SUCESSO,replanner setup 2.18s,1033.3877649991337,1033.3877649991337,5,490.10780840035295,846.0831850006798,0.5700800707074654,0.4667513766528767,1,3.744322532185623,4.224148283512679,-0.4798257513270556,0.4798257513270556,4.224148283512679,0.0,0.0,181.27063514371002,186.05067150921548,3,1.1126368076164321,68.0505390420022,7.436510576999353
C6,K6,,rrt_star,,24,ENERGIA_INSUFICIENTE,"plan needs 3.99 Wh, available 12.00 Wh - reserve 10.0 Wh",15020.66229200318,500.38336400211847,0,,,17.97874687506991,,1,3.993162350688719,nan,nan,,,,,203.2440133145892,nan,13,nan,nan,15.025327190000098
C6,K6,,rrt_star,,25,ENERGIA_INSUFICIENTE,"plan needs 4.37 Wh, available 12.19 Wh - reserve 10.0 Wh",15020.8183499999,584.1038779981318,0,,,17.972386516473513,,1,4.370734018157412,nan,nan,,,,,205.37319253733187,nan,10,nan,nan,15.024988375000248
C2,K1,,rrt_star,,0,SUCESSO,,5006.822700001067,325.00555600017833,3,206.3120510004713,325.9753290003573,2.7526430134631625,0.17921419744581693,1,3.757146439503018,4.422081377749906,-0.6649349382468883,0.6649349382468883,4.422081377749906,0.0,0.0,181.8914648762198,200.19849281813254,3,1.0210685862877864,71.21893615300189,7.210613425999327
C6,K6,,rrt_star,,26,ENERGIA_INSUFICIENTE,"plan needs 4.31 Wh, available 12.15 Wh - reserve 10.0 Wh",15019.47071399809,480.20931399878464,0,,,18.92628408439189,,1,4.309537450389583,nan,nan,,,,,207.62218612236143,nan,11,nan,nan,15.023785077000866
C6,K6,,rrt_star,,27,ENERGIA_INSUFICIENTE,"plan needs 3.79 Wh, available 11.89 Wh - reserve 10.0 Wh",15015.962645002219,373.18380800206796,0,,,19.505022072450373,,1,3.789255042738014,nan,nan,,,,,198.30255211851232,nan,10,nan,nan,15.02024237600017
C2,K1,,rrt_star,,1,SUCESSO,,5009.461306000958,228.9758820006682,5,204.09686519997194,321.6469420003705,2.766864542982536,0.1776545350521997,1,3.739804758187343,4.498997225914005,-0.7591924677266619,0.7591924677266619,4.498997225914005,0.0,0.0,181.05191736639986,199.45569118894014,3,1.4614623078629845,72.42048432600035,7.907036997999967
C2,K1,,rrt_star,,2,SUCESSO,,5009.4080150011,303.3566829999472,5,245.15624120031134,373.62232899977244,2.7534423012034606,0.205363093256021,1,3.7579952722158265,4.2864204938201675,-0.528425221604341,0.528425221604341,4.2864204938201675,0.0,0.0,181.93255812230433,191.19974367534573,3,1.370393742566899,69.02578120600201,8.029338983000343
C6,K6,,rrt_star,,28,ENERGIA_INSUFICIENTE,"plan needs 3.89 Wh, available 11.94 Wh - reserve 10.0 Wh",15020.032637004988,492.35527500422904,0,,,19.53130016279199,,1,3.8887459031387213,nan,nan,,,,,200.1193175793283,nan,12,nan,nan,15.024648112999785
C6,K6,,rrt_star,,29,ENERGIA_INSUFICIENTE,"plan needs 3.81 Wh, available 11.90 Wh - reserve 10.0 Wh",15017.548529000123,417.59045499929925,0,,,19.29604211420203,,1,3.8056056723996887,nan,nan,,,,,201.52836053754686,nan,11,nan,nan,15.021787632000269
C2,K1,,rrt_star,,3,SUCESSO,,5008.919615000195,300.33848399943963,3,270.8073783329989,293.82938200069475,2.769274892402688,0.16244906941368245,1,3.7361456259465156,4.2222107633810895,-0.4860651374345739,0.4860651374345739,4.2222107633810895,0.0,0.0,180.87477081967614,190.83730865367212,3,1.0344063598290507,68.01242213499943,7.485946746999616
C2,K1,,rrt_star,,4,SUCESSO,,5007.00138799948,259.96837799903005,5,219.25294719949306,389.1090859997348,2.76164171692582,0.214615455651209,1,3.745037589878503,4.327781104914807,-0.5827435150363045,0.5827435150363045,4.327781104914807,0.0,0.0,181.30524887830597,194.09876288939,3,1.3093464610626544,69.69626473599791,7.786447774999033
C2,K1,,rrt_star,,5,SUCESSO,,5009.060779999345,239.4988079995528,3,266.16031566724513,298.78210200149624,2.772318264150167,0.16536415003932822,1,3.7321493715498337,4.445343429160361,-0.7131940576105271,0.7131940576105271,4.445343429160361,0.0,0.0,180.68130361413733,201.12422074287446,3,1.237844501382939,71.59848094700222,7.399784680001176
C2,K1,,rrt_star,,6,SUCESSO,,5008.256571998572,280.13533799821744,4,184.01758774962218,321.84068000060506,2.7700349106590143,0.17800803662024656,1,3.734626053632389,4.255200998399309,-0.5205749447669201,0.5205749447669201,4.255200998399309,0.0,0.0,180.80120769333794,192.2424322518627,3,1.562688321721596,68.53607035099893,7.328596063000077
C2,K1,,rrt_star,,9,SUCESSO,,5008.77403299819,239.7260629986704,1,328.4877289988799,328.4877289988799,2.776672210813849,0.18210099770832885,1,3.726083887006578,4.389910564880011,-0.6638266778734327,0.6638266778734327,4.389910564880011,0.0,0.0,180.38766021755612,200.55255954363867,3,1.3255366015922574,70.72848772899934,6.666928374001145
C2,K1,,rrt_star,,7,SUCESSO,,5008.400736000112,281.9763609986694,8,132.5519397505559,363.17186199994467,2.7759410125887687,0.20129053553909795,1,3.7267875747917554,4.3635969024899905,-0.6368093276982352,0.6368093276982352,4.3635969024899905,0.0,0.0,180.42172774159243,193.36245896127713,3,1.0194037893822565,70.2604155180049,8.067420512999888
C2,K1,,rrt_star,,10,SUCESSO,,5008.671626997966,210.84315599910042,4,288.7991744996725,351.1911979985598,2.771496786434334,0.19432802730180412,1,3.7329655308585483,4.3312483607426255,-0.5982828298840772,0.5982828298840772,4.3312483607426255,0.0,0.0,180.72081669060373,194.2266268038981,3,1.391432149147274,69.75519669799914,7.84028780099834
C2,K1,,rrt_star,,12,SUCESSO,,5008.5490140008915,245.08752499968978,1,223.77704300015466,223.77704300015466,2.77473777402984,0.12397255421430489,1,3.7285140501372998,4.371024186263004,-0.6425101361257046,0.6425101361257046,4.371024186263004,0.0,0.0,180.50530975858007,200.02041010229343,3,1.7461032087558133,70.42377704300061,6.563620955999795
C2,K1,,rrt_star,,8,SUCESSO,,5007.881444000304,254.74930200107337,4,309.370443249918,422.40226899957634,2.750477522452394,0.23199589672956997,1,3.760899592385419,4.262467194743719,-0.5015676023582998,0.5015676023582998,4.262467194743719,0.0,0.0,182.0731637732183,190.03724991540213,3,1.7981210885887644,68.63748177300012,8.086208164999334
C2,K1,,rrt_star,,11,SUCESSO,,5008.437346999926,242.38316500122892,3,322.931028333187,341.58911899976374,2.765714900931239,0.18862931708220781,1,3.7405945328238928,4.344640113309855,-0.6040455804859621,0.6040455804859621,4.344640113309855,0.0,0.0,181.0901530491644,195.25247488489953,3,1.6458507520580268,69.96879308500002,7.605880889999753
C2,K1,,rrt_star,,14,SUCESSO,,5010.670207002477,233.79853600272327,1,303.5223919996497,303.5223919996497,2.775612884536972,0.16813332891124216,1,3.728917066531528,4.674990921912964,-0.9460738553814361,0.9460738553814361,4.674990921912964,0.0,0.0,180.5248215598465,213.07151759349665,3,1.4013189992525925,75.30352239200018,6.691559353001139
C2,K1,,rrt_star,,13,SUCESSO,,5009.892776000925,319.8415879996901,2,239.84773499978473,257.5457490002009,2.758332648043254,0.14179881278797976,1,3.7516955766061284,4.301292547181375,-0.5495969705752466,0.5495969705752466,4.301292547181375,0.0,0.0,181.62757778888326,195.26184121334862,3,1.8760005075468236,69.27969547000002,7.034234230999573
C2,K1,,rrt_star,,15,SUCESSO,,5009.049515998413,231.4324429989938,3,305.2202366664763,338.76347600016743,2.7643945562661507,0.18695680805822532,1,3.742838538954183,4.32818270016004,-0.5853441612058572,0.5853441612058572,4.32818270016004,0.0,0.0,181.19879105695037,195.11819811216142,3,1.148683839633697,69.71566070999988,7.50146795100045
C2,K1,,rrt_star,,16,SUCESSO,,5009.166603002086,267.67602900144993,1,397.40690300095594,397.40690300095594,2.7749221649627613,0.22015103729743116,1,3.7287260222493543,4.170310503325168,-0.4415844810758136,0.4415844810758136,4.170310503325168,0.0,0.0,180.51557143655262,189.8619622105126,3,1.0537048886595497,67.19740690300137,6.734390806001102
C2,K1,,rrt_star,,19,SUCESSO,,5009.301592001066,212.48274000026868,2,282.43987999940146,309.0492009996524,2.753488385418121,0.16987665243277134,1,3.757852484911416,4.331945851357316,-0.5740933664459003,0.5740933664459003,4.331945851357316,0.0,0.0,181.92564815342035,195.82548866378895,3,1.5142925375857503,69.76487975999926,7.0919937409998965
C2,K1,,rrt_star,,17,SUCESSO,,5008.010702998945,241.69739999888407,4,228.02060425010495,337.94796999973187,2.7736938739157857,0.18717296541103848,1,3.7295163478874196,4.153693538297101,-0.42417719040968116,0.42417719040968116,4.153693538297101,0.0,0.0,180.5538365316733,187.00559938020842,3,1.629474235166792,66.91208241700083,7.544603605998418
C2,K1,,rrt_star,,18,SUCESSO,,5009.940067000571,220.23578100015584,4,163.8505782507309,316.83282400081225,2.7701546931520022,0.17518691293964186,1,3.73571991769995,4.27603505797952,-0.5403151402795703,0.5403151402795703,4.27603505797952,0.0,0.0,180.85416238253623,191.71062931230745,3,1.7580758043638451,68.85540231300337,7.499465525001142
C2,K1,,rrt_star,,22,SUCESSO,,5008.829950998916,212.3148159989796,1,344.1905230010889,344.1905230010889,2.750967528395273,0.18903755200724057,1,3.760941839676024,4.27981984890408,-0.518878009228056,0.518878009228056,4.27981984890408,0.0,0.0,182.07521169545487,195.2688199607115,3,1.2294589801180318,68.94419052300152,6.760417020999739
C2,K1,,rrt_star,,23,SUCESSO,,5009.183563000988,288.13990200069384,2,252.7417815008448,310.50050600060786,2.7551890166610766,0.1707838359367412,1,3.7554445069934057,4.365213463377666,-0.6097689563842601,0.6097689563842601,4.365213463377666,0.0,0.0,181.80907127277436,197.89839252808542,3,2.016987285255957,70.30548356300216,7.071438842000134
C2,K1,,rrt_star,,20,SUCESSO,,5006.890781000038,195.4352780012414,5,235.27187119980226,383.7936489999265,2.763427477227586,0.2118252547582041,1,3.7425348230959723,4.321155551972598,-0.5786207288766261,0.5786207288766261,4.321155551972598,0.0,0.0,181.1840847013366,192.55536586696735,3,1.0940590573522666,69.57635935599946,7.935844772000564
C2,K5,,astar,4.0,0,SUCESSO,replanner setup 0.30s,155.43249000074866,155.43249000074866,2,168.6199964997286,217.69504199983203,0.08497383434676459,0.11901232771164244,1,3.7783517420227364,3.954305722439751,-0.1759539804170145,0.1759539804170145,3.954305722439751,0.0,0.0,182.91806083088306,180.3348290066928,3,2.737379328798869,63.737239992999825,2.1222381070001575
C2,K1,,rrt_star,,21,SUCESSO,,5007.499922001443,236.86833000101615,8,127.81450212492018,282.44627700041747,2.766958230199282,0.15606930861879822,1,3.738213858047726,4.473992160434177,-0.7357783023864508,0.7357783023864508,4.473992160434177,0.0,0.0,180.97490115131924,198.2910535406571,3,1.1256539264883125,72.02251601699984,8.072122072000639
C2,K5,,astar,4.0,1,SUCESSO,replanner setup 0.30s,154.18373600186897,154.18373600186897,2,203.338429500036,294.3330899997818,0.0842584417251654,0.16084736402569633,1,3.779818423434989,3.971198791071034,-0.19138036763604482,0.19138036763604482,3.971198791071034,0.0,0.0,182.98906654930343,181.03855386021348,3,2.4425571274466353,64.00667685900045,2.1478396450002037
C2,K1,,rrt_star,,24,SUCESSO,,5007.406110000375,232.7532630006317,4,257.9214255001716,270.41878499949235,2.7723036123276934,0.14971483399322338,1,3.7309362429756003,4.235863360213266,-0.5049271172376653,0.5049271172376653,4.235863360213266,0.0,0.0,180.62257278509387,190.45016775296372,3,1.4198292888499968,68.23168570200112,7.57373548599935
C2,K5,,astar,4.0,2,SUCESSO,replanner setup 0.19s,101.27064600237645,101.27064600237645,2,109.61049300021841,140.52471700051683,0.05542566803738069,0.0769095154713908,1,3.774143746186892,3.9469728073779833,-0.17282906119109143,0.17282906119109143,3.9469728073779833,0.0,0.0,182.71434443347903,180.46687150951954,3,2.7934936056009594,63.619220986000805,1.7878415770010179
C2,K1,,rrt_star,,26,SUCESSO,,5007.631487000253,229.65908300102456,3,280.91101300015,332.49729000090156,2.7543179567098544,0.18288151969334415,1,3.7554682068545944,4.223593895069696,-0.4681256882151015,0.4681256882151015,4.223593895069696,0.0,0.0,181.81021819942947,190.7278978109281,3,1.1956803562170286,68.04273303900088,7.429816365000079
C2,K1,,rrt_star,,27,SUCESSO,,5008.1412509989605,196.954969998842,3,243.59121300039988,283.45931400144764,2.7722948147973185,0.15691106680656627,1,3.731495819026298,4.204545251490265,-0.47304943246396647,0.47304943246396647,4.204545251490265,0.0,0.0,180.6496633860026,190.51460262990287,3,1.2256877933470278,67.73077363900163,7.224433574998329
C2,K1,,rrt_star,,25,SUCESSO,,5009.996381000747,223.6458509996737,10,222.16534779981885,359.779605998483,2.72854308885979,0.1959430871412665,1,3.792733931239227,4.846606421472256,-1.0538724902330285,1.0538724902330285,4.846606421472256,0.0,0.0,183.6143398818135,211.34532683838552,3,1.2155962307038908,78.02165347799875,9.396280283001033
C2,K5,,astar,2.0,0,SUCESSO,replanner setup 2.02s,966.0818540014589,966.0818540014589,2,759.2112090005685,875.3352270014148,0.5334242806710846,0.48331832533165986,1,3.7409933731508995,3.9898724436034176,-0.24887907045251811,0.24887907045251811,3.9898724436034176,0.0,0.0,181.10946370608798,178.2853294133589,3,5.701209538790032,64.31842241800152,5.841816436000954
C2,K1,,rrt_star,,29,SUCESSO,,5007.1645110019745,283.88845400149876,3,268.4430173327807,365.19065299944486,2.7742183268158382,0.2023337959251852,1,3.7281812850739735,4.159358985043122,-0.43117769996914834,0.43117769996914834,4.159358985043122,0.0,0.0,180.48920168258866,187.81006099904064,3,1.671801463785782,67.00532905199876,7.306907752999905
C2,K1,,rrt_star,,28,SUCESSO,,5005.807912999444,271.0961259999749,8,180.07174312447205,362.83661400011624,2.760009341663817,0.20005410945501867,1,3.7463592696812933,4.487515147704094,-0.7411558780228011,0.7411558780228011,4.487515147704094,0.0,0.0,181.36923804691878,197.989086309636,3,1.245815226860044,72.24057394499627,8.453873295999074
C2,K5,,astar,2.0,1,SUCESSO,replanner setup 1.95s,966.2044220003736,966.2044220003736,2,787.9890570002317,852.2521590002725,0.533017618233849,0.4701545610653448,1,3.744322532185623,3.980967544967056,-0.23664501278143302,0.23664501278143302,3.980967544967056,0.0,0.0,181.27063514371002,178.1580065675483,3,5.694933846569151,64.17597811400084,5.82889943400005
C2,K5,,astar,2.0,2,SUCESSO,replanner setup 2.01s,1002.5978040011978,1002.5978040011978,2,755.3987389992471,867.6695769991056,0.5536055761834024,0.4791021027518878,1,3.7408655250677443,3.976911023803342,-0.23604549873559755,0.23604549873559755,3.976911023803342,0.0,0.0,181.10327047519658,178.00915670177014,3,5.735443651925381,64.11079747799887,5.860395223999149
C2,K5,,rrt_star,,0,SUCESSO,,5006.241693998163,290.09796799982723,2,254.19551150025654,293.76819699973566,2.752323588907811,0.1615074116862217,1,3.757146439503018,3.939916241953489,-0.18276980245047092,0.18276980245047092,3.939916241953489,0.0,0.0,181.8914648762198,179.38645345969934,3,2.8302592701303757,63.50839102300088,6.843836338000983
C2,K5,,rrt_star,,1,SUCESSO,,5008.622678000393,206.92718700047408,2,242.6802170002702,261.1070450002444,2.7664013454573375,0.14421666933901325,1,3.739804758187343,3.925971600744305,-0.18616684255696203,0.18616684255696203,3.925971600744305,0.0,0.0,181.05191736639986,178.75326492982813,3,2.5906698129062606,63.28536043400091,6.809728991000156
C2,K5,,rrt_star,,3,SUCESSO,,5008.186916998966,280.98215499994694,2,289.31533850027336,352.4494900011632,2.768869806608849,0.19485829251031322,1,3.7361456259465156,3.931741305429873,-0.19559567948335754,0.19559567948335754,3.931741305429873,0.0,0.0,180.87477081967614,178.68848011380177,3,2.8232137175824032,63.37863067700091,6.903109830998801
C2,K5,,rrt_star,,2,SUCESSO,,5008.674507998876,284.0211349994206,4,178.982887249731,350.4433689995494,2.753039125977545,0.19262267986358084,1,3.7579952722158265,3.9928812655083075,-0.23488599329248094,0.23488599329248094,3.9928812655083075,0.0,0.0,181.93255812230433,179.9653595417831,3,2.639475919601657,64.3159315489993,7.148416760001055
C2,K5,,rrt_star,,4,SUCESSO,,5008.086211999398,253.52207499963697,2,333.6750419994132,386.5705030002573,2.7622400581247812,0.21321528493625,1,3.745037589878503,3.912115975046126,-0.1670783851676232,0.1670783851676232,3.912115975046126,0.0,0.0,181.30524887830597,177.427542475959,3,5.8088102496093095,63.06735008399919,6.946584732999327
C2,K5,,rrt_star,,6,SUCESSO,,5008.458551999865,250.3910849991371,2,169.30562499965163,332.05169800021395,2.770146624515282,0.1836556858422186,1,3.734626053632389,3.891755509936522,-0.157129456304133,0.157129456304133,3.891755509936522,0.0,0.0,180.80120769333794,177.45582009952457,3,5.953966690834468,62.73861124999966,6.62252443899888
C2,K5,,rrt_star,,5,SUCESSO,,5009.307550000813,240.0452400015638,3,327.99172333276755,491.34260899882065,2.7724548416468595,0.27193882220826293,1,3.7321493715498337,3.9837661047554067,-0.251616733205573,0.251616733205573,3.9837661047554067,0.0,0.0,180.68130361413733,179.1188025958098,3,2.7121783785735936,64.18397516999867,7.388196259000324
C2,K5,,rrt_star,,7,SUCESSO,,5007.220006998978,283.10381199844414,2,284.18923350000114,313.3279459998448,2.775286585311126,0.17366419772268574,1,3.7267875747917554,3.9185065569849624,-0.19171898219320704,0.19171898219320704,3.9185065569849624,0.0,0.0,180.42172774159243,178.04477830375674,3,5.640992387453668,63.168378467000366,6.908062656999391
C2,K5,,rrt_star,,8,SUCESSO,,5007.778948998748,240.01310199855652,2,312.33143149984244,381.6120179999416,2.750421229147311,0.20959267697202175,1,3.760899592385419,3.947077744779631,-0.18617815239421187,0.18617815239421187,3.947077744779631,0.0,0.0,182.0731637732183,179.059444955101,3,2.410201456680067,63.624662863000054,6.975315329000296
C2,K5,,rrt_star,,10,SUCESSO,,5009.043507001479,200.56859600117605,3,306.11257566670247,370.75875499976974,2.7717025623987874,0.20515553315283724,1,3.7329655308585483,3.979736605477081,-0.24677107461853254,0.24677107461853254,3.979736605477081,0.0,0.0,180.72081669060373,179.1776827144933,3,2.629681837071434,64.11833772700048,7.401900303999355
C2,K5,,rrt_star,,11,SUCESSO,,5008.1034199974965,230.5624229975365,3,280.89503100030316,402.42648599996755,2.7655305027202886,0.22222438891567575,1,3.7405945328238928,3.9748110759295616,-0.23421654310566886,0.23421654310566886,3.9748110759295616,0.0,0.0,181.0901530491644,179.07575058778755,3,2.492116435482221,64.04268509300128,7.331629161000819
C2,K5,,rrt_star,,9,SUCESSO,,5008.000980000361,230.75929600054224,6,241.67609983305738,415.9791279998899,2.77624365988254,0.23060287355476491,1,3.726083887006578,4.06373521054471,-0.337651323538132,0.337651323538132,4.06373521054471,0.0,0.0,180.38766021755612,180.5734359062412,3,5.818256915971939,65.45005659899874,8.20539529800044
C2,K5,,rrt_star,,12,SUCESSO,,5008.270356000139,250.90433699915593,2,292.49344500021834,352.6605290007865,2.7745833974072767,0.19537404715266182,1,3.7285140501372998,3.907022128766421,-0.17850807862912133,0.17850807862912133,3.907022128766421,0.0,0.0,180.50530975858007,177.41765814548174,3,6.0584197856553414,62.9849868900008,6.966508370000156
C2,K5,,rrt_star,,15,SUCESSO,,5008.674650000103,220.07025799939584,2,278.6638130000938,288.26536499946087,2.76418767519585,0.1590879074402101,1,3.742838538954183,3.9428621680751554,-0.2000236291209725,0.2000236291209725,3.9428621680751554,0.0,0.0,181.19879105695037,178.9200645076908,3,2.7611801520823347,63.55732762600056,6.933492242000284
C2,K5,,rrt_star,,14,SUCESSO,,5009.4911539999885,229.0298600000824,3,301.4740309996948,318.71814700025425,2.7749597593920194,0.17655087219936388,1,3.728917066531528,3.9914458175293515,-0.2625287509978236,0.2625287509978236,3.9914458175293515,0.0,0.0,180.5248215598465,179.8568234943357,3,2.6251782909761587,64.30442209299946,7.401370734998636
C2,K5,,rrt_star,,13,SUCESSO,,5009.202282999468,318.3059240000148,4,418.99061250023806,586.801381999976,2.7579524783521405,0.32307945144875017,1,3.7516955766061284,4.026653031688329,-0.2749574550822005,0.2749574550822005,4.026653031688329,0.0,0.0,181.62757778888326,179.18285011676767,3,2.369065018996688,64.87596245000134,8.246579942999233
C2,K5,,rrt_star,,16,SUCESSO,,5007.602715999383,277.55290400091326,3,301.7241176670116,350.60909100138815,2.774055820308803,0.19422650811296896,1,3.7287260222493543,3.953923848957403,-0.22519782670804878,0.22519782670804878,3.953923848957403,0.0,0.0,180.51557143655262,177.8062419308041,3,5.660787703891698,63.70517235300141,7.3457167079996
C2,K5,,rrt_star,,17,SUCESSO,,5008.963083999333,230.21022099965194,2,331.2205279999034,380.69715999881737,2.774221351491828,0.21084966529195534,1,3.7295163478874196,3.9117658557987283,-0.18224950791130867,0.18224950791130867,3.9117658557987283,0.0,0.0,180.5538365316733,177.2358009201431,3,5.9924805351301345,63.06244105600017,6.955514912000581
C2,K5,,rrt_star,,18,SUCESSO,,5009.378139999171,223.35616499913158,5,217.42943319986807,379.06278599984944,2.7698439858981594,0.20959583180511457,1,3.73571991769995,4.028316153744287,-0.29259623604433704,0.29259623604433704,4.028316153744287,0.0,0.0,180.85416238253623,180.37769191926463,3,2.4326285287308265,64.88714716599972,7.63140257699888
C2,K5,,rrt_star,,20,SUCESSO,,5008.5136119996605,200.9208649997163,2,314.09564850127936,379.6805440015305,2.7643231579946344,0.2095551298710342,1,3.7425348230959723,3.959756456808044,-0.2172216337120716,0.2172216337120716,3.959756456808044,0.0,0.0,181.1840847013366,179.47921370571518,3,2.790085147390351,63.82819129700293,6.932544149000023
C3,K1,,astar,1.0,0,SUCESSO,replanner setup 0.20s,127.73249800011399,127.73249800011399,0,,,0.5671310256213115,,1,0.4636353906028555,0.6967458872918157,-0.23311049668896022,0.23311049668896022,0.6967458872918157,0.0,0.0,22.522572779399376,23.724660498831195,3,1.2027625995941693,11.199999999999992,0.3389530679996824
C3,K1,,astar,1.0,1,SUCESSO,replanner setup 0.21s,118.85560500013526,118.85560500013526,0,,,0.5317626048788169,,1,0.4600967086623167,0.7093478839115368,-0.24925117524922008,0.24925117524922008,0.7093478839115368,0.0,0.0,22.351252966955283,23.52704242092172,3,1.2820355335540874,11.399999999999991,0.3368153830015217
C3,K1,,astar,1.0,2,SUCESSO,replanner setup 0.20s,127.9234510002425,127.9234510002425,0,,,0.5654277864295804,,1,0.4657341481821359,0.6969045711354864,-0.23117042295335055,0.23117042295335055,0.6969045711354864,0.0,0.0,22.624188989370506,23.822225017831506,3,1.189842403110287,11.199999999999992,0.3420100679995812
C2,K5,,rrt_star,,19,SUCESSO,,5007.994425999641,231.0733850008546,4,282.7970030002689,322.77428099951067,2.752769868807246,0.17742098724161795,1,3.757852484911416,3.9933787289495455,-0.23552624403812938,0.23552624403812938,3.9933787289495455,0.0,0.0,181.92564815342035,179.27055063490934,3,2.5623868573719593,64.33118801200145,7.622196025000449
C2,K5,,rrt_star,,21,SUCESSO,,5007.769167998049,223.41505499753112,6,173.79737016653962,413.50147199955245,2.7671070055238673,0.22848553549080813,1,3.738213858047726,4.025831731476526,-0.2876178734287995,0.2876178734287995,4.025831731476526,0.0,0.0,180.97490115131924,180.16827027092788,3,5.702488645656524,64.84278422099962,7.65778824500012
C2,K5,,rrt_star,,24,SUCESSO,,5006.558843999301,240.05478900107846,3,250.16890000006242,256.26646899945627,2.7718345314215753,0.14187953645437446,1,3.7309362429756003,3.9316834121809134,-0.2007471692053131,0.2007471692053131,3.9316834121809134,0.0,0.0,180.62257278509387,177.42277472158227,3,5.872355947733019,63.35050670000055,7.165281186000357
C2,K5,,rrt_star,,22,SUCESSO,,5007.919355000922,213.94737500122574,6,236.9104174998332,411.26610100036487,2.750467407599304,0.22587704123516955,1,3.760941839676024,4.074334372987405,-0.3133925333113807,0.3133925333113807,4.074334372987405,0.0,0.0,182.07521169545487,181.24264352515164,3,2.7168452988712293,65.6214625049994,8.109637347999524
C2,K5,,rrt_star,,23,SUCESSO,,5008.1739090001065,293.59387700060324,4,358.807671249906,469.5256690010865,2.754633679133739,0.25825205844467525,1,3.7554445069934057,3.999327586417213,-0.24388307942380738,0.24388307942380738,3.999327586417213,0.0,0.0,181.80907127277436,178.83779461932795,3,2.2946046964399938,64.43523068500001,7.943114301000605
C3,K1,,astar,0.5,0,SUCESSO,replanner setup 1.41s,776.7492409984698,776.7492409984698,0,,,3.4478556944389394,,1,0.4637570983476736,0.7095119043168494,-0.24575480596917582,0.24575480596917582,0.7095119043168494,0.0,0.0,22.528473052143447,23.75663110626438,3,1.2526874717328207,11.399999999999991,2.199917895000908
C3,K1,,astar,0.5,2,SUCESSO,replanner setup 1.41s,760.2142190007726,760.2142190007726,0,,,3.365325704664921,,1,0.4650199760719506,0.721655593946851,-0.25663561787490036,0.25663561787490036,0.721655593946851,0.0,0.0,22.589617936444746,23.849194746132873,3,1.2498804272755566,11.59999999999999,2.1852924970007734
C3,K1,,astar,0.5,1,SUCESSO,replanner setup 1.44s,751.0886640011449,751.0886640011449,0,,,3.3422683508043614,,1,0.4625992948605125,0.7214614138169477,-0.25886211895643524,0.25886211895643524,0.7214614138169477,0.0,0.0,22.472422473808408,23.699055442276354,3,1.1114286705947927,11.59999999999999,2.203598257001431
C2,K5,,rrt_star,,26,SUCESSO,,5007.907508999779,238.77422300029139,2,307.3315649999131,383.5503600002994,2.7544697754592398,0.2109619381126198,1,3.7554682068545944,3.946467317360623,-0.19099911050602847,0.19099911050602847,3.946467317360623,0.0,0.0,181.81021819942947,179.2906289158125,3,2.7346653472033298,63.614663130000196,6.9488285450006515
C2,K5,,rrt_star,,25,SUCESSO,,5008.112058998449,248.0489879981178,3,293.6341273337651,346.5148040013446,2.727516849839727,0.18871881369635116,1,3.792733931239227,3.9648386449240083,-0.17210471368478109,0.17210471368478109,3.9648386449240083,0.0,0.0,183.6143398818135,178.8223966754541,3,2.7246363819251815,63.88090238200167,7.319809917000384
C2,K5,,rrt_star,,27,SUCESSO,,5007.253526999193,195.73739599945839,2,284.0455075001955,325.69522700032394,2.7718034084015755,0.18029107881834006,1,3.731495819026298,3.9059943748800245,-0.17449855585372642,0.17449855585372642,3.9059943748800245,0.0,0.0,180.6496633860026,177.49212516087118,3,5.760367326332366,62.96809101500075,6.886314265999317
C2,K5,,rrt_star,,28,SUCESSO,,5005.574175998845,268.4181639997405,2,246.84622649965604,258.8012460000755,2.759880468100077,0.14269302158788671,1,3.7463592696812933,3.901353346534004,-0.15499407685271072,0.15499407685271072,3.901353346534004,0.0,0.0,181.36923804691878,177.47655889350503,3,5.772058300125508,62.89369245299967,6.805279531999986
C2,K5,,rrt_star,,29,SUCESSO,,5008.207265000237,282.75619800115237,3,199.4104786669292,349.4506730003195,2.774796064424815,0.19361306368614192,1,3.7281812850739735,3.922361717238739,-0.19418043216476555,0.19418043216476555,3.922361717238739,0.0,0.0,180.48920168258866,177.4385564402015,3,6.0164614357843025,63.19823143600115,6.969829054000002
C3,K1,,rrt_star,,0,SUCESSO,,5002.491198998541,51.13145899849769,0,,,22.598686248439943,,1,0.45565507661056703,0.7093729144901741,-0.2537178378796071,0.2537178378796071,0.7093729144901741,0.0,0.0,22.136203600525135,23.352623042963934,3,1.4195026867586813,11.399999999999991,5.014644191000116
C3,K1,,rrt_star,,1,SUCESSO,,5004.383094001241,39.53685700071219,0,,,21.7747093698793,,1,0.47313641616646573,0.7091845896847794,-0.23604817351831364,0.23604817351831364,0.7091845896847794,0.0,0.0,22.98254828109782,24.198312326518245,3,1.036367061964663,11.399999999999991,5.017362598999171
C3,K1,,rrt_star,,2,SUCESSO,,5002.292740000485,18.521867001254577,0,,,22.26946412687177,,1,0.46239578638630824,0.6975591832552065,-0.23516339686889826,0.23516339686889826,0.6975591832552065,0.0,0.0,22.462564485170507,23.636336016378532,4,1.0082986940433674,11.199999999999992,5.0167150420002145
C3,K1,,rrt_star,,3,SUCESSO,,5005.232954001258,62.391675002800184,0,,,22.409125518466265,,1,0.45977550617090135,0.7094413195022273,-0.24966581333132598,0.24966581333132598,0.7094413195022273,0.0,0.0,22.33569065368789,23.508087261239684,4,1.3005893511560151,11.399999999999991,5.018797672999426
C3,K1,,rrt_star,,4,SUCESSO,,5006.051014997865,48.280023998813704,0,,,22.121101303561865,,1,0.4658586520903182,0.696819406809555,-0.23096075471923683,0.23096075471923683,0.696819406809555,0.0,0.0,22.63020699693558,23.830555379286128,3,1.1275601426405308,11.199999999999992,5.018677306999962
C3,K1,,rrt_star,,5,SUCESSO,,5006.172841998705,30.625555000369786,0,,,22.426579327460853,,1,0.4595030567877506,0.7091145343064087,-0.2496114775186581,0.2496114775186581,0.7091145343064087,0.0,0.0,22.32249853578319,23.546591588387646,3,1.6235209253673446,11.399999999999991,5.0183002410012705
C3,K1,,rrt_star,,6,SUCESSO,,5007.691106999118,50.0500389989611,0,,,21.999232266088516,,1,0.4686021864755861,0.7227709372466414,-0.25416875077105533,0.25416875077105533,0.7227709372466414,0.0,0.0,22.76302666579142,23.986345997754263,4,1.218898762220837,11.59999999999999,5.022488530999908
C3,K1,,rrt_star,,7,SUCESSO,,5003.758157999982,38.76644999945711,0,,,22.086336525724413,,1,0.46637992182505894,0.696763403529072,-0.23038348170401302,0.23038348170401302,0.696763403529072,0.0,0.0,22.65544651179249,23.839250997590444,3,1.27587963593716,11.199999999999992,5.016085852999822
C3,K1,,rrt_star,,8,SUCESSO,,5004.33597600022,41.69050100063032,0,,,21.811638149905885,,1,0.4723285021119127,0.6983394521111514,-0.22601094999923876,0.22601094999923876,0.6983394521111514,0.0,0.0,22.943421037918757,24.13975517809419,4,1.516990239505325,11.199999999999992,5.018539812001109
C3,K1,,rrt_star,,9,SUCESSO,,5002.247567001177,44.08420900108467,0,,,22.5101248092522,,1,0.4574316617673014,0.6967301358434006,-0.23929847407609922,0.23929847407609922,0.6967301358434006,0.0,0.0,22.22221160206599,23.449751577598107,3,1.4754980926981711,11.199999999999992,5.013723698000831
C3,K1,,rrt_star,,10,SUCESSO,,5001.964967999811,56.887647000621655,0,,,22.42536596028114,,1,0.4591401536994245,0.7215786290252701,-0.26243847532584563,0.26243847532584563,0.7215786290252701,0.0,0.0,22.30494243375595,23.539394031636505,3,1.282934736025367,11.59999999999999,5.014142563999485
C3,K1,,rrt_star,,11,SUCESSO,,5006.18957900042,30.02101499987475,0,,,22.645348796105317,,1,0.4550502363457493,0.709220691136835,-0.25417045479108563,0.25417045479108563,0.709220691136835,0.0,0.0,22.106921929422498,23.34331907744801,3,1.3065708957327846,11.399999999999991,5.018171854999309
C3,K1,,rrt_star,,12,SUCESSO,,5005.462444998557,24.68151499851956,0,,,21.91391589895531,,1,0.47022198648601843,0.7090977131004993,-0.23887572661448087,0.23887572661448087,0.7090977131004993,0.0,0.0,22.841478757510334,24.051387618223803,4,1.2948872579141024,11.399999999999991,5.0176824720001605
C3,K1,,rrt_star,,13,SUCESSO,,5007.191258000603,42.62041699985275,0,,,21.798010176658092,,1,0.4728953799202013,0.7093592719091315,-0.2364638919889302,0.2364638919889302,0.7093592719091315,0.0,0.0,22.970863934004583,24.197286544551286,3,1.22489491744641,11.399999999999991,5.0203968819987494
C3,K1,,rrt_star,,14,SUCESSO,,5003.795683000135,27.400053999372176,0,,,22.147998675077215,,1,0.46508113725173367,0.6969404654185036,-0.23185932816676996,0.23185932816676996,0.6969404654185036,0.0,0.0,22.592541007467304,23.79673720762483,3,1.5712588398570366,11.199999999999992,5.016370943998481
C3,K1,,rrt_star,,15,SUCESSO,,5004.178803999821,74.74908599942864,0,,,22.319647759042407,,1,0.46152711710183403,0.7090965386131278,-0.2475694215112938,0.2475694215112938,0.7090965386131278,0.0,0.0,22.420509759041636,23.65926949874247,3,1.077235734124214,11.399999999999991,5.016629135001494
C3,K1,,rrt_star,,16,SUCESSO,,5006.025922000845,31.833433000429068,0,,,21.881372226350962,,1,0.4709781811114174,0.7095383592311337,-0.2385601781197163,0.2385601781197163,0.7095383592311337,0.0,0.0,22.878025519680456,24.109785862816526,3,1.48959367553116,11.399999999999991,5.01877660900027
C3,K1,,rrt_star,,17,SUCESSO,,5002.956034002636,36.21584400207212,0,,,22.560804528765942,,1,0.4564652136537698,0.7093268644394577,-0.2528616507856879,0.2528616507856879,0.7093268644394577,0.0,0.0,22.175432740546395,23.368948917169504,3,1.236932215430804,11.399999999999991,5.0151227510014
C3,K1,,rrt_star,,18,SUCESSO,,5005.741756000134,24.9645630010491,0,,,21.619643539454923,,1,0.4766713905745989,0.7095003915627589,-0.23282900098816,0.23282900098816,0.7095003915627589,0.0,0.0,23.153673865458835,24.33431930761132,3,1.106142823317439,11.399999999999991,5.018965645000208
C3,K1,,rrt_star,,19,SUCESSO,,5003.650257998743,44.92278099860414,0,,,22.000068130753494,,1,0.4682050873883759,0.6975843989820104,-0.2293793115936345,0.2293793115936345,0.6975843989820104,0.0,0.0,22.743794374910284,23.926146051460847,4,1.4545420976138415,11.199999999999992,5.01774807000038
C3,K1,,rrt_star,,20,SUCESSO,,5003.167081000356,28.184459000840434,0,,,22.416210901067412,,1,0.459439282729549,0.7092400616772675,-0.24980077894771852,0.24980077894771852,0.7092400616772675,0.0,0.0,22.319414744452267,23.567057670547268,3,1.5076696353648127,11.399999999999991,5.015294229999199
C3,K1,,rrt_star,,21,SUCESSO,,5003.074513999309,17.318815998805803,0,,,22.134849107513872,,1,0.4652904134035121,0.7092378338624614,-0.2439474204589493,0.2439474204589493,0.7092378338624614,0.0,0.0,22.60270440380355,23.80968546986928,3,1.3898983454615506,11.399999999999991,5.015203190001557
C3,K2,,astar,1.0,0,SUCESSO,replanner setup 0.22s,151.17720300077053,151.17720300077053,1,423.58043500098574,423.58043500098574,0.6746427261340874,1.8902682000583853,1,0.4612789070368116,0.7355051177410136,-0.27422621070420194,0.27422621070420194,0.7355051177410136,0.0,0.0,22.408483356377815,23.879933385689764,3,1.2834765116291944,11.823580435000977,0.8472086430010677
C3,K2,,astar,1.0,1,SUCESSO,replanner setup 0.22s,135.40819999980158,135.40819999980158,1,421.0699970008136,421.0699970008136,0.6075037437798324,1.8891145408603902,1,0.45881651522491745,0.7480378564700852,-0.2892213412451678,0.2892213412451678,0.7480378564700852,0.0,0.0,22.28927827790891,23.58823154207201,3,1.314785409392429,12.021069997000804,0.8197534239989182
C3,K2,,astar,1.0,2,SUCESSO,replanner setup 0.22s,135.0792610010103,135.0792610010103,1,380.6488469999749,380.6488469999749,0.6109773074947518,1.7217136510636295,1,0.45508707960786227,0.732760974055844,-0.2776738944479817,0.2776738944479817,0.732760974055844,0.0,0.0,22.108719807432557,23.81777313597028,3,1.3863303319676916,11.780648846999966,0.7796560169990698
C3,K1,,rrt_star,,22,SUCESSO,,5003.378060999239,34.922606999316486,0,,,21.541634407266315,,1,0.4781765550870389,0.7219493142931742,-0.24377275920613534,0.24377275920613534,0.7219493142931742,0.0,0.0,23.22654802511886,24.39300475114508,4,1.703775334131001,11.59999999999999,5.017752241999915
C3,K1,,rrt_star,,23,SUCESSO,,5007.046323000395,19.854243999361643,0,,,22.379156735770394,,1,0.46056072713865964,0.7090587623648225,-0.24849803522616282,0.24849803522616282,0.7090587623648225,0.0,0.0,22.373704166418538,23.580638402370987,3,1.6328005325030737,11.399999999999991,5.018975549999595
C3,K1,,rrt_star,,24,SUCESSO,,5003.2048399989435,59.7201969994785,0,,,21.3770291057706,,1,0.48185390820503865,0.721568263295107,-0.2397143550900684,0.2397143550900684,0.721568263295107,0.0,0.0,23.404584496955934,24.59608157176988,4,1.7312974458198611,11.59999999999999,5.016852635999385
C3,K1,,rrt_star,,25,SUCESSO,,5003.420594999625,48.625918998368434,0,,,22.142661703254653,,1,0.46515810531595614,0.6967716013114115,-0.23161349599545533,0.23161349599545533,0.6967716013114115,0.0,0.0,22.596292451436376,23.756648986556172,4,1.4944082129829452,11.199999999999992,5.016457208999782
C3,K1,,rrt_star,,26,SUCESSO,,5005.972943001325,24.26143200136721,0,,,22.42701715005086,,1,0.45947540006676435,0.7218730474275629,-0.2623976473607985,0.2623976473607985,0.7218730474275629,0.0,0.0,22.321171422433107,23.57994748505643,3,1.2907952600223143,11.59999999999999,5.018364098999882
C3,K1,,rrt_star,,27,SUCESSO,,5007.632990002094,34.19080600178859,0,,,22.030328917923242,,1,0.4679333853138695,0.7098110561874037,-0.24187767087353418,0.24187767087353418,0.7098110561874037,0.0,0.0,22.730631978572173,23.963883284688844,5,1.1305044434361375,11.399999999999991,5.022509706001074
C3,K1,,rrt_star,,28,SUCESSO,,5001.8790750000335,56.41052600003604,0,,,22.375011551885898,,1,0.4601690869022506,0.696549772150426,-0.2363806852481754,0.2363806852481754,0.696549772150426,0.0,0.0,22.354755274208767,23.58697679412042,3,1.0364263379582763,11.199999999999992,5.014007768999363
C3,K1,,rrt_star,,29,SUCESSO,,5007.686551000006,57.41548299920396,0,,,22.198929950982425,,1,0.46437206121899355,0.7342842955778919,-0.26991223435889833,0.26991223435889833,0.7342842955778919,0.0,0.0,22.558233942165256,23.770299212184987,5,1.1522541810588771,11.79999999999999,5.02247374199942
C3,K2,,astar,0.5,0,SUCESSO,replanner setup 1.49s,783.2295640018856,783.2295640018856,1,2450.775186000101,2450.775186000101,3.572779350020083,11.17945411986735,1,0.45123313618220334,0.8735673386684257,-0.4223342024862224,0.4223342024862224,0.8735673386684257,0.0,0.0,21.922136445327446,23.523814046172507,3,1.1772585001942624,14.050775186000084,4.776899291999143
C3,K2,,astar,0.5,1,SUCESSO,replanner setup 1.51s,797.9916959993716,797.9916959993716,1,2355.3542259996902,2355.3542259996902,3.644284244922086,10.756478219076712,1,0.4507154775264567,0.8553886337259381,-0.4046731561994814,0.4046731561994814,0.8553886337259381,0.0,0.0,21.897076143588038,23.560508245408606,3,1.321522728124797,13.755354225999675,4.710493911999947
C3,K2,,astar,0.5,2,SUCESSO,replanner setup 1.56s,832.7957259989489,832.7957259989489,1,2669.9799790003453,2669.9799790003453,3.7943604799497175,12.16488773693427,1,0.4517724822926233,0.8872209420340149,-0.4354484597413916,0.4354484597413916,0.8872209420340149,0.0,0.0,21.948250051613048,23.509786161784373,3,1.228027081828598,14.269979979000327,5.115746114999638
C3,K2,,rrt_star,,0,SUCESSO,,5004.163626999798,48.78726800052391,1,184.36111099981645,184.36111099981645,22.656835808467832,0.83471279772957,1,0.4546336692347181,0.7590107620589537,-0.3043770928242356,0.3043770928242356,0.7590107620589537,0.0,0.0,22.086771821551213,25.7072940861913,3,1.1109664100503163,12.184361110999808,5.255316761000358
C3,K2,,rrt_star,,1,SUCESSO,,5003.677022999909,34.92100099902018,1,136.53715500004182,136.53715500004182,22.909578694826696,0.6251420071405486,1,0.4495569484034837,0.7431671278481008,-0.2936101794446171,0.2936101794446171,0.7431671278481008,0.0,0.0,21.84098227930228,25.01712791279257,3,1.450678276031695,11.936537155000034,5.188674582999738
C3,K2,,rrt_star,,2,SUCESSO,,5004.296823999539,15.283077000276535,1,114.45289899893396,114.45289899893396,22.635094248320748,0.5176855504274228,1,0.45508378627621937,0.7289268184816093,-0.27384303220538997,0.27384303220538997,0.7289268184816093,0.0,0.0,22.108575158112266,24.614854950991823,3,1.3537607560470175,11.714452898998926,5.167422438000358
C3,K2,,rrt_star,,3,SUCESSO,,5003.766506999455,53.684194999732426,1,237.96813899934932,237.96813899934932,22.808730206367542,1.0847330850780084,1,0.4515596490341816,0.7365083658984152,-0.28494871686423356,0.28494871686423356,0.7365083658984152,0.0,0.0,21.937944207006083,23.680719792066753,3,1.1665459503815296,11.83796813899934,5.3021067460013
C3,K2,,rrt_star,,4,SUCESSO,,5005.197467000471,45.166167999923346,1,131.19966500016744,131.19966500016744,22.872840178449973,0.5995585566404036,1,0.4504189185472744,0.704948982106497,-0.25453006355922264,0.25453006355922264,0.704948982106497,0.0,0.0,21.88271079564575,23.830555379286128,3,1.1275601426405308,11.331199665000161,5.182808757999737
C3,K2,,rrt_star,,5,SUCESSO,,5001.466456998969,26.05591499923321,1,140.52684499984025,140.52684499984025,22.91585977178218,0.6438698533468886,1,0.44923403538655277,0.7180464148320131,-0.2688123794454604,0.2688123794454604,0.7180464148320131,0.0,0.0,21.825349372915987,24.180442467478272,3,1.1426946084001162,11.540526844999834,5.193801215000349
C3,K2,,rrt_star,,6,SUCESSO,,5004.796593000719,45.4599690001487,1,191.98577600036515,191.98577600036515,22.584025287815734,0.8663312363497188,1,0.456162311137484,0.7846061017104904,-0.3284437905730064,0.3284437905730064,0.7846061017104904,0.0,0.0,22.160781920930845,26.62444358687251,3,1.6910170412793835,12.591985776000355,5.246235562999573
C3,K2,,rrt_star,,7,SUCESSO,,5003.368596000655,32.777123000414576,1,166.6004350008734,166.6004350008734,22.567328366078847,0.7514390855795733,1,0.4563700023096118,0.7070865493810495,-0.25071654707143776,0.25071654707143776,0.7070865493810495,0.0,0.0,22.170850332116686,23.839604460129376,3,1.27587963593716,11.366600435000867,5.215755163999347
C3,K2,,rrt_star,,8,SUCESSO,,5001.554095999381,35.586146001151064,1,186.73733899959188,186.73733899959188,22.82709748143234,0.8522693864646123,1,0.4509947166224391,0.7342338816832085,-0.28323916506076935,0.28323916506076935,0.7342338816832085,0.0,0.0,21.91060032957614,24.87327146752726,3,1.2993646254032887,11.786737338999584,5.243251386000338
C3,K2,,rrt_star,,9,SUCESSO,,5005.767058999481,38.1203060005646,1,271.01842400043097,271.01842400043097,22.599017065219947,1.2235387537587352,1,0.45594738265631746,0.7642242388211681,-0.3082768561648506,0.3082768561648506,0.7642242388211681,0.0,0.0,22.15037514487032,25.49124641978415,3,1.2650323937829164,12.27101842400042,5.326341207999576
C3,K2,,rrt_star,,10,SUCESSO,,5005.021884000598,52.49429300056363,1,110.9919610007637,110.9919610007637,22.52732880577946,0.49956872481522113,1,0.4573351307165995,0.7284752962574346,-0.2711401655408351,0.2711401655408351,0.7284752962574346,0.0,0.0,22.21755596125779,23.539651068082748,3,1.2795995256678543,11.710991961000756,5.17284176099929
C3,K2,,rrt_star,,11,SUCESSO,,5006.916939999428,25.236698998924112,1,119.35278399869276,119.35278399869276,22.997057356925747,0.5481941985894059,1,0.4481318620847361,0.7294440597627753,-0.28131219767803917,0.28131219767803917,0.7294440597627753,0.0,0.0,21.77198961714793,24.694898939911255,3,1.8076889017491085,11.719352783998685,5.172520259000521
C3,K2,,rrt_star,,12,SUCESSO,,5002.551294999648,21.241416998236673,2,65.28870399961306,114.89249700025539,22.65692730018991,0.5203566736984866,1,0.4544846248386507,0.7301214706421668,-0.2756368458035161,0.2756368458035161,0.7301214706421668,0.0,0.0,22.079566345069736,24.130189937613398,3,1.4192190064694428,11.730577407999219,5.267581383001016
C3,K2,,rrt_star,,13,SUCESSO,,5005.136357000083,35.853819999829284,0,,,21.78906449221878,,1,0.4728953799202013,0.7093592719091315,-0.2364638919889302,0.2364638919889302,0.7093592719091315,0.0,0.0,22.970863934004583,24.197286544551286,3,1.22489491744641,11.399999999999991,5.055613644000914
C3,K2,,rrt_star,,14,SUCESSO,,5002.568345000327,24.884088999897358,1,171.36017700067896,171.36017700067896,22.45612494643532,0.7692219836269457,1,0.4585643899057004,0.7459257293113731,-0.2873613394056727,0.2873613394056727,0.7459257293113731,0.0,0.0,22.27707744293805,25.330127138328898,3,2.2409519038277184,11.97136017700067,5.226166786000249
C3,K2,,rrt_star,,15,SUCESSO,,5004.412432999743,64.9858189990482,1,163.65413399944373,163.65413399944373,22.208397882091898,0.7262583113538948,1,0.46386902141737163,0.7328573077214696,-0.268988286304098,0.268988286304098,0.7328573077214696,0.0,0.0,22.533874165840356,25.005301706355958,3,1.4196021389380085,11.763654133999436,5.222611784000037
C3,K2,,rrt_star,,16,SUCESSO,,5001.9321810013935,27.99619200050074,1,123.4630670005572,123.4630670005572,22.56756890636818,0.5570369951255142,1,0.45623385495145025,0.7042323633549308,-0.24799850840348053,0.24799850840348053,0.7042323633549308,0.0,0.0,22.16424906800632,23.562311645932667,3,1.2545483532908595,11.323463067000551,5.180449318999308
C3,K2,,rrt_star,,17,SUCESSO,,5006.2935320002,31.24321600080293,1,141.53224500114447,141.53224500114447,22.915623253736523,0.6478444749534977,1,0.44967375557061373,0.7306575469380904,-0.28098379136747664,0.28098379136747664,0.7306575469380904,0.0,0.0,21.846639197054763,23.424758271491257,3,1.2423432123735192,11.741532245001137,5.207476987001428
C3,K2,,rrt_star,,18,SUCESSO,,5005.779232002169,23.101976001271396,1,141.74914400064154,141.74914400064154,22.828132813506546,0.6464264873609407,1,0.4513564718223796,0.7565728529873522,-0.3052163811649726,0.3052163811649726,0.7565728529873522,0.0,0.0,21.928115071419413,25.70016133394048,3,1.6378136995814767,12.141749144000633,5.206116925999595
C3,K2,,rrt_star,,19,SUCESSO,,5003.949285000999,42.88174600151251,1,177.99888599984115,177.99888599984115,22.418105667040646,0.797449695767483,1,0.4594723057289372,0.7082976174545984,-0.2488253117256612,0.2488253117256612,0.7082976174545984,0.0,0.0,22.321017481677153,23.83898012562883,3,1.6962306170333932,11.377998885999835,5.252605933999803
C3,K2,,rrt_star,,20,SUCESSO,,5000.920831998883,24.126880998665,1,245.33519300166517,245.33519300166517,22.79576707926582,1.1183148271869972,1,0.45155964102952845,0.7503594692044534,-0.29879982817492495,0.29879982817492495,0.7503594692044534,0.0,0.0,21.937936173016677,25.149979664455845,3,1.5209243852779069,12.045335193001655,5.3030268189995695
C3,K2,,rrt_star,,21,SUCESSO,,5001.762034000421,14.562555999873439,1,126.32700699941779,126.32700699941779,22.47255669388198,0.5675781469540027,1,0.45815378742528906,0.7170643692422327,-0.25891058181694365,0.25891058181694365,0.7170643692422327,0.0,0.0,22.257200647588625,23.81072273755027,3,1.3898235362512925,11.526327006999411,5.198040585999479
C3,K2,,rrt_star,,22,SUCESSO,,5005.0121399999625,31.314674000896048,1,120.30335000054038,120.30335000054038,22.080097367474004,0.5307299177990116,1,0.46662897077627175,0.7677539406292317,-0.30112496985296,0.30112496985296,0.7677539406292317,0.0,0.0,22.6675274873235,26.06793892961563,3,1.394689328767027,12.32030335000053,5.185051779999412
C3,K2,,rrt_star,,23,SUCESSO,,5004.224981001244,17.431988002499565,1,122.17647800025588,122.17647800025588,22.833485095186308,0.5574718962461667,1,0.4511100207103742,0.7166477608069138,-0.26553774009653963,0.26553774009653963,0.7166477608069138,0.0,0.0,21.91616811949666,23.584553010627445,3,1.6303480156967947,11.52217647800025,5.179263523999907
C3,K2,,rrt_star,,24,SUCESSO,,5001.53870900067,48.44741899978544,1,119.5589810013189,119.5589810013189,22.40189292033867,0.5355047008306565,1,0.45958355313316146,0.817132956629376,-0.35754940349621456,0.35754940349621456,0.817132956629376,0.0,0.0,22.326411106356886,25.783975113105804,3,1.4137254878668288,13.119558981001306,5.17497235799965
C3,K2,,rrt_star,,25,SUCESSO,,5001.6604249995,26.45203799875162,1,155.7103659997665,155.7103659997665,22.953771598530107,0.7145907304737757,1,0.44850682622063065,0.8321507869576872,-0.38364396073705653,0.38364396073705653,0.8321507869576872,0.0,0.0,21.790146353637986,28.12480308309388,3,1.581875539268108,13.355710365999753,5.215184045000569
C4,K1,,astar,2.0,0,SUCESSO,replanner setup 1.64s,395.6329869997717,395.6329869997717,0,,,0.8239447882898588,,1,0.8431890073684877,0.9465559660481303,-0.10336695867964263,0.10336695867964263,0.4524051109048088,0.366373077365544,0.07777777777777778,48.016929365003804,47.89317188895684,5,2.333176623629184,43.60000000000008,2.082861976001368
C4,K1,,astar,2.0,1,SUCESSO,replanner setup 1.65s,388.4713780007587,388.4713780007587,0,,,0.8133632351495689,,1,0.844142561043214,0.9568612325837506,-0.11271867154053661,0.11271867154053661,0.4647471925345435,0.36433626227142885,0.07777777777777778,47.7611184293722,47.57711201603045,5,2.2767027203896806,43.60000000000008,2.085335257999759
C4,K1,,astar,2.0,2,SUCESSO,replanner setup 1.64s,368.3427750002011,368.3427750002011,0,,,0.7657051280998705,,1,0.7987408853625704,1.1093903828357268,-0.3106494974731564,0.3106494974731564,0.5100935474547406,0.3548523909365425,0.14444444444444443,48.10504220002538,48.898203258732494,4,1.9567605993664057,46.000000000000114,2.0533239409996895
C3,K2,,rrt_star,,26,SUCESSO,,5005.696162999811,20.6464059992868,1,300.7016929987003,300.7016929987003,22.537117426291726,1.3538475258424687,1,0.4571974173988602,0.728003768071228,-0.2708063506723678,0.2708063506723678,0.728003768071228,0.0,0.0,22.21089799692033,24.282045832924002,3,1.2849629795684996,11.700701692998692,5.41731678799988
C3,K2,,rrt_star,,27,SUCESSO,,5002.4473939975,29.627793997860863,1,163.46294799950556,163.46294799950556,22.058530640937686,0.7207976742407497,1,0.46684752227123094,0.7321002076241478,-0.2652526853529169,0.2652526853529169,0.7321002076241478,0.0,0.0,22.678062629945195,24.304061650274704,4,1.2322410203587357,11.763462947999498,5.2180806519991165
C3,K2,,rrt_star,,28,SUCESSO,,5004.940109998643,54.70580699875427,1,258.17791100053,258.17791100053,22.976943032810368,1.1852567709128436,1,0.448347786391864,0.737930055213406,-0.28958226882154203,0.28958226882154203,0.737930055213406,0.0,0.0,21.78244557098715,24.742432785571484,3,1.453657324401459,11.85817791100052,5.334945049999078
C3,K2,,rrt_star,,29,SUCESSO,,5003.23903699973,53.32794399873819,1,94.55808799975784,94.55808799975784,22.899259284795804,0.4327816757440906,1,0.44972060482326787,0.728250307847455,-0.27852970302418717,0.27852970302418717,0.728250307847455,0.0,0.0,21.84891211883732,24.687486452575317,3,1.7510644697078974,11.69455808799975,5.1453099960017425
C4,K1,,rrt_star,,0,SUCESSO,,5007.6290070010145,86.8463740007428,0,,,9.042526595534738,,1,0.8965594315738272,1.1006609672471,-0.20410153567327272,0.20410153567327272,0.5036812414271116,0.45809083693109987,0.08888888888888889,55.37864836885098,55.9003652134512,6,2.365172804349592,53.200000000000216,5.0762688369995885
C4,K1,,rrt_star,,1,SUCESSO,,5006.317483999737,67.24678199861955,0,,,10.137708181005129,,1,0.8302469318625064,0.9519107493352094,-0.12166381747270294,0.12166381747270294,0.4033018642843076,0.3986088850509019,0.1,49.38312875665527,49.55325580881615,5,2.006129519649669,46.20000000000012,5.051790760999211
C4,K1,,rrt_star,,2,SUCESSO,,5006.025754999428,120.95832399973006,0,,,10.683639572044102,,1,0.776160193994987,1.1092127093483695,-0.33305251535338243,0.33305251535338243,0.4321337138525212,0.35485677327362636,0.2222222222222222,46.85693223963399,48.44375077956863,5,2.1372992678176566,45.60000000000011,5.049566804000278
C4,K1,,rrt_star,,3,SUCESSO,,5006.297223000729,82.98075600032462,0,,,9.043844479890014,,1,0.9417113111812515,1.1779943058900113,-0.2362829947087598,0.2362829947087598,0.6641987004886027,0.38601782762362974,0.07777777777777778,55.355852636926514,55.74809131918278,5,1.65590733492866,48.80000000000015,5.052785128000323
C4,K1,,rrt_star,,4,SUCESSO,,5008.824702999846,120.24734100123169,0,,,9.380952170876265,,1,0.8393399924735278,1.143227038504607,-0.3038870460310793,0.3038870460310793,0.566497320797367,0.4378408288183518,0.08888888888888889,53.393564019546396,53.335767700577804,7,1.9736686024607446,52.2000000000002,5.078745404000074
C4,K1,,rrt_star,,5,SUCESSO,,5005.145164999703,75.60371600084181,0,,,10.120939445781033,,1,0.824425251993778,1.1469791069108315,-0.32255385491705346,0.32255385491705346,0.49660251429447705,0.339265481505244,0.2111111111111111,49.453365389772436,50.53615904977294,5,2.07766958408428,47.400000000000134,5.048922275000223
C4,K1,,rrt_star,,6,SUCESSO,,5005.586172999756,77.31702700039023,0,,,9.787132573109146,,1,0.8214813526882065,1.1587866639282232,-0.3373053112400166,0.3373053112400166,0.42094634679916876,0.393395872684609,0.24444444444444444,51.144562879969214,51.82564034193485,5,2.4957959198381063,48.60000000000015,5.049108192000858
C4,K1,,rrt_star,,7,SUCESSO,,5007.306308001716,58.6197410011664,0,,,10.203356040562195,,1,0.8464463749927472,1.0859029600765926,-0.23945658508384537,0.23945658508384537,0.5891349515120825,0.36899023078673193,0.07777777777777778,49.075091451241946,50.12822118225468,5,2.0810083917937034,46.000000000000114,5.051876379000532
C4,K1,,rrt_star,,8,SUCESSO,,5005.910814999879,69.90779499938071,0,,,9.497661026410695,,1,0.8404862833394112,1.1641906337921368,-0.3237043504527256,0.3237043504527256,0.4721679427292286,0.4253560243962411,0.16666666666666666,52.70677486888249,54.183845872253215,5,2.2738056612451074,51.60000000000019,5.059621284999594
C4,K1,,rrt_star,,9,SUCESSO,,5004.359047001344,70.05774800018116,0,,,10.758286087213033,,1,0.9483746147075925,1.1960588077737166,-0.2476841930661241,0.2476841930661241,0.7646585197839113,0.1758447324342499,0.15555555555555556,46.51632245538972,46.993384904498186,5,2.137153295841406,32.39999999999992,5.038782846000686
C4,K1,,rrt_star,,10,SUCESSO,,5004.348761000074,84.83411400084151,0,,,10.258910859702237,,1,0.8169647359420482,1.0586827019857012,-0.24171796604365303,0.24171796604365303,0.5390961383531173,0.3918087858548066,0.07777777777777778,48.78050730177925,50.1586499421258,5,2.3886320412462707,47.400000000000134,5.055741027999829
C4,K1,,rrt_star,,11,SUCESSO,,5006.545497999468,74.15810400016198,0,,,10.34388577800587,,1,0.8012128539473583,1.1319446040965264,-0.3307317501491681,0.3307317501491681,0.4719427203623418,0.36000188373418435,0.2,48.4010129795212,49.39082189313949,5,1.8092165434541805,46.20000000000012,5.048423026999444
C4,K1,,rrt_star,,12,SUCESSO,,5004.786046998561,40.61051399912685,0,,,9.483301540391206,,1,0.8451278575516673,1.1182637962532482,-0.2731359387015809,0.2731359387015809,0.5539675797481219,0.4254073276162383,0.08888888888888889,52.77472223868675,53.28958027889446,5,2.2636018236944158,51.000000000000185,5.050364301001537
C4,K1,,rrt_star,,13,SUCESSO,,5005.252516000837,89.64022700092755,0,,,9.833095564775233,,1,0.8228373547989343,1.1189079300585882,-0.29607057525965397,0.29607057525965397,0.5130911542832713,0.4058167757753181,0.1,50.90210384948342,51.960268874506134,5,1.9162210877311632,49.000000000000156,5.066084246000173
C4,K1,,rrt_star,,14,SUCESSO,,5004.788521999217,100.51611999915622,0,,,10.131935189803164,,1,0.8016825601488013,1.1274255979599463,-0.325743037811145,0.325743037811145,0.4333019611191423,0.3830125257296935,0.2111111111111111,49.39617583653776,50.60739873634092,5,2.1788367584868706,48.00000000000014,5.050071334999302
C4,K1,,rrt_star,,15,SUCESSO,,5003.329083001518,93.6484379999456,0,,,9.979968462089001,,1,0.8015173737060064,1.1185247086245549,-0.3170073349185485,0.3170073349185485,0.46005680583504754,0.41402345834506366,0.14444444444444443,50.13371637403174,51.548122613168246,5,1.9032088323898235,49.80000000000017,5.066716117999022
C4,K1,,astar,1.0,0,SUCESSO,replanner setup 11.82s,2415.858190999643,2415.858190999643,0,,,5.075189291016253,,1,0.8006761123025654,1.0590862725945884,-0.258410160292023,0.258410160292023,0.5648854852235333,0.3553118984821669,0.08888888888888889,47.601341594805675,48.80750910816849,5,2.291003124771132,45.60000000000011,14.296374223000385
C4,K1,,rrt_star,,16,SUCESSO,,5004.378698999062,107.94075599915232,0,,,10.410187865130798,,1,0.8215857788365957,0.9199746308947951,-0.09838885205819947,0.09838885205819947,0.4027566579501164,0.37832908405579035,0.08888888888888889,48.07193456864849,47.615327021488135,4,1.8400233153053809,44.20000000000009,5.045142925000619
C4,K1,,rrt_star,,17,SUCESSO,,5008.466358001897,76.68308500251442,0,,,9.600631845350296,,1,0.8395665181173152,1.0651882043533343,-0.22562168623601908,0.22562168623601908,0.49130907173462796,0.4349902437298175,0.08888888888888889,52.16809100358908,52.47244674254748,7,1.9007052662498878,50.80000000000018,5.077476058999309
C4,K1,,astar,1.0,1,SUCESSO,replanner setup 11.97s,2443.247805998908,2443.247805998908,0,,,5.144340089185609,,1,0.80156866953131,1.0420043178415308,-0.2404356483102208,0.2404356483102208,0.5646701299116098,0.3495564101521437,0.07777777777777778,47.493901329250846,48.5654957953581,5,2.331755920880155,46.40000000000012,14.474399299000652
C4,K1,,astar,1.0,2,SUCESSO,replanner setup 12.05s,2602.8094550001697,2602.8094550001697,0,,,5.488040486320674,,1,0.8154671501886542,1.0646470456130217,-0.24917989542436747,0.24917989542436747,0.5768474832936569,0.3489106734304754,0.08888888888888889,47.426936107484174,48.50806805485099,5,2.116818729463514,46.40000000000012,14.705632193999918
C4,K1,,rrt_star,,18,SUCESSO,,5006.312020999758,85.05448199866805,0,,,10.759852961929457,,1,0.9662512378979249,1.2252748919082845,-0.25902365401035965,0.25902365401035965,0.9254707422772624,0.16091526074213283,0.08888888888888889,46.52769920474848,47.9367210777747,5,1.4998884016458929,32.39999999999992,5.040853223999875
C4,K1,,rrt_star,,19,SUCESSO,,5004.851278999922,96.37807700164558,0,,,10.755132536652576,,1,1.0158826023349217,1.2606990012250463,-0.24481639889012463,0.24481639889012463,0.9987408296787101,0.13418039376855814,0.07777777777777778,46.534538388474665,48.008349112109684,5,2.2750506068824348,30.399999999999924,5.03833697600021
C4,K1,,rrt_star,,20,SUCESSO,,5006.557113998497,82.44909799941524,0,,,10.531361098279268,,1,0.8198142955557435,1.0658010451836846,-0.2459867496279411,0.2459867496279411,0.589257261235379,0.34876600617052805,0.07777777777777778,47.539506691272074,48.794282837216635,6,1.9138004605889987,45.0000000000001,5.058297509000113
C4,K1,,rrt_star,,21,SUCESSO,,5007.93805000103,107.24889900120615,0,,,9.993944187749666,,1,0.8268600438874161,1.140109142350594,-0.31324909846317794,0.31324909846317794,0.5238759865822231,0.382899822435037,0.13333333333333333,50.10972600927309,51.591831926863215,5,2.3222484032852773,47.80000000000014,5.06127993500013
C4,K1,,rrt_star,,22,SUCESSO,,5004.72170300236,69.18561400198087,0,,,9.873093545220827,,1,0.799471471312785,1.1258347110072175,-0.3263632396944326,0.3263632396944326,0.38063113653578207,0.4118702411381033,0.23333333333333334,50.69051235136881,51.94527836310348,5,2.4317608086156084,50.20000000000017,5.067202854999778
C4,K4,0.02,astar,2.0,0,SUCESSO,replanner setup 1.48s,352.02553199997055,352.02553199997055,0,,,0.7262942937721731,,1,0.8479578858079792,0.9538795600359249,-0.10592167422794574,0.10592167422794574,0.4524051109048088,0.3736966713533385,0.07777777777777778,48.468717848745115,48.41353396429862,5,2.7617835312591694,44.40000000000009,1.8750140329993883
C4,K1,,rrt_star,,23,SUCESSO,,5006.624547000683,105.78420300043945,0,,,10.431844936606401,,1,0.7876727284030439,1.1011685909269078,-0.31349586252386386,0.31349586252386386,0.44478064448753046,0.3563879464393779,0.2,47.99366341644833,49.068688205512075,5,3.3609383307983958,48.200000000000145,5.052351747999637
C4,K4,0.02,astar,2.0,1,SUCESSO,replanner setup 1.48s,363.3559490008338,363.3559490008338,0,,,0.7534480828144152,,1,0.8490469496455204,0.9629726558600574,-0.11392570621453701,0.11392570621453701,0.4647471925345435,0.37044768554773566,0.07777777777777778,48.22574471801177,48.098002307170354,5,2.68191651199048,44.20000000000009,1.8917472980010643
C4,K4,0.02,astar,2.0,2,SUCESSO,replanner setup 1.52s,351.9741750023968,351.9741750023968,0,,,0.7059488107443405,,1,0.8133587547543784,1.1226499172811597,-0.30929116252678135,0.30929116252678135,0.5100935474547406,0.36811192538197407,0.14444444444444443,49.85831403714403,50.56640188133448,4,2.307337963260812,49.600000000000165,1.9238013599988335
C4,K1,,rrt_star,,24,SUCESSO,,5008.242460999099,52.14394299946434,0,,,10.02299213163561,,1,0.8450569504792319,1.165957806268868,-0.3209008557896361,0.3209008557896361,0.5615273365696826,0.35998602525474055,0.14444444444444443,49.96753858751983,51.48846106948842,5,2.7797808774878616,46.000000000000114,5.050453268000638
C4,K1,,rrt_star,,25,SUCESSO,,5005.473625002196,70.10752700261946,0,,,8.86345292282969,,1,0.8612295475763633,1.2298634183050117,-0.3686338707286484,0.3686338707286484,0.4502219008682345,0.46853040632566734,0.2111111111111111,56.47317889069557,57.37680255612137,6,2.0911166259199474,56.000000000000256,5.077323421000983
C4,K1,,rrt_star,,26,SUCESSO,,5004.459297000722,114.94080699958431,0,,,10.476548874810671,,1,0.7887688468742903,1.1110904654411058,-0.3223216185668155,0.3223216185668155,0.4722698507384042,0.37215394803603413,0.16666666666666666,47.76820455668576,49.18018691272475,5,2.800555405040353,46.60000000000012,5.050945774000866
C4,K1,,rrt_star,,27,SUCESSO,,5004.147078001552,54.959418001089944,0,,,9.685017168816183,,1,0.8147747151761283,1.1345625755716895,-0.3197878603955612,0.3197878603955612,0.4458478792861653,0.43315914072996986,0.15555555555555556,51.668954125490906,53.17003173956801,4,1.823839949982402,51.60000000000019,5.048217980000118
C4,K1,,rrt_star,,28,SUCESSO,,5006.120787000327,96.20680899934086,0,,,9.454067224919736,,1,0.8509529667107166,1.0813017276417953,-0.2303487609310787,0.2303487609310787,0.5521696224822086,0.3902432162706985,0.08888888888888889,52.95203289653812,52.38831290743756,5,2.221245397033389,51.000000000000185,5.072339104999628
C4,K1,,rrt_star,,29,SUCESSO,,5007.284019000508,90.74774500004423,0,,,10.649993734293789,,1,0.8055851021149786,1.0528868612823474,-0.24730175916736885,0.24730175916736885,0.5646181439735994,0.3493798284198594,0.08888888888888889,47.016779013462454,48.03866068901366,5,2.021280929979348,44.000000000000085,5.049852730999191
C4,K4,0.02,rrt_star,,0,SUCESSO,,5008.972913001344,84.97024999996938,0,,,9.888312824789228,,1,0.8467038281941541,1.0535041840136854,-0.20680035581953127,0.20680035581953127,0.5036812414271116,0.4109340536976852,0.08888888888888889,50.655485943408266,51.577250025386924,6,2.7620710980283567,48.80000000000015,5.06436100099927
C4,K4,0.02,rrt_star,,1,SUCESSO,,5008.590554998591,68.41586899827234,0,,,9.911307190144509,,1,0.8423961439304011,0.9622586025534453,-0.11986245862304423,0.11986245862304423,0.4033018642843076,0.40895673826913703,0.1,50.53410674203475,50.542355086329515,5,3.7610184543925103,47.20000000000013,5.054675601000781
C4,K4,0.02,rrt_star,,2,SUCESSO,,5008.24437799929,116.79659599940351,0,,,10.564138408533989,,1,0.7819767846741901,1.1132629480102225,-0.33128616333603245,0.33128616333603245,0.4321337138525212,0.3589070119354782,0.2222222222222222,47.407977672400605,48.91005527957513,6,2.58506376975774,46.000000000000114,5.054454680999697
C4,K4,0.02,rrt_star,,3,SUCESSO,,5008.368004000658,79.70429400120338,0,,,8.728966542476478,,1,0.9630394616437087,1.1975539873949657,-0.23451452575125697,0.23451452575125697,0.6641987004886027,0.4055775091285848,0.07777777777777778,57.376414259685596,57.35915411314216,6,1.65590733492866,50.60000000000018,5.0642211150006915
C4,K4,0.02,rrt_star,,4,SUCESSO,,5008.937582999351,114.7797140001785,0,,,9.693464808109049,,1,0.821182132694924,1.1314913612327662,-0.31030922853784215,0.31030922853784215,0.566497320797367,0.42610515154651013,0.08888888888888889,51.67334572473131,52.394002514765916,7,3.4925916605849685,51.20000000000019,5.06509756700143
C4,K4,0.02,rrt_star,,5,SUCESSO,,5006.47377200039,73.37539400032256,0,,,10.123626031396016,,1,0.824425251993778,1.1469791069108315,-0.32255385491705346,0.32255385491705346,0.49660251429447705,0.339265481505244,0.2111111111111111,49.453365389772436,50.53615904977294,5,2.07766958408428,47.400000000000134,5.050186092999866
C4,K4,0.02,rrt_star,,6,SUCESSO,,5008.226390998971,81.36918699892703,0,,,9.6940078630862,,1,0.8269549541077037,1.1649089877415637,-0.33795403363386,0.33795403363386,0.42094634679916876,0.39951819649795045,0.24444444444444444,51.66311459339526,52.34369510134026,6,2.6926529361361364,49.20000000000016,5.0671186660001695
C4,K4,0.02,rrt_star,,7,SUCESSO,,5006.159400001707,58.56805200164672,0,,,9.414093741272634,,1,0.8289131609331986,1.1421554404381682,-0.31324227950496963,0.31324227950496963,0.4196858418316087,0.44469182082878206,0.17777777777777778,53.17728437368369,54.451484266011114,5,2.702939293907342,52.80000000000021,5.068077735999395
C4,K4,0.02,rrt_star,,8,SUCESSO,,5005.1564639998105,69.89992399940093,0,,,9.197246755458206,,1,0.8585720226338929,1.1810593556721047,-0.32248733303821187,0.32248733303821187,0.4721679427292286,0.4422247462762102,0.16666666666666666,54.42016069678076,55.81785301822201,5,3.532445900639965,53.200000000000216,5.063103369000601
C4,K4,0.02,rrt_star,,9,SUCESSO,,5004.633183998521,67.59199599946442,0,,,10.758875422273732,,1,0.9483746147075925,1.1960588077737166,-0.2476841930661241,0.2476841930661241,0.7646585197839113,0.1758447324342499,0.15555555555555556,46.51632245538972,46.993384904498186,5,2.137153295841406,32.39999999999992,5.039531350999823
C4,K4,0.02,rrt_star,,10,SUCESSO,,5006.046577000234,87.81502200145042,0,,,10.372791233314977,,1,0.8114844872996284,1.0521974708040909,-0.24071298350446246,0.24071298350446246,0.5390961383531173,0.3853235546731968,0.07777777777777778,48.26132585144473,49.58220269581417,5,4.015451919992766,46.800000000000125,5.050353627999357
C4,K4,0.02,rrt_star,,11,SUCESSO,,5005.405944000813,68.68549499995424,0,,,9.925690794365034,,1,0.8226171857922792,1.1545114560315797,-0.3318942702393005,0.3318942702393005,0.4719427203623418,0.382568735669238,0.2,50.42879178588213,51.661865854462505,5,2.8427420937912453,48.40000000000015,5.053916619001029
C4,K4,0.02,rrt_star,,12,SUCESSO,,5007.238021999001,42.06529099974432,0,,,9.334831269292266,,1,0.8542652494880694,1.1290801110452813,-0.2748148615572119,0.2748148615572119,0.5539675797481219,0.43622364240827044,0.08888888888888889,53.640369895819575,54.16555168652987,6,3.0211202038959484,52.0000000000002,5.06739650199961
C4,K4,0.02,rrt_star,,13,SUCESSO,,5006.339162002405,90.76956800163316,0,,,9.904799342055021,,1,0.8510632993741597,1.0887658745388797,-0.23770257516472004,0.23770257516472004,0.5768337833548715,0.38415431340623046,0.07777777777777778,50.544579340904676,51.18813758779054,5,3.007342795231461,47.20000000000013,5.050250930000402
C4,K4,0.02,rrt_star,,14,SUCESSO,,5008.220717998483,99.34040999905847,0,,,10.056840497492566,,1,0.8059361378398233,1.1312480535740865,-0.3253119157342632,0.3253119157342632,0.4333019611191423,0.38683498134383393,0.2111111111111111,49.79914635463458,51.156168355619556,5,3.229619954916715,48.40000000000015,5.061108638001315
C4,K4,0.02,rrt_star,,15,SUCESSO,,5005.222416999459,97.27442099938344,0,,,9.823381476168443,,1,0.8101562182506822,1.1267321161153891,-0.31657589786470697,0.31657589786470697,0.46005680583504754,0.4222308658358985,0.14444444444444443,50.95213322563259,52.36926035018461,5,3.3743182974190975,50.60000000000018,5.065405129998908
C4,K4,0.02,rrt_star,,16,SUCESSO,,5008.784644001935,112.62277900095796,0,,,10.315105812922589,,1,0.8296034155611701,0.931792146042013,-0.10218873048084287,0.10218873048084287,0.40279921173423305,0.3901040454188904,0.08888888888888889,48.55776309853278,48.74995806888944,5,3.5398768345901863,45.2000000000001,5.056500997001422
C4,K4,0.02,rrt_star,,17,SUCESSO,,5009.1585500013025,78.13391800118552,0,,,9.611651389431676,,1,0.8390112118655283,1.064918572030642,-0.2259073601651137,0.2259073601651137,0.49130907173462796,0.43472061140712437,0.08888888888888889,52.1154830428935,52.53640953678254,7,2.6565301365408818,50.80000000000018,5.070887341000343
C4,K4,0.02,astar,1.0,0,SUCESSO,replanner setup 11.85s,2331.6560090006533,2331.6560090006533,0,,,4.803819733808394,,1,0.8111738843902958,1.0602016385449315,-0.24902775415463574,0.24902775415463574,0.56488384467075,0.3564289049852923,0.08888888888888889,48.53754175226205,49.21871620264691,4,2.291003124771132,47.00000000000013,14.241544092999902
C4,K4,0.02,astar,1.0,1,SUCESSO,replanner setup 12.07s,2390.516347999437,2390.516347999437,0,,,4.936795247422158,,1,0.8119854915572824,1.0480150965642994,-0.23602960500701697,0.23602960500701697,0.5646651077239193,0.35557221106260284,0.07777777777777778,48.42243253348801,49.068109990054985,4,2.354748903666657,46.60000000000012,14.521192125001107
C4,K4,0.02,astar,1.0,2,SUCESSO,replanner setup 11.79s,2396.693876000427,2396.693876000427,0,,,4.880554833933181,,1,0.8338167769652035,1.079237314048553,-0.24542053708334943,0.24542053708334943,0.5768421585673613,0.36350626659230184,0.08888888888888889,49.10699618282866,49.62942007538512,5,2.1151972944530053,47.400000000000134,14.261984771999778
C4,K4,0.02,rrt_star,,18,SUCESSO,,5005.7570389999455,85.02539100118156,0,,,10.758660162781212,,1,0.9662512378979249,1.2252748919082845,-0.25902365401035965,0.25902365401035965,0.9254707422772624,0.16091526074213283,0.08888888888888889,46.52769920474848,47.9367210777747,5,1.4998884016458929,32.39999999999992,5.043549775000429
C4,K4,0.02,rrt_star,,19,SUCESSO,,5006.101598999521,99.128522000683,0,,,10.636324514086562,,1,0.9994033892714891,1.2500900623901343,-0.25068667311864523,0.25068667311864523,0.9615724882787904,0.17185090744467743,0.06666666666666667,47.0660855859515,47.94105242471726,6,1.755589154164711,33.19999999999993,5.046567268000217
C4,K4,0.02,rrt_star,,20,SUCESSO,,5010.137564999241,85.62527799949748,0,,,10.379411445050676,,1,0.8275246169419039,1.0725546308166622,-0.2450300138747583,0.2450300138747583,0.589257261235379,0.3555195918035058,0.07777777777777778,48.269958191013586,49.31481354617587,7,2.7032523726377224,45.60000000000011,5.065397700000176
C4,K4,0.02,rrt_star,,21,SUCESSO,,5008.543486001145,108.25761100022646,0,,,9.989986535358625,,1,0.8271335593857688,1.140071054371234,-0.3129374949854652,0.3129374949854652,0.5238759865822231,0.38286173445567634,0.13333333333333333,50.135638003853884,51.61548940412391,5,2.65800422747169,47.80000000000014,5.060616659999141
C4,K4,0.02,rrt_star,,22,SUCESSO,,5003.997412999524,71.84256099935737,0,,,9.618234443896128,,1,0.8135699053552615,1.138017927384743,-0.32444802202948153,0.32444802202948153,0.38063113653578207,0.42405345751562806,0.23333333333333334,52.026153471182376,53.251853693094404,5,3.341443471941851,51.40000000000019,5.067822061000697
C4,K4,0.02,rrt_star,,23,SUCESSO,,5006.3619320008,109.1648300007364,0,,,10.566910279143688,,1,0.7811711800988831,1.1025685927577065,-0.3213974126588234,0.3213974126588234,0.44478064448753046,0.3577879482701763,0.2,47.37772726131731,48.57821107211273,5,2.8734445416172183,45.0000000000001,5.05208673999914
C4,K4,0.02,rrt_star,,24,SUCESSO,,5007.079209999574,54.15124299906893,0,,,10.020664118224486,,1,0.8450569504792319,1.165957806268868,-0.3209008557896361,0.3209008557896361,0.5615273365696826,0.35998602525474055,0.14444444444444443,49.96753858751983,51.48846106948842,5,2.7797808774878616,46.000000000000114,5.051769535999483
C4,K4,0.02,rrt_star,,25,SUCESSO,,5009.526580000966,98.52596100245137,0,,,9.269497505441514,,1,0.8984905006667396,1.1452911540097181,-0.24680065334297852,0.24680065334297852,0.6017038577219589,0.4158095185099811,0.07777777777777778,54.0431299222013,55.16631530957464,6,3.072951511832314,50.60000000000018,5.079345546000695
C4,K4,0.1,astar,2.0,0,SUCESSO,replanner setup 1.55s,405.56515699972806,405.56515699972806,0,,,0.7816806993381459,,1,0.8762275307508506,0.9781145225680128,-0.10188699181716221,0.10188699181716221,0.4524051109048088,0.3979316338854261,0.07777777777777778,51.883736843332926,51.406325122003025,5,3.9858933182712075,51.20000000000019,2.0206100289997266
C4,K4,0.02,rrt_star,,26,SUCESSO,,5008.20876599937,116.06237600062741,0,,,10.199231746417347,,1,0.8028666339832436,1.1228466431453712,-0.31998000916212754,0.31998000916212754,0.4722698507384042,0.38391012574030103,0.16666666666666666,49.10378438806029,49.941408796465645,6,2.67615274103533,47.600000000000136,5.05683933399996
C4,K4,0.1,astar,2.0,1,SUCESSO,replanner setup 1.55s,407.91601999990235,407.91601999990235,0,,,0.7920545800183605,,1,0.8758412986209686,0.9874454933213832,-0.1116041947004146,0.1116041947004146,0.4647471925345435,0.39492052300906233,0.07777777777777778,51.500998831475286,51.03640912935973,5,4.133542568980377,51.000000000000185,2.018311297000764
C4,K4,0.1,astar,2.0,2,SUCESSO,replanner setup 1.54s,373.54351700014377,373.54351700014377,0,,,0.7327549323896898,,1,0.8122270066230274,1.1221859034352213,-0.3099588968121939,0.3099588968121939,0.4722853385172739,0.3943450093623916,0.15555555555555556,50.97796009123114,51.63439907843355,6,4.373260297246817,51.800000000000196,1.9861990689987579
C4,K4,0.02,rrt_star,,27,SUCESSO,,5007.295289997273,54.79501699664979,0,,,9.30347125361298,,1,0.8374991538899005,1.1539115134175177,-0.31641235952761726,0.31641235952761726,0.4458478792861653,0.45250807857579695,0.15555555555555556,53.821795687848265,54.9669884942207,5,2.869601174880577,53.40000000000022,5.082927448000191
C4,K4,0.02,rrt_star,,28,SUCESSO,,5006.13232699834,100.2399239987426,0,,,9.925254305464707,,1,0.8329125005395875,1.0804237399354537,-0.24751123939586617,0.24751123939586617,0.5521696224822086,0.3893652285643563,0.08888888888888889,50.438328056159065,51.385874413799755,5,3.4123944932221666,47.600000000000136,5.063291386999481
C4,K4,0.02,rrt_star,,29,SUCESSO,,5005.067518002761,90.77348400205665,0,,,9.622585529681,,1,0.8502594356294079,1.0998574635688054,-0.24959802793939756,0.24959802793939756,0.5524810956383689,0.40848747904154775,0.08888888888888889,52.01374934589627,53.28722579754342,5,3.1026679723727444,49.600000000000165,5.057459002000542
C4,K4,0.1,rrt_star,,0,SUCESSO,,5010.999912999978,93.88002699961362,0,,,9.281924942325803,,1,0.8696674341366696,1.0861741187140537,-0.2165066845773841,0.2165066845773841,0.504689483853153,0.44259574597201135,0.08888888888888889,53.98664548718442,53.94566473821525,8,5.172475276579285,51.800000000000196,5.081939683999735
C4,K4,0.1,rrt_star,,1,SUCESSO,,5004.434693999428,69.74639200052479,0,,,10.731378275956178,,1,0.9929792182739056,1.2406888144544546,-0.247709596180549,0.247709596180549,0.9294912271958605,0.12786425392526082,0.13333333333333333,46.63366219427697,46.927705706358125,5,3.406031274518606,30.199999999999925,5.039363484000205
C4,K4,0.1,rrt_star,,2,SUCESSO,,5003.275265000411,114.0426080000907,0,,,10.335923498539422,,1,1.0064775229251866,1.3418032524483063,-0.3353257295231198,0.3353257295231198,0.8973483241184248,0.1444549283298806,0.2,48.406659218283,49.816094841791354,5,1.2567925767465458,32.799999999999926,5.040060901999823
C4,K4,0.1,rrt_star,,3,SUCESSO,,5002.897431000747,73.21928400051547,0,,,10.317446390874373,,1,1.0156229240171075,1.2771162995541836,-0.2614933755370761,0.2614933755370761,0.9767206139502165,0.1503956856039677,0.1,48.48968670606067,49.90176077998902,5,1.9481382559449516,32.39999999999992,5.0387251200008905
C4,K4,0.1,rrt_star,,4,SUCESSO,,5008.7684680001985,113.53767800028436,0,,,10.266022535389318,,1,0.9979707483400962,1.3374682818356238,-0.3394975334955276,0.3394975334955276,0.8961578597793423,0.16353264427850395,0.17777777777777778,48.78976693002409,50.22785823732473,6,1.4417580758819262,33.99999999999994,5.050624601999516
C4,K4,0.1,rrt_star,,5,SUCESSO,,5009.064470999874,82.07731099901139,0,,,8.932630401270263,,1,0.8976309711242713,1.1383838827127268,-0.24075291158845558,0.24075291158845558,0.5645629487974628,0.44604315613748574,0.07777777777777778,56.07602963498368,56.82919057574805,7,4.764273892444364,53.00000000000021,5.0792539850008325
C4,K4,0.1,rrt_star,,6,SUCESSO,,5008.675192000737,86.13441600027727,0,,,9.95293957873111,,1,0.7990600501099445,1.121865126060498,-0.3228050759505534,0.3228050759505534,0.43254636101134286,0.41154098727137717,0.17777777777777778,50.323576792367994,51.564982899557066,6,5.23452206178352,50.20000000000017,5.062100033001116
C4,K4,0.1,rrt_star,,7,SUCESSO,,5007.7586980005435,65.07320099990466,0,,,9.733232633307015,,1,0.8577419553437616,0.9685637016072554,-0.11082174626349373,0.11082174626349373,0.41510295371186434,0.4256829701176138,0.07777777777777778,51.45010796170687,51.53920443995401,5,5.2167269340019065,48.60000000000015,5.058915152001646
C4,K4,0.1,rrt_star,,8,SUCESSO,,5005.249533000097,73.52070399974764,0,,,10.709345819198216,,1,0.9713892917537347,1.2308327205137444,-0.2594434287600097,0.2594434287600097,0.9133987687216236,0.16743395179212134,0.1,46.737210820360154,47.9846850853931,6,1.5107213412124845,32.59999999999992,5.044935756000996
C4,K4,0.1,rrt_star,,9,SUCESSO,,5006.171735001772,65.81563200052187,0,,,10.154058020301107,,1,1.019249703113263,1.264607064402462,-0.24535736128919905,0.24535736128919905,0.9618143081868593,0.17501497843782546,0.07777777777777778,49.302177759796955,49.85137925058105,6,1.6711676066938745,33.59999999999994,5.044367511000019
C4,K4,0.1,rrt_star,,10,SUCESSO,,5007.268675000887,89.41231999961019,0,,,8.7360514190362,,1,0.8911135796179667,1.0033521724340067,-0.11223859281603998,0.11223859281603998,0.41574213495302614,0.4487211485920917,0.08888888888888889,57.31729856912073,56.94236874750576,5,6.649727293328325,64.00000000000037,5.080173094000202
C4,K4,0.1,rrt_star,,11,SUCESSO,,5009.489246000157,97.31484800067847,0,,,9.45408227446795,,1,0.8442578600322845,1.1737810212514213,-0.3295231612191367,0.3295231612191367,0.4719427203623418,0.40183830088907807,0.2,52.98757828170136,53.57164177001719,7,2.9250323561466782,51.20000000000019,5.062411774000793
C4,K4,0.1,rrt_star,,12,SUCESSO,,5004.533323999567,38.92131400061771,0,,,10.621449030401696,,1,0.9695038097759046,1.2984744356491287,-0.3289706258732241,0.3289706258732241,0.8309080837807991,0.15645524075721878,0.2111111111111111,47.11723710837503,48.56505166016796,5,1.687442102021128,32.99999999999993,5.040465094998581
C4,K4,0.1,rrt_star,,13,SUCESSO,,5010.148086999834,92.24629900018044,0,,,8.84749275172322,,1,0.8832761637266977,1.174355331731014,-0.2910791680043163,0.2910791680043163,0.5130911542832713,0.46126417744774284,0.1,56.627885747903115,56.9483114017645,6,5.602418944231239,54.20000000000023,5.071897385998454
C4,K4,0.1,rrt_star,,14,SUCESSO,,5009.170499999527,98.97716299929016,0,,,9.920849172950522,,1,0.8025692381507107,1.1277928222990823,-0.3252235841483716,0.3252235841483716,0.4333019611191423,0.3833797500688294,0.2111111111111111,50.491348196857714,51.642002129743354,6,4.794534905596473,53.200000000000216,5.070408835999842
C4,K4,0.1,rrt_star,,15,SUCESSO,,5006.846377000329,94.00932100106729,0,,,9.504720960822482,,1,0.8283680891308601,1.1435368314722334,-0.31516874234137326,0.31516874234137326,0.46005680583504754,0.43903558119274105,0.14444444444444443,52.677468361649474,53.985120630256624,5,5.640810328576005,52.2000000000002,5.059225173999948
C4,K4,0.1,rrt_star,,16,SUCESSO,,5006.9734980006615,113.43485500037787,0,,,10.683038468432061,,1,0.9649344068462485,1.2875387254954815,-0.322604318649233,0.322604318649233,0.8580173779663567,0.16285468086245886,0.16666666666666666,46.868440217603464,48.36104624474709,5,1.5053002643764077,33.19999999999993,5.045556585000668
C4,K4,0.1,rrt_star,,17,SUCESSO,,5006.229893000636,72.76000700039731,0,,,10.705338960725468,,1,0.9753842251660408,1.3108889152488887,-0.3355046900828479,0.3355046900828479,0.8583764842668918,0.14140131987088586,0.2111111111111111,46.76386157754485,48.34414180936976,5,1.5458317169727038,31.99999999999992,5.041483554001388
C4,K4,0.1,astar,1.0,0,SUCESSO,replanner setup 11.72s,2534.1250709989254,2534.1250709989254,0,,,4.9428458249588285,,1,0.8295607558587819,1.077745961375568,-0.24818520551678613,0.24818520551678613,0.5401416562997167,0.3876043050758506,0.1,51.268543683942106,51.75800104569975,6,3.3149144328908555,52.0000000000002,14.337003193000783
C4,K4,0.1,astar,1.0,1,SUCESSO,replanner setup 11.73s,2579.765005999434,2579.765005999434,0,,,5.055573830198031,,1,0.8293434186615577,1.0653800638823574,-0.2360366452207997,0.2360366452207997,0.5521713846909444,0.3854309014136352,0.07777777777777778,51.02813434530304,51.5248185643907,6,3.380701662881785,51.60000000000019,14.39781234000111
C4,K4,0.1,astar,1.0,2,SUCESSO,replanner setup 11.88s,2731.0093820015027,2731.0093820015027,0,,,5.394594923643702,,1,0.8393488646381109,1.0860172110567046,-0.2466683464185937,0.2466683464185937,0.5643379152042812,0.38279040696353395,0.08888888888888889,50.62492032593397,51.221743066090966,6,3.504323870178945,51.40000000000019,14.688167270000122
C4,K4,0.1,rrt_star,,18,SUCESSO,,5006.076312000005,86.18794300127774,0,,,10.759346362626715,,1,0.9662512378979249,1.2252748919082845,-0.25902365401035965,0.25902365401035965,0.9254707422772624,0.16091526074213283,0.08888888888888889,46.52769920474848,47.9367210777747,5,1.4998884016458929,32.39999999999992,5.041329548001158
C4,K4,0.1,rrt_star,,19,SUCESSO,,5005.963794999843,98.03836799983401,0,,,10.757523268436856,,1,1.0158826023349217,1.2606990012250463,-0.24481639889012463,0.24481639889012463,0.9987408296787101,0.13418039376855814,0.07777777777777778,46.534538388474665,48.008349112109684,5,2.2750506068824348,30.399999999999924,5.040729447000558
C4,K4,0.1,rrt_star,,20,SUCESSO,,5008.425354999417,85.23696299926087,0,,,9.58478675920659,,1,0.8637759506942169,1.106974568798032,-0.24319861810381505,0.24319861810381505,0.589257261235379,0.38993952978487606,0.07777777777777778,52.25390486844806,52.93982578894742,6,2.9609491032514246,52.400000000000205,5.062935402998846
C4,K4,0.1,rrt_star,,21,SUCESSO,,5010.067260000142,134.41996300025494,0,,,8.854903157128675,,1,0.8951529762436442,1.2036836960101784,-0.30853071976653423,0.30853071976653423,0.5238759865822231,0.4464743760946228,0.13333333333333333,56.57958275881049,57.67119604680208,6,6.393397676219091,53.800000000000225,5.08058162099951
C4,K4,0.1,rrt_star,,22,SUCESSO,,5006.89914800023,89.03899600045406,0,,,9.840269131521756,,1,0.8014898773831688,1.1272874219041793,-0.3257975445210105,0.3257975445210105,0.38063113653578207,0.4133229520350638,0.23333333333333334,50.88172976856308,52.232428699896055,5,5.652053942224316,50.400000000000176,5.054716667000321
C4,K4,0.1,rrt_star,,23,SUCESSO,,5006.929860001037,99.51843499948154,0,,,10.572158736919448,,1,0.9971342878195927,1.2645684093851852,-0.26743412156559254,0.26743412156559254,0.963516304781473,0.15105210460371254,0.1,47.35957891472195,48.74019845702372,5,1.9018726106747474,31.99999999999992,5.04206326700114
C4,K4,0.1,rrt_star,,24,SUCESSO,,5011.848427999212,58.78843699974823,0,,,9.166598491104885,,1,0.8813136400960793,1.1238234778728513,-0.24250983777677204,0.24250983777677204,0.5522326010526856,0.4327019879312773,0.08888888888888889,54.67511676073329,55.396247052340016,7,3.1073506374064763,51.60000000000019,5.065347619000022
C4,K4,0.1,rrt_star,,25,SUCESSO,,5007.535441998698,90.80209399871819,0,,,8.998649623741237,,1,0.8525154431982006,1.2225470696556222,-0.3700316264574216,0.3700316264574216,0.4502219008682345,0.46121405767627394,0.2111111111111111,55.6476321601328,56.90835051046582,6,6.602718497034733,55.40000000000025,5.067110421001416
C4,K4,0.1,rrt_star,,26,SUCESSO,,5008.263306001027,112.35893999946711,0,,,9.624290690388653,,1,0.8338361588282964,1.1519128248243446,-0.3180766659960482,0.3180766659960482,0.4722698507384042,0.4129763074192733,0.16666666666666666,52.037739373381086,52.9286684684651,6,4.553661353286719,50.400000000000176,5.060944612998355
C4,K4,0.1,rrt_star,,27,SUCESSO,,5003.803330000665,55.035610999766504,0,,,10.844095218916172,,1,1.0171835283114732,1.2579536572943522,-0.24077012898287897,0.24077012898287897,0.9864914303476967,0.14368444916887763,0.07777777777777778,46.143115022377835,47.50670590086237,5,1.619703926419197,31.19999999999992,5.039635346000068
C4,K4,0.1,rrt_star,,28,SUCESSO,,5008.2704380001815,95.28612499889277,0,,,9.562342113210056,,1,0.8739694176444098,0.9894524232222867,-0.11548300557787683,0.11548300557787683,0.46541596534160484,0.38514756899179226,0.08888888888888889,52.37493470434846,52.00787709699579,5,4.327081001946037,53.800000000000225,5.065113505001136
C4,K4,0.1,rrt_star,,29,SUCESSO,,5009.827989999394,99.55793899825949,0,,,9.253201814331678,,1,0.8727196794797685,1.121204684722721,-0.24848500524295258,0.24848500524295258,0.5524810956383689,0.4298347001954633,0.08888888888888889,54.141561921193585,55.17389627121155,6,4.398570710410464,51.60000000000019,5.061514966999312
C4,K4,0.2,rrt_star,,0,SUCESSO,,5015.04905100046,108.75670000132232,0,,,8.28701956760234,,1,0.938598115777092,1.1466504466593563,-0.20805233088226438,0.20805233088226438,0.504689483853153,0.5030720739173148,0.08888888888888889,60.51692058996127,59.274022255872,11,7.641760021026899,57.400000000000276,5.093024436000633
C4,K4,0.2,rrt_star,,1,SUCESSO,,5009.252875999664,112.01658800018777,0,,,9.841046723516925,,1,1.038029955733866,1.2756604112390744,-0.23763045550520845,0.23763045550520845,0.9294912271958605,0.16283585070988058,0.13333333333333333,50.90162679574691,49.450822050589004,8,3.406031274518606,33.19999999999993,5.049729231001038
C4,K4,0.2,rrt_star,,2,SUCESSO,,5008.061197000643,114.60671399981948,0,,,10.05720953057565,,1,1.0359518626333333,1.2899207061193636,-0.2539688434860303,0.2539688434860303,0.9998471340217128,0.14007357209765087,0.1,49.79573291950689,50.677427791843805,6,2.3321820361820964,36.199999999999974,5.052017247999174
C4,K4,0.2,rrt_star,,3,SUCESSO,,5006.782388998545,68.33681499847444,0,,,10.653581808515305,,1,0.9913677058541501,1.2644642254360536,-0.2730965195819035,0.2730965195819035,0.8979301497859625,0.12208963120564648,0.14444444444444443,46.99623543507848,47.673879885692536,7,1.5810979554184277,30.599999999999923,5.047122301000854
C4,K4,0.2,astar,2.0,0,SUCESSO,replanner setup 1.39s,7296.778155998254,7296.778155998254,0,,,13.098490322156861,,1,0.9003804574117462,1.0002680414441298,-0.09988758403238363,0.09988758403238363,0.42734177773819076,0.44514848592816153,0.07777777777777778,55.70701643116328,55.04289263343096,8,6.053910182468303,57.60000000000028,8.76432286599993
C4,K4,0.2,astar,2.0,1,SUCESSO,replanner setup 1.39s,7426.2675259997195,7426.2675259997195,0,,,13.447165146511722,,1,0.9003918798312386,1.0058427944347752,-0.10545091460353662,0.10545091460353662,0.42741257083799383,0.43954133470789236,0.08888888888888889,55.22552482317167,54.6968953264498,8,6.190655181232771,57.20000000000027,8.899466802999086
C4,K4,0.2,rrt_star,,4,SUCESSO,,5006.957182999031,105.0833249992138,0,,,10.431268506255423,,1,1.0366189406001485,1.4107286816112368,-0.3741097410110883,0.3741097410110883,0.9754785929197979,0.10191675535810632,0.23333333333333334,47.999504374721624,49.75981986372578,5,1.4417580758819262,30.599999999999923,5.041193623001163
C4,K4,0.2,rrt_star,,5,SUCESSO,,5015.364404998763,106.09622499941906,0,,,8.165094545019425,,1,0.9511205049628436,1.2864471400131834,-0.33532663505033977,0.33532663505033977,0.48411492810913975,0.48010998968182184,0.2222222222222222,61.424449862102996,62.776102113530655,8,7.395461931435098,58.000000000000284,5.088655843999732
C4,K4,0.2,astar,2.0,2,SUCESSO,replanner setup 1.40s,7489.150797000548,7489.150797000548,0,,,13.684811304344548,,1,0.8408989577541557,1.1484159209834748,-0.3075169632293191,0.3075169632293191,0.4450756737042352,0.4366735806125727,0.16666666666666666,54.726007033965836,55.4242440236511,8,6.449477713516771,58.000000000000284,8.971416097001566
C4,K4,0.2,rrt_star,,6,SUCESSO,,5006.726859999617,114.0358609991381,0,,,10.592746948574415,,1,1.0426589216330109,1.2922361151263002,-0.24957719349328933,0.24957719349328933,1.0494245023888795,0.09281161273742078,0.1,47.26561376672392,48.6067710655462,5,1.353663261799653,29.999999999999925,5.040614835001179
C4,K4,0.2,rrt_star,,7,SUCESSO,,5007.323073999942,57.1362050013704,0,,,10.841876357420716,,1,0.9806302991887194,1.2355879764519382,-0.25495767726321883,0.25495767726321883,0.9507853358553955,0.13480264059654234,0.1,46.18502285882168,47.5649312896277,6,1.2829205246519861,30.599999999999923,5.0431304770008865
C4,K4,0.2,rrt_star,,8,SUCESSO,,5008.171531997505,68.98486899808631,0,,,10.722728517003565,,1,1.02590555275955,1.2795954748409666,-0.2536899220814166,0.2536899220814166,1.0367859447400571,0.10392064121202009,0.08888888888888889,46.70613010537194,47.94476074003987,5,1.3467951910957525,29.799999999999926,5.042912775999866
C4,K4,0.2,rrt_star,,9,SUCESSO,,5006.278181999733,66.45523800034425,0,,,10.097926229986934,,1,1.057833341754435,1.2937230766073056,-0.23588973485287057,0.23588973485287057,1.0237106992701779,0.14223459955934994,0.07777777777777778,49.577290108666304,50.420152448868315,7,1.3710684433032192,31.99999999999992,5.048665614000129
C4,K4,0.2,rrt_star,,10,SUCESSO,,5006.662957999652,89.03255500081286,0,,,10.67998120226409,,1,1.0130215368277982,1.2527452098468217,-0.23972367301902353,0.23972367301902353,1.0124651237217288,0.1013911972362041,0.08888888888888889,46.87894915899543,48.02340244548454,6,1.4450298007858557,30.399999999999924,5.044027903999449
C4,K4,0.2,rrt_star,,11,SUCESSO,,5006.86776099792,87.70784599801118,0,,,10.163026322442013,,1,1.0537197801169522,1.31181181108925,-0.2580920309722978,0.2580920309722978,1.0392368014397322,0.1225750096495162,0.1,49.26551995582011,50.63440387804366,6,1.8652351549642627,30.799999999999923,5.047242877999452
C4,K4,0.2,rrt_star,,12,SUCESSO,,5004.051048999827,74.1111439983797,0,,,10.792678338909244,,1,0.9958137442683783,1.3229033128727936,-0.3270895686044153,0.3270895686044153,0.922392897143082,0.11162152684082327,0.18888888888888888,46.365238468744714,48.084933363763994,5,1.687442102021128,29.799999999999926,5.037579404999633
C4,K4,0.2,astar,1.0,1,SUCESSO,replanner setup 10.66s,2549.5319170004223,2549.5319170004223,0,,,4.763763956103066,,1,0.845541233479701,1.088640297964262,-0.24309906448456098,0.24309906448456098,0.5395722343812874,0.4212902858051968,0.07777777777777778,53.51927468476069,54.3112624321049,9,5.461494114937557,56.000000000000256,13.297672894999778
C4,K4,0.2,astar,1.0,0,SUCESSO,replanner setup 10.84s,2578.6611039984564,2578.6611039984564,0,,,4.741994423648915,,1,0.8496743790906842,1.0909923699220891,-0.24131799083140493,0.24131799083140493,0.5274941909627764,0.42460929007042325,0.08888888888888889,54.379252137842116,54.820129967043826,8,5.394739891274697,57.60000000000028,13.504340091998529
C4,K4,0.2,rrt_star,,13,SUCESSO,,5003.742013001101,84.8432060010964,0,,,8.425420717699664,,1,1.1975721214848678,1.4446500860117277,-0.24707796452685993,0.24707796452685993,1.0985775709218117,0.20718362620102715,0.08888888888888889,59.38863091417517,60.75462340748802,4,1.6910837634313451,39.20000000000002,5.039260113000637
C4,K4,0.2,rrt_star,,14,SUCESSO,,5016.690613001629,110.18557700117526,0,,,8.66593516558283,,1,0.8850261725335808,1.1550516018666006,-0.27002542933301976,0.27002542933301976,0.5535999189787041,0.47367390511011925,0.07777777777777778,57.88977781562055,58.4099021365031,10,8.226336456935671,60.200000000000315,5.096310806000474
C4,K4,0.2,rrt_star,,15,SUCESSO,,5003.466782000032,93.31879599994863,0,,,10.075643586390083,,1,1.0989432914559931,1.3324605108662728,-0.2335172194102797,0.2335172194102797,1.1106938081638864,0.08287781381349792,0.08888888888888889,49.659029114116194,50.80092291470057,5,1.8462503071494216,32.99999999999993,5.036361111999213
C4,K4,0.2,rrt_star,,16,SUCESSO,,5004.992776997824,108.60583599787788,0,,,10.738526701480515,,1,1.0109053622946738,1.2622395508201696,-0.2513341885254958,0.2513341885254958,1.0003452106306223,0.11189434018954653,0.1,46.607816101139726,48.0517189480685,5,1.4333327289706996,29.19999999999993,5.038293497000268
C4,K4,0.2,rrt_star,,17,SUCESSO,,5007.429696999679,71.37523900019005,0,,,10.422000167586273,,1,1.0538783882536573,1.3068933391637154,-0.2530149509100581,0.2530149509100581,1.063023192649137,0.10498125762569051,0.08888888888888889,48.04672439531726,49.45911444694715,5,1.5458317169727038,29.19999999999993,5.041374727999937
C4,K4,0.2,rrt_star,,18,SUCESSO,,5006.974767999054,94.38099399812927,0,,,9.98197904677134,,1,1.0583437636024138,1.324614243265237,-0.26627047966282325,0.26627047966282325,1.0247846055950778,0.14982963767016008,0.1,50.160141035544996,51.49895064403062,7,1.4998884016458929,32.799999999999926,5.045878454000558
C4,K4,0.2,rrt_star,,19,SUCESSO,,5008.208971001295,180.87174800166395,0,,,10.545094640967523,,1,1.0095875537946397,1.317815054585711,-0.3082275007910713,0.3082275007910713,0.9854411190202161,0.11015171334327234,0.12222222222222222,47.49325768537424,48.72121656614094,6,1.5425228658067927,33.59999999999994,5.053144061999774
C4,K4,0.2,rrt_star,,20,SUCESSO,,5003.948126999603,77.63678199808055,0,,,10.540924140494868,,1,1.0638039058680155,1.3212036510899567,-0.2573997452219412,0.2573997452219412,1.0738056523155846,0.10850910988548312,0.08888888888888889,47.47162639920755,48.934519716878725,5,1.700991172086264,29.399999999999928,5.037632952000422
C4,K4,0.2,rrt_star,,21,SUCESSO,,5009.963219999918,142.0090240007994,0,,,6.8312113608227225,,1,1.0720611994774987,1.3760561466278232,-0.3039949471503245,0.3039949471503245,0.5238759865822231,0.6188468267122663,0.13333333333333333,73.33930917043882,73.4734756071484,9,7.356648658942472,70.00000000000045,5.056238498000312
C4,K4,0.2,rrt_star,,22,SUCESSO,,5009.986716999265,198.71342899932642,0,,,9.547349770194986,,1,1.1368366842855615,1.3926334692636824,-0.25579678497812086,0.25579678497812086,1.1366813862818859,0.10595208298179705,0.1,52.47515632704159,53.92357121670283,4,1.9366282565374804,30.799999999999923,5.040596842000014
C4,K4,0.2,rrt_star,,23,SUCESSO,,5002.478495000105,92.59321100034867,0,,,10.162336826686733,,1,1.0532291070118935,1.3663908244947005,-0.31316171748280697,0.31316171748280697,1.0113121949617294,0.12174529619963811,0.13333333333333333,49.22567102738989,50.720199843461124,5,1.8164495543162569,30.999999999999922,5.0209020680013055
C4,K4,0.2,rrt_star,,24,SUCESSO,,5003.61088200043,85.0827410013153,0,,,10.574749277685527,,1,1.0411679924633743,1.1805591627830752,-0.13939117031970083,0.13939117031970083,0.9246608269319819,0.12812055807331557,0.07777777777777778,47.3165911607841,47.41085437367261,6,1.3546529472303082,28.99999999999993,5.021453897001265
C4,K4,0.2,rrt_star,,25,SUCESSO,,5004.2594829992595,77.3136859988881,0,,,10.376135470972034,,1,1.0484539539222786,1.3035732029560583,-0.2551192490337797,0.2551192490337797,1.0370002789602855,0.11657292399577376,0.1,48.22854806588663,49.6928539957655,4,1.310701614462703,29.999999999999925,5.028443698998672
C4,K4,0.2,rrt_star,,26,SUCESSO,,5004.108634999284,104.25382100038405,0,,,10.785095047303066,,1,1.0131177404412641,1.2656220273836785,-0.25250428694241434,0.25250428694241434,1.0119405868657148,0.11479255162907517,0.08888888888888889,46.39837306070489,47.84320126576601,5,1.37237493301916,29.19999999999993,5.027705729000445
C4,K4,0.2,rrt_star,,27,SUCESSO,,5001.53219799904,53.27597399991646,0,,,10.659142493651736,,1,1.0558373372353904,1.195069127482133,-0.1392317902467426,0.1392317902467426,0.9364792555511833,0.11970098304206117,0.08888888888888889,46.92246304970407,47.2823323482816,5,1.4273303087664357,28.79999999999993,5.026504874998864
C4,K4,0.2,rrt_star,,28,SUCESSO,,5001.266986999326,105.57661100028781,0,,,10.754110192072377,,1,1.020808356664648,1.2627508061668573,-0.24194244950220933,0.24194244950220933,1.0246087862866198,0.0881420198802376,0.1,46.50563270856307,47.79473003248346,6,1.546129704265431,30.799999999999923,5.0135923649995675
C4,K4,0.2,rrt_star,,29,SUCESSO,,5002.957474000141,86.64093200059142,0,,,9.696018788109043,,1,1.1008813899702543,1.422562758890608,-0.3216813689203537,0.3216813689203537,1.0363768809570726,0.1195192112668685,0.16666666666666666,51.59805878404076,53.28423819155454,4,1.6376409093124569,31.19999999999992,5.0193659420001495
C4,K4,0.2,astar,1.0,2,TIMEOUT,initial plan failed,30031.877141998848,30031.877141998848,0,,,3003.187714199885,,1,nan,nan,nan,,,,,nan,nan,0,nan,nan,30.035297166999953
