t,x,y,z,vx,vy,vz,roll_deg,pitch_deg,yaw_deg,roll_rate,pitch_rate,yaw_rate
1.3002,0.0138,-0.0149,0.1861,-0.0187,-0.0192,0.0034,0.1738,-0.1623,88.0456,0.0004,-0.0003,-0.0031
1.4003,0.0138,-0.0149,0.1861,-0.0187,-0.0192,0.0034,0.1738,-0.1623,88.0456,0.0004,-0.0003,-0.0031
1.5003,0.0138,-0.0149,0.1861,-0.0187,-0.0192,0.0034,0.1738,-0.1623,88.0456,0.0004,-0.0003,-0.0031
1.6003,0.0138,-0.0149,0.1861,-0.0187,-0.0192,0.0034,0.1738,-0.1623,88.0456,0.0004,-0.0003,-0.0031
1.7003,0.0138,-0.0149,0.1861,-0.0187,-0.0192,0.0034,0.1738,-0.1623,88.0456,0.0004,-0.0003,-0.0031
1.8003,0.0138,-0.0149,0.1861,-0.0187,-0.0192,0.0034,0.1738,-0.1623,88.0456,0.0004,-0.0003,-0.0031
1.9003,0.0139,-0.0150,0.1835,-0.0192,-0.0193,0.0030,0.1740,-0.1624,88.0483,0.0004,-0.0003,-0.0030
2.0003,0.0139,-0.0150,0.1835,-0.0192,-0.0193,0.0030,0.1740,-0.1624,88.0483,0.0004,-0.0003,-0.0030
2.1003,0.0139,-0.0150,0.1835,-0.0192,-0.0193,0.0030,0.1740,-0.1624,88.0483,0.0004,-0.0003,-0.0030
2.2004,0.0139,-0.0150,0.1835,-0.0192,-0.0193,0.0030,0.1740,-0.1624,88.0483,0.0004,-0.0003,-0.0030
2.3003,0.0139,-0.0150,0.1835,-0.0192,-0.0193,0.0030,0.1740,-0.1624,88.0483,0.0004,-0.0003,-0.0030
2.4003,0.0144,-0.0154,0.1820,-0.0201,-0.0196,0.0029,0.1742,-0.1626,88.0511,0.0004,-0.0003,-0.0030
2.5004,0.0144,-0.0154,0.1820,-0.0201,-0.0196,0.0029,0.1742,-0.1626,88.0511,0.0004,-0.0003,-0.0030
2.6002,0.0144,-0.0154,0.1820,-0.0201,-0.0196,0.0029,0.1742,-0.1626,88.0511,0.0004,-0.0003,-0.0030
2.7003,0.0144,-0.0154,0.1820,-0.0201,-0.0196,0.0029,0.1742,-0.1626,88.0511,0.0004,-0.0003,-0.0030
2.8002,0.0144,-0.0154,0.1820,-0.0201,-0.0196,0.0029,0.1742,-0.1626,88.0511,0.0004,-0.0003,-0.0030
2.9003,0.0144,-0.0155,0.1814,-0.0193,-0.0196,0.0019,0.1743,-0.1625,88.0541,0.0004,-0.0003,-0.0029
3.0002,0.0144,-0.0155,0.1814,-0.0193,-0.0196,0.0019,0.1743,-0.1625,88.0541,0.0004,-0.0003,-0.0029
3.1003,0.0144,-0.0155,0.1814,-0.0193,-0.0196,0.0019,0.1743,-0.1625,88.0541,0.0004,-0.0003,-0.0029
3.2002,0.0144,-0.0155,0.1814,-0.0193,-0.0196,0.0019,0.1743,-0.1625,88.0541,0.0004,-0.0003,-0.0029
3.3003,0.0144,-0.0155,0.1814,-0.0193,-0.0196,0.0019,0.1743,-0.1625,88.0541,0.0004,-0.0003,-0.0029
3.4002,0.0148,-0.0160,0.1808,-0.0200,-0.0199,0.0020,0.1745,-0.1626,88.0567,0.0004,-0.0003,-0.0030
3.5002,0.0148,-0.0160,0.1808,-0.0200,-0.0199,0.0020,0.1745,-0.1626,88.0567,0.0004,-0.0003,-0.0030
3.6003,0.0148,-0.0160,0.1808,-0.0200,-0.0199,0.0020,0.1745,-0.1626,88.0567,0.0004,-0.0003,-0.0030
3.7002,0.0148,-0.0160,0.1808,-0.0200,-0.0199,0.0020,0.1745,-0.1626,88.0567,0.0004,-0.0003,-0.0030
3.8002,0.0148,-0.0160,0.1808,-0.0200,-0.0199,0.0020,0.1745,-0.1626,88.0567,0.0004,-0.0003,-0.0030
3.9002,0.0149,-0.0160,0.1818,-0.0206,-0.0199,0.0025,0.1745,-0.1624,88.0593,0.0004,-0.0003,-0.0030
4.0003,0.0149,-0.0160,0.1818,-0.0206,-0.0199,0.0025,0.1745,-0.1624,88.0593,0.0004,-0.0003,-0.0030
4.1002,0.0149,-0.0160,0.1818,-0.0206,-0.0199,0.0025,0.1745,-0.1624,88.0593,0.0004,-0.0003,-0.0030
4.2003,0.0149,-0.0160,0.1818,-0.0206,-0.0199,0.0025,0.1745,-0.1624,88.0593,0.0004,-0.0003,-0.0030
4.3003,0.0149,-0.0160,0.1818,-0.0206,-0.0199,0.0025,0.1745,-0.1624,88.0593,0.0004,-0.0003,-0.0030
4.4002,0.0153,-0.0165,0.1834,-0.0199,-0.0203,0.0023,0.1747,-0.1625,88.0619,0.0004,-0.0003,-0.0030
4.5002,0.0153,-0.0165,0.1834,-0.0199,-0.0203,0.0023,0.1747,-0.1625,88.0619,0.0004,-0.0003,-0.0030
4.6002,0.0153,-0.0165,0.1834,-0.0199,-0.0203,0.0023,0.1747,-0.1625,88.0619,0.0004,-0.0003,-0.0030
4.7002,0.0153,-0.0165,0.1834,-0.0199,-0.0203,0.0023,0.1747,-0.1625,88.0619,0.0004,-0.0003,-0.0030
4.8002,0.0153,-0.0165,0.1834,-0.0199,-0.0203,0.0023,0.1747,-0.1625,88.0619,0.0004,-0.0003,-0.0030
4.9003,0.0153,-0.0165,0.1851,-0.0205,-0.0202,0.0028,0.1747,-0.1625,88.0646,0.0004,-0.0003,-0.0029
5.0003,0.0153,-0.0165,0.1851,-0.0205,-0.0202,0.0028,0.1747,-0.1625,88.0646,0.0004,-0.0003,-0.0029
5.1003,0.0153,-0.0165,0.1851,-0.0205,-0.0202,0.0028,0.1747,-0.1625,88.0646,0.0004,-0.0003,-0.0029
5.2003,0.0153,-0.0165,0.1851,-0.0205,-0.0202,0.0028,0.1747,-0.1625,88.0646,0.0004,-0.0003,-0.0029
5.3002,0.0153,-0.0165,0.1851,-0.0205,-0.0202,0.0028,0.1747,-0.1625,88.0646,0.0004,-0.0003,-0.0029
5.4003,0.0153,-0.0165,0.1851,-0.0205,-0.0202,0.0028,0.1747,-0.1625,88.0646,0.0004,-0.0003,-0.0029
5.5003,0.0157,-0.0170,0.1861,-0.0214,-0.0205,0.0032,0.1745,-0.1626,88.0665,0.0003,-0.0003,-0.0030
5.6002,0.0157,-0.0170,0.1861,-0.0214,-0.0205,0.0032,0.1745,-0.1626,88.0665,0.0003,-0.0003,-0.0030
5.7003,0.0157,-0.0170,0.1861,-0.0214,-0.0205,0.0032,0.1745,-0.1626,88.0665,0.0003,-0.0003,-0.0030
5.8002,0.0157,-0.0170,0.1861,-0.0214,-0.0205,0.0032,0.1745,-0.1626,88.0665,0.0003,-0.0003,-0.0030
5.9002,0.0157,-0.0170,0.1861,-0.0214,-0.0205,0.0032,0.1745,-0.1626,88.0665,0.0003,-0.0003,-0.0030
6.0002,0.0157,-0.0170,0.1858,-0.0206,-0.0203,0.0023,0.1746,-0.1624,88.0689,0.0004,-0.0003,-0.0030
6.1002,0.0157,-0.0170,0.1858,-0.0206,-0.0203,0.0023,0.1746,-0.1624,88.0689,0.0004,-0.0003,-0.0030
6.2003,0.0157,-0.0170,0.1858,-0.0206,-0.0203,0.0023,0.1746,-0.1624,88.0689,0.0004,-0.0003,-0.0030
6.3003,0.0157,-0.0170,0.1858,-0.0206,-0.0203,0.0023,0.1746,-0.1624,88.0689,0.0004,-0.0003,-0.0030
6.4003,0.0157,-0.0170,0.1858,-0.0206,-0.0203,0.0023,0.1746,-0.1624,88.0689,0.0004,-0.0003,-0.0030
6.5003,0.0161,-0.0175,0.1860,-0.0214,-0.0206,0.0024,0.1745,-0.1624,88.0714,0.0004,-0.0003,-0.0029
6.6003,0.0161,-0.0175,0.1860,-0.0214,-0.0206,0.0024,0.1745,-0.1624,88.0714,0.0004,-0.0003,-0.0029
6.7002,0.0161,-0.0175,0.1860,-0.0214,-0.0206,0.0024,0.1745,-0.1624,88.0714,0.0004,-0.0003,-0.0029
6.8003,0.0161,-0.0175,0.1860,-0.0214,-0.0206,0.0024,0.1745,-0.1624,88.0714,0.0004,-0.0003,-0.0029
6.9003,0.0161,-0.0175,0.1860,-0.0214,-0.0206,0.0024,0.1745,-0.1624,88.0714,0.0004,-0.0003,-0.0029
7.0002,0.0160,-0.0174,0.1852,-0.0217,-0.0205,0.0024,0.1740,-0.1621,88.0741,0.0003,-0.0003,-0.0028
7.1002,0.0160,-0.0174,0.1852,-0.0217,-0.0205,0.0024,0.1740,-0.1621,88.0741,0.0003,-0.0003,-0.0028
7.2002,0.0160,-0.0174,0.1852,-0.0217,-0.0205,0.0024,0.1740,-0.1621,88.0741,0.0003,-0.0003,-0.0028
7.3002,0.0160,-0.0174,0.1852,-0.0217,-0.0205,0.0024,0.1740,-0.1621,88.0741,0.0003,-0.0003,-0.0028
7.4002,0.0160,-0.0174,0.1852,-0.0217,-0.0205,0.0024,0.1740,-0.1621,88.0741,0.0003,-0.0003,-0.0028
7.5003,0.0164,-0.0179,0.1835,-0.0210,-0.0208,0.0012,0.1741,-0.1621,88.0763,0.0004,-0.0004,-0.0029
7.6002,0.0164,-0.0179,0.1835,-0.0210,-0.0208,0.0012,0.1741,-0.1621,88.0763,0.0004,-0.0004,-0.0029
7.7002,0.0164,-0.0179,0.1835,-0.0210,-0.0208,0.0012,0.1741,-0.1621,88.0763,0.0004,-0.0004,-0.0029
7.8002,0.0164,-0.0179,0.1835,-0.0210,-0.0208,0.0012,0.1741,-0.1621,88.0763,0.0004,-0.0004,-0.0029
7.9003,0.0164,-0.0179,0.1835,-0.0210,-0.0208,0.0012,0.1741,-0.1621,88.0763,0.0004,-0.0004,-0.0029
8.0002,0.0163,-0.0178,0.1816,-0.0214,-0.0209,0.0009,0.1738,-0.1618,88.0786,0.0004,-0.0004,-0.0029
8.1002,0.0163,-0.0178,0.1816,-0.0214,-0.0209,0.0009,0.1738,-0.1618,88.0786,0.0004,-0.0004,-0.0029
8.2002,0.0163,-0.0178,0.1816,-0.0214,-0.0209,0.0009,0.1738,-0.1618,88.0786,0.0004,-0.0004,-0.0029
8.3002,0.0163,-0.0178,0.1816,-0.0214,-0.0209,0.0009,0.1738,-0.1618,88.0786,0.0004,-0.0004,-0.0029
8.4002,0.0163,-0.0178,0.1816,-0.0214,-0.0209,0.0009,0.1738,-0.1618,88.0786,0.0004,-0.0004,-0.0029
8.5002,0.0167,-0.0183,0.1791,-0.0221,-0.0210,0.0007,0.1740,-0.1617,88.0807,0.0004,-0.0003,-0.0029
8.6002,0.0167,-0.0183,0.1791,-0.0221,-0.0210,0.0007,0.1740,-0.1617,88.0807,0.0004,-0.0003,-0.0029
8.7002,0.0167,-0.0183,0.1791,-0.0221,-0.0210,0.0007,0.1740,-0.1617,88.0807,0.0004,-0.0003,-0.0029
8.8003,0.0167,-0.0183,0.1791,-0.0221,-0.0210,0.0007,0.1740,-0.1617,88.0807,0.0004,-0.0003,-0.0029
8.9002,0.0167,-0.0183,0.1791,-0.0221,-0.0210,0.0007,0.1740,-0.1617,88.0807,0.0004,-0.0003,-0.0029
9.0002,0.0167,-0.0183,0.1791,-0.0221,-0.0210,0.0007,0.1740,-0.1617,88.0807,0.0004,-0.0003,-0.0029
9.1002,0.0166,-0.0182,0.1764,-0.0211,-0.0210,-0.0008,0.1738,-0.1611,88.0830,0.0004,-0.0003,-0.0029
9.2002,0.0166,-0.0182,0.1764,-0.0211,-0.0210,-0.0008,0.1738,-0.1611,88.0830,0.0004,-0.0003,-0.0029
9.3003,0.0166,-0.0182,0.1764,-0.0211,-0.0210,-0.0008,0.1738,-0.1611,88.0830,0.0004,-0.0003,-0.0029
9.4003,0.0166,-0.0182,0.1764,-0.0211,-0.0210,-0.0008,0.1738,-0.1611,88.0830,0.0004,-0.0003,-0.0029
9.5002,0.0166,-0.0182,0.1764,-0.0211,-0.0210,-0.0008,0.1738,-0.1611,88.0830,0.0004,-0.0003,-0.0029
9.6002,0.0170,-0.0186,0.1747,-0.0217,-0.0213,-0.0007,0.1737,-0.1607,88.0851,0.0004,-0.0003,-0.0029
9.7002,0.0170,-0.0186,0.1747,-0.0217,-0.0213,-0.0007,0.1737,-0.1607,88.0851,0.0004,-0.0003,-0.0029
9.8003,0.0170,-0.0186,0.1747,-0.0217,-0.0213,-0.0007,0.1737,-0.1607,88.0851,0.0004,-0.0003,-0.0029
9.9002,0.0170,-0.0186,0.1747,-0.0217,-0.0213,-0.0007,0.1737,-0.1607,88.0851,0.0004,-0.0003,-0.0029
10.0003,0.0170,-0.0186,0.1747,-0.0217,-0.0213,-0.0007,0.1737,-0.1607,88.0851,0.0004,-0.0003,-0.0029
10.1003,0.0169,-0.0185,0.1721,-0.0220,-0.0212,-0.0010,0.1735,-0.1605,88.0874,0.0004,-0.0004,-0.0028
10.2003,0.0169,-0.0185,0.1721,-0.0220,-0.0212,-0.0010,0.1735,-0.1605,88.0874,0.0004,-0.0004,-0.0028
10.3003,0.0169,-0.0185,0.1721,-0.0220,-0.0212,-0.0010,0.1735,-0.1605,88.0874,0.0004,-0.0004,-0.0028
10.4002,0.0169,-0.0185,0.1721,-0.0220,-0.0212,-0.0010,0.1735,-0.1605,88.0874,0.0004,-0.0004,-0.0028
10.5002,0.0169,-0.0185,0.1721,-0.0220,-0.0212,-0.0010,0.1735,-0.1605,88.0874,0.0004,-0.0004,-0.0028
10.6003,0.0173,-0.0188,0.1686,-0.0214,-0.0214,-0.0023,0.1731,-0.1600,88.0896,0.0004,-0.0003,-0.0028
10.7004,0.0173,-0.0188,0.1686,-0.0214,-0.0214,-0.0023,0.1731,-0.1600,88.0896,0.0004,-0.0003,-0.0028
10.8003,0.0173,-0.0188,0.1686,-0.0214,-0.0214,-0.0023,0.1731,-0.1600,88.0896,0.0004,-0.0003,-0.0028
10.9003,0.0173,-0.0188,0.1686,-0.0214,-0.0214,-0.0023,0.1731,-0.1600,88.0896,0.0004,-0.0003,-0.0028
11.0002,0.0173,-0.0188,0.1686,-0.0214,-0.0214,-0.0023,0.1731,-0.1600,88.0896,0.0004,-0.0003,-0.0028
11.1002,0.0172,-0.0187,0.1643,-0.0216,-0.0213,-0.0029,0.1727,-0.1590,88.0916,0.0004,-0.0003,-0.0029
11.2003,0.0172,-0.0187,0.1643,-0.0216,-0.0213,-0.0029,0.1727,-0.1590,88.0916,0.0004,-0.0003,-0.0029
11.3003,0.0172,-0.0187,0.1643,-0.0216,-0.0213,-0.0029,0.1727,-0.1590,88.0916,0.0004,-0.0003,-0.0029
11.4002,0.0172,-0.0187,0.1643,-0.0216,-0.0213,-0.0029,0.1727,-0.1590,88.0916,0.0004,-0.0003,-0.0029
11.5003,0.0172,-0.0187,0.1643,-0.0216,-0.0213,-0.0029,0.1727,-0.1590,88.0916,0.0004,-0.0003,-0.0029
11.6002,0.0175,-0.0191,0.1600,-0.0223,-0.0216,-0.0034,0.1726,-0.1588,88.0935,0.0004,-0.0003,-0.0028
11.7002,0.0175,-0.0191,0.1600,-0.0223,-0.0216,-0.0034,0.1726,-0.1588,88.0935,0.0004,-0.0003,-0.0028
11.8002,0.0175,-0.0191,0.1600,-0.0223,-0.0216,-0.0034,0.1726,-0.1588,88.0935,0.0004,-0.0003,-0.0028
11.9002,0.0175,-0.0191,0.1600,-0.0223,-0.0216,-0.0034,0.1726,-0.1588,88.0935,0.0004,-0.0003,-0.0028
12.0003,0.0175,-0.0191,0.1600,-0.0223,-0.0216,-0.0034,0.1726,-0.1588,88.0935,0.0004,-0.0003,-0.0028
12.1002,0.0174,-0.0189,0.1561,-0.0212,-0.0214,-0.0048,0.1721,-0.1581,88.0956,0.0004,-0.0003,-0.0028
12.2002,0.0174,-0.0189,0.1561,-0.0212,-0.0214,-0.0048,0.1721,-0.1581,88.0956,0.0004,-0.0003,-0.0028
12.3002,0.0174,-0.0189,0.1561,-0.0212,-0.0214,-0.0048,0.1721,-0.1581,88.0956,0.0004,-0.0003,-0.0028
12.4002,0.0174,-0.0189,0.1561,-0.0212,-0.0214,-0.0048,0.1721,-0.1581,88.0956,0.0004,-0.0003,-0.0028
12.5003,0.0174,-0.0189,0.1561,-0.0212,-0.0214,-0.0048,0.1721,-0.1581,88.0956,0.0004,-0.0003,-0.0028
12.6002,0.0174,-0.0189,0.1561,-0.0212,-0.0214,-0.0048,0.1721,-0.1581,88.0956,0.0004,-0.0003,-0.0028
12.7002,0.0177,-0.0193,0.1522,-0.0220,-0.0217,-0.0052,0.1714,-0.1576,88.0976,0.0003,-0.0003,-0.0028
12.8002,0.0177,-0.0193,0.1522,-0.0220,-0.0217,-0.0052,0.1714,-0.1576,88.0976,0.0003,-0.0003,-0.0028
12.9002,0.0177,-0.0193,0.1522,-0.0220,-0.0217,-0.0052,0.1714,-0.1576,88.0976,0.0003,-0.0003,-0.0028
13.0003,0.0177,-0.0193,0.1522,-0.0220,-0.0217,-0.0052,0.1714,-0.1576,88.0976,0.0003,-0.0003,-0.0028
13.1003,0.0177,-0.0193,0.1522,-0.0220,-0.0217,-0.0052,0.1714,-0.1576,88.0976,0.0003,-0.0003,-0.0028
13.2002,0.0176,-0.0191,0.1488,-0.0223,-0.0216,-0.0055,0.1706,-0.1571,88.0997,0.0003,-0.0003,-0.0028
13.3002,0.0176,-0.0191,0.1488,-0.0223,-0.0216,-0.0055,0.1706,-0.1571,88.0997,0.0003,-0.0003,-0.0028
13.4003,0.0176,-0.0191,0.1488,-0.0223,-0.0216,-0.0055,0.1706,-0.1571,88.0997,0.0003,-0.0003,-0.0028
13.5003,0.0176,-0.0191,0.1488,-0.0223,-0.0216,-0.0055,0.1706,-0.1571,88.0997,0.0003,-0.0003,-0.0028
13.6003,0.0176,-0.0191,0.1488,-0.0223,-0.0216,-0.0055,0.1706,-0.1571,88.0997,0.0003,-0.0003,-0.0028
13.7002,0.0179,-0.0195,0.1456,-0.0217,-0.0219,-0.0068,0.1702,-0.1563,88.1016,0.0004,-0.0003,-0.0028
13.8002,0.0179,-0.0195,0.1456,-0.0217,-0.0219,-0.0068,0.1702,-0.1563,88.1016,0.0004,-0.0003,-0.0028
13.9002,0.0179,-0.0195,0.1456,-0.0217,-0.0219,-0.0068,0.1702,-0.1563,88.1016,0.0004,-0.0003,-0.0028
14.0002,0.0179,-0.0195,0.1456,-0.0217,-0.0219,-0.0068,0.1702,-0.1563,88.1016,0.0004,-0.0003,-0.0028
14.1002,0.0179,-0.0195,0.1456,-0.0217,-0.0219,-0.0068,0.1702,-0.1563,88.1016,0.0004,-0.0003,-0.0028
14.2002,0.0178,-0.0193,0.1420,-0.0220,-0.0218,-0.0071,0.1694,-0.1556,88.1034,0.0004,-0.0003,-0.0028
14.3002,0.0178,-0.0193,0.1420,-0.0220,-0.0218,-0.0071,0.1694,-0.1556,88.1034,0.0004,-0.0003,-0.0028
14.4003,0.0178,-0.0193,0.1420,-0.0220,-0.0218,-0.0071,0.1694,-0.1556,88.1034,0.0004,-0.0003,-0.0028
14.5002,0.0178,-0.0193,0.1420,-0.0220,-0.0218,-0.0071,0.1694,-0.1556,88.1034,0.0004,-0.0003,-0.0028
14.6002,0.0178,-0.0193,0.1420,-0.0220,-0.0218,-0.0071,0.1694,-0.1556,88.1034,0.0004,-0.0003,-0.0028
14.7003,0.0181,-0.0196,0.1390,-0.0227,-0.0219,-0.0074,0.1690,-0.1550,88.1052,0.0004,-0.0003,-0.0028
14.8003,0.0181,-0.0196,0.1390,-0.0227,-0.0219,-0.0074,0.1690,-0.1550,88.1052,0.0004,-0.0003,-0.0028
14.9003,0.0181,-0.0196,0.1390,-0.0227,-0.0219,-0.0074,0.1690,-0.1550,88.1052,0.0004,-0.0003,-0.0028
15.0003,0.0181,-0.0196,0.1390,-0.0227,-0.0219,-0.0074,0.1690,-0.1550,88.1052,0.0004,-0.0003,-0.0028
15.1003,0.0181,-0.0196,0.1390,-0.0227,-0.0219,-0.0074,0.1690,-0.1550,88.1052,0.0004,-0.0003,-0.0028
15.2003,0.0179,-0.0194,0.1372,-0.0217,-0.0217,-0.0082,0.1684,-0.1545,88.1070,0.0004,-0.0004,-0.0027
15.3003,0.0179,-0.0194,0.1372,-0.0217,-0.0217,-0.0082,0.1684,-0.1545,88.1070,0.0004,-0.0004,-0.0027
15.4002,0.0179,-0.0194,0.1372,-0.0217,-0.0217,-0.0082,0.1684,-0.1545,88.1070,0.0004,-0.0004,-0.0027
15.5002,0.0179,-0.0194,0.1372,-0.0217,-0.0217,-0.0082,0.1684,-0.1545,88.1070,0.0004,-0.0004,-0.0027
15.6002,0.0179,-0.0194,0.1372,-0.0217,-0.0217,-0.0082,0.1684,-0.1545,88.1070,0.0004,-0.0004,-0.0027
15.7002,0.0182,-0.0198,0.1340,-0.0222,-0.0219,-0.0085,0.1676,-0.1543,88.1089,0.0003,-0.0004,-0.0028
15.8002,0.0182,-0.0198,0.1340,-0.0222,-0.0219,-0.0085,0.1676,-0.1543,88.1089,0.0003,-0.0004,-0.0028
15.9002,0.0182,-0.0198,0.1340,-0.0222,-0.0219,-0.0085,0.1676,-0.1543,88.1089,0.0003,-0.0004,-0.0028
16.0002,0.0182,-0.0198,0.1340,-0.0222,-0.0219,-0.0085,0.1676,-0.1543,88.1089,0.0003,-0.0004,-0.0028
16.1002,0.0182,-0.0198,0.1340,-0.0222,-0.0219,-0.0085,0.1676,-0.1543,88.1089,0.0003,-0.0004,-0.0028
16.2002,0.0180,-0.0196,0.1314,-0.0224,-0.0217,-0.0086,0.1669,-0.1532,88.1105,0.0003,-0.0003,-0.0027
16.3003,0.0180,-0.0196,0.1314,-0.0224,-0.0217,-0.0086,0.1669,-0.1532,88.1105,0.0003,-0.0003,-0.0027
16.4003,0.0180,-0.0196,0.1314,-0.0224,-0.0217,-0.0086,0.1669,-0.1532,88.1105,0.0003,-0.0003,-0.0027
16.5003,0.0180,-0.0196,0.1314,-0.0224,-0.0217,-0.0086,0.1669,-0.1532,88.1105,0.0003,-0.0003,-0.0027
16.6002,0.0180,-0.0196,0.1314,-0.0224,-0.0217,-0.0086,0.1669,-0.1532,88.1105,0.0003,-0.0003,-0.0027
16.7002,0.0183,-0.0198,0.1296,-0.0218,-0.0220,-0.0095,0.1665,-0.1524,88.1121,0.0004,-0.0003,-0.0028
16.8002,0.0183,-0.0198,0.1296,-0.0218,-0.0220,-0.0095,0.1665,-0.1524,88.1121,0.0004,-0.0003,-0.0028
16.9002,0.0183,-0.0198,0.1296,-0.0218,-0.0220,-0.0095,0.1665,-0.1524,88.1121,0.0004,-0.0003,-0.0028
17.0002,0.0183,-0.0198,0.1296,-0.0218,-0.0220,-0.0095,0.1665,-0.1524,88.1121,0.0004,-0.0003,-0.0028
17.1002,0.0183,-0.0198,0.1296,-0.0218,-0.0220,-0.0095,0.1665,-0.1524,88.1121,0.0004,-0.0003,-0.0028
17.2002,0.0181,-0.0196,0.1267,-0.0220,-0.0218,-0.0096,0.1657,-0.1516,88.1136,0.0004,-0.0003,-0.0028
17.3002,0.0181,-0.0196,0.1267,-0.0220,-0.0218,-0.0096,0.1657,-0.1516,88.1136,0.0004,-0.0003,-0.0028
17.4002,0.0181,-0.0196,0.1267,-0.0220,-0.0218,-0.0096,0.1657,-0.1516,88.1136,0.0004,-0.0003,-0.0028
17.5002,0.0181,-0.0196,0.1267,-0.0220,-0.0218,-0.0096,0.1657,-0.1516,88.1136,0.0004,-0.0003,-0.0028
17.6002,0.0181,-0.0196,0.1267,-0.0220,-0.0218,-0.0096,0.1657,-0.1516,88.1136,0.0004,-0.0003,-0.0028
17.7002,0.0181,-0.0196,0.1267,-0.0220,-0.0218,-0.0096,0.1657,-0.1516,88.1136,0.0004,-0.0003,-0.0028
17.8003,0.0184,-0.0199,0.1235,-0.0225,-0.0218,-0.0099,0.1654,-0.1510,88.1151,0.0004,-0.0003,-0.0027
17.9003,0.0184,-0.0199,0.1235,-0.0225,-0.0218,-0.0099,0.1654,-0.1510,88.1151,0.0004,-0.0003,-0.0027
18.0002,0.0184,-0.0199,0.1235,-0.0225,-0.0218,-0.0099,0.1654,-0.1510,88.1151,0.0004,-0.0003,-0.0027
18.1002,0.0184,-0.0199,0.1235,-0.0225,-0.0218,-0.0099,0.1654,-0.1510,88.1151,0.0004,-0.0003,-0.0027
18.2002,0.0184,-0.0199,0.1235,-0.0225,-0.0218,-0.0099,0.1654,-0.1510,88.1151,0.0004,-0.0003,-0.0027
18.3002,0.0182,-0.0197,0.1216,-0.0215,-0.0217,-0.0108,0.1648,-0.1499,88.1168,0.0004,-0.0003,-0.0027
18.4003,0.0182,-0.0197,0.1216,-0.0215,-0.0217,-0.0108,0.1648,-0.1499,88.1168,0.0004,-0.0003,-0.0027
18.5002,0.0182,-0.0197,0.1216,-0.0215,-0.0217,-0.0108,0.1648,-0.1499,88.1168,0.0004,-0.0003,-0.0027
18.6002,0.0182,-0.0197,0.1216,-0.0215,-0.0217,-0.0108,0.1648,-0.1499,88.1168,0.0004,-0.0003,-0.0027
18.7003,0.0182,-0.0197,0.1216,-0.0215,-0.0217,-0.0108,0.1648,-0.1499,88.1168,0.0004,-0.0003,-0.0027
18.8002,0.0184,-0.0200,0.1199,-0.0220,-0.0218,-0.0105,0.1639,-0.1493,88.1184,0.0003,-0.0003,-0.0027
18.9002,0.0184,-0.0200,0.1199,-0.0220,-0.0218,-0.0105,0.1639,-0.1493,88.1184,0.0003,-0.0003,-0.0027
19.0003,0.0184,-0.0200,0.1199,-0.0220,-0.0218,-0.0105,0.1639,-0.1493,88.1184,0.0003,-0.0003,-0.0027
19.1003,0.0184,-0.0200,0.1199,-0.0220,-0.0218,-0.0105,0.1639,-0.1493,88.1184,0.0003,-0.0003,-0.0027
19.2002,0.0184,-0.0200,0.1199,-0.0220,-0.0218,-0.0105,0.1639,-0.1493,88.1184,0.0003,-0.0003,-0.0027
19.3002,0.0182,-0.0197,0.1182,-0.0222,-0.0216,-0.0104,0.1635,-0.1481,88.1197,0.0004,-0.0003,-0.0027
19.4002,0.0182,-0.0197,0.1182,-0.0222,-0.0216,-0.0104,0.1635,-0.1481,88.1197,0.0004,-0.0003,-0.0027
19.5003,0.0182,-0.0197,0.1182,-0.0222,-0.0216,-0.0104,0.1635,-0.1481,88.1197,0.0004,-0.0003,-0.0027
19.6003,0.0182,-0.0197,0.1182,-0.0222,-0.0216,-0.0104,0.1635,-0.1481,88.1197,0.0004,-0.0003,-0.0027
19.7003,0.0182,-0.0197,0.1182,-0.0222,-0.0216,-0.0104,0.1635,-0.1481,88.1197,0.0004,-0.0003,-0.0027
19.8003,0.0185,-0.0199,0.1175,-0.0215,-0.0218,-0.0111,0.1629,-0.1475,88.1213,0.0004,-0.0003,-0.0027
19.9003,0.0185,-0.0199,0.1175,-0.0215,-0.0218,-0.0111,0.1629,-0.1475,88.1213,0.0004,-0.0003,-0.0027
20.0003,0.0185,-0.0199,0.1175,-0.0215,-0.0218,-0.0111,0.1629,-0.1475,88.1213,0.0004,-0.0003,-0.0027
20.1003,0.0185,-0.0199,0.1175,-0.0215,-0.0218,-0.0111,0.1629,-0.1475,88.1213,0.0004,-0.0003,-0.0027
20.2002,0.0185,-0.0199,0.1175,-0.0215,-0.0218,-0.0111,0.1629,-0.1475,88.1213,0.0004,-0.0003,-0.0027
20.3003,0.0182,-0.0197,0.1162,-0.0219,-0.0217,-0.0109,0.1620,-0.1465,88.1227,0.0003,-0.0003,-0.0027
20.4004,0.0182,-0.0197,0.1162,-0.0219,-0.0217,-0.0109,0.1620,-0.1465,88.1227,0.0003,-0.0003,-0.0027
20.5002,0.0182,-0.0197,0.1162,-0.0219,-0.0217,-0.0109,0.1620,-0.1465,88.1227,0.0003,-0.0003,-0.0027
20.6003,0.0182,-0.0197,0.1162,-0.0219,-0.0217,-0.0109,0.1620,-0.1465,88.1227,0.0003,-0.0003,-0.0027
20.7002,0.0182,-0.0197,0.1162,-0.0219,-0.0217,-0.0109,0.1620,-0.1465,88.1227,0.0003,-0.0003,-0.0027
20.8002,0.0185,-0.0200,0.1145,-0.0223,-0.0219,-0.0107,0.1613,-0.1457,88.1240,0.0003,-0.0003,-0.0027
20.9003,0.0185,-0.0200,0.1145,-0.0223,-0.0219,-0.0107,0.1613,-0.1457,88.1240,0.0003,-0.0003,-0.0027
21.0002,0.0185,-0.0200,0.1145,-0.0223,-0.0219,-0.0107,0.1613,-0.1457,88.1240,0.0003,-0.0003,-0.0027
21.1002,0.0185,-0.0200,0.1145,-0.0223,-0.0219,-0.0107,0.1613,-0.1457,88.1240,0.0003,-0.0003,-0.0027
21.2002,0.0185,-0.0200,0.1145,-0.0223,-0.0219,-0.0107,0.1613,-0.1457,88.1240,0.0003,-0.0003,-0.0027
21.3002,0.0185,-0.0200,0.1145,-0.0223,-0.0219,-0.0107,0.1613,-0.1457,88.1240,0.0003,-0.0003,-0.0027
21.4004,0.0183,-0.0197,0.1147,-0.0214,-0.0217,-0.0112,0.1604,-0.1445,88.1252,0.0003,-0.0003,-0.0027
21.5003,0.0183,-0.0197,0.1147,-0.0214,-0.0217,-0.0112,0.1604,-0.1445,88.1252,0.0003,-0.0003,-0.0027
21.6002,0.0183,-0.0197,0.1147,-0.0214,-0.0217,-0.0112,0.1604,-0.1445,88.1252,0.0003,-0.0003,-0.0027
21.7002,0.0183,-0.0197,0.1147,-0.0214,-0.0217,-0.0112,0.1604,-0.1445,88.1252,0.0003,-0.0003,-0.0027
21.8002,0.0183,-0.0197,0.1147,-0.0214,-0.0217,-0.0112,0.1604,-0.1445,88.1252,0.0003,-0.0003,-0.0027
21.9002,0.0185,-0.0199,0.1151,-0.0220,-0.0218,-0.0107,0.1597,-0.1439,88.1264,0.0004,-0.0003,-0.0027
22.0002,0.0185,-0.0199,0.1151,-0.0220,-0.0218,-0.0107,0.1597,-0.1439,88.1264,0.0004,-0.0003,-0.0027
22.1003,0.0185,-0.0199,0.1151,-0.0220,-0.0218,-0.0107,0.1597,-0.1439,88.1264,0.0004,-0.0003,-0.0027
22.2002,0.0185,-0.0199,0.1151,-0.0220,-0.0218,-0.0107,0.1597,-0.1439,88.1264,0.0004,-0.0003,-0.0027
22.3003,0.0185,-0.0199,0.1151,-0.0220,-0.0218,-0.0107,0.1597,-0.1439,88.1264,0.0004,-0.0003,-0.0027
22.4002,0.0183,-0.0197,0.1156,-0.0222,-0.0215,-0.0101,0.1584,-0.1436,88.1270,0.0003,-0.0004,-0.0027
22.5003,0.0183,-0.0197,0.1156,-0.0222,-0.0215,-0.0101,0.1584,-0.1436,88.1270,0.0003,-0.0004,-0.0027
22.6002,0.0183,-0.0197,0.1156,-0.0222,-0.0215,-0.0101,0.1584,-0.1436,88.1270,0.0003,-0.0004,-0.0027
22.7002,0.0183,-0.0197,0.1156,-0.0222,-0.0215,-0.0101,0.1584,-0.1436,88.1270,0.0003,-0.0004,-0.0027
22.8003,0.0183,-0.0197,0.1156,-0.0222,-0.0215,-0.0101,0.1584,-0.1436,88.1270,0.0003,-0.0004,-0.0027
22.9002,0.0183,-0.0197,0.1156,-0.0222,-0.0215,-0.0101,0.1584,-0.1436,88.1270,0.0003,-0.0004,-0.0027
23.0003,0.0185,-0.0199,0.1178,-0.0213,-0.0216,-0.0101,0.1575,-0.1428,88.1282,0.0003,-0.0003,-0.0027
23.1002,0.0185,-0.0199,0.1178,-0.0213,-0.0216,-0.0101,0.1575,-0.1428,88.1282,0.0003,-0.0003,-0.0027
23.2003,0.0185,-0.0199,0.1178,-0.0213,-0.0216,-0.0101,0.1575,-0.1428,88.1282,0.0003,-0.0003,-0.0027
23.3002,0.0185,-0.0199,0.1178,-0.0213,-0.0216,-0.0101,0.1575,-0.1428,88.1282,0.0003,-0.0003,-0.0027
23.4002,0.0185,-0.0199,0.1178,-0.0213,-0.0216,-0.0101,0.1575,-0.1428,88.1282,0.0003,-0.0003,-0.0027
23.5003,0.0182,-0.0196,0.1216,-0.0215,-0.0214,-0.0089,0.1565,-0.1418,88.1294,0.0003,-0.0003,-0.0026
23.6002,0.0182,-0.0196,0.1216,-0.0215,-0.0214,-0.0089,0.1565,-0.1418,88.1294,0.0003,-0.0003,-0.0026
23.7003,0.0182,-0.0196,0.1216,-0.0215,-0.0214,-0.0089,0.1565,-0.1418,88.1294,0.0003,-0.0003,-0.0026
23.8003,0.0182,-0.0196,0.1216,-0.0215,-0.0214,-0.0089,0.1565,-0.1418,88.1294,0.0003,-0.0003,-0.0026
23.9002,0.0182,-0.0196,0.1216,-0.0215,-0.0214,-0.0089,0.1565,-0.1418,88.1294,0.0003,-0.0003,-0.0026
24.0002,0.0185,-0.0199,0.1269,-0.0220,-0.0216,-0.0075,0.1558,-0.1410,88.1306,0.0004,-0.0003,-0.0026
24.1002,0.0185,-0.0199,0.1269,-0.0220,-0.0216,-0.0075,0.1558,-0.1410,88.1306,0.0004,-0.0003,-0.0026
24.2002,0.0185,-0.0199,0.1269,-0.0220,-0.0216,-0.0075,0.1558,-0.1410,88.1306,0.0004,-0.0003,-0.0026
24.3002,0.0185,-0.0199,0.1269,-0.0220,-0.0216,-0.0075,0.1558,-0.1410,88.1306,0.0004,-0.0003,-0.0026
24.4002,0.0185,-0.0199,0.1269,-0.0220,-0.0216,-0.0075,0.1558,-0.1410,88.1306,0.0004,-0.0003,-0.0026
24.5002,0.0182,-0.0196,0.1326,-0.0210,-0.0214,-0.0068,0.1550,-0.1403,88.1315,0.0004,-0.0003,-0.0027
24.6003,0.0182,-0.0196,0.1326,-0.0210,-0.0214,-0.0068,0.1550,-0.1403,88.1315,0.0004,-0.0003,-0.0027
24.7003,0.0182,-0.0196,0.1326,-0.0210,-0.0214,-0.0068,0.1550,-0.1403,88.1315,0.0004,-0.0003,-0.0027
24.8002,0.0182,-0.0196,0.1326,-0.0210,-0.0214,-0.0068,0.1550,-0.1403,88.1315,0.0004,-0.0003,-0.0027
24.9002,0.0182,-0.0196,0.1326,-0.0210,-0.0214,-0.0068,0.1550,-0.1403,88.1315,0.0004,-0.0003,-0.0027
25.0002,0.0182,-0.0196,0.1326,-0.0210,-0.0214,-0.0068,0.1550,-0.1403,88.1315,0.0004,-0.0003,-0.0027
25.1003,0.0185,-0.0198,0.1370,-0.0216,-0.0215,-0.0054,0.1540,-0.1394,88.1326,0.0003,-0.0003,-0.0026
25.2003,0.0185,-0.0198,0.1370,-0.0216,-0.0215,-0.0054,0.1540,-0.1394,88.1326,0.0003,-0.0003,-0.0026
25.3002,0.0185,-0.0198,0.1370,-0.0216,-0.0215,-0.0054,0.1540,-0.1394,88.1326,0.0003,-0.0003,-0.0026
25.4003,0.0185,-0.0198,0.1370,-0.0216,-0.0215,-0.0054,0.1540,-0.1394,88.1326,0.0003,-0.0003,-0.0026
25.5003,0.0185,-0.0198,0.1370,-0.0216,-0.0215,-0.0054,0.1540,-0.1394,88.1326,0.0003,-0.0003,-0.0026
25.6002,0.0182,-0.0195,0.1393,-0.0218,-0.0213,-0.0047,0.1530,-0.1385,88.1335,0.0003,-0.0003,-0.0026
25.7002,0.0182,-0.0195,0.1393,-0.0218,-0.0213,-0.0047,0.1530,-0.1385,88.1335,0.0003,-0.0003,-0.0026
25.8002,0.0182,-0.0195,0.1393,-0.0218,-0.0213,-0.0047,0.1530,-0.1385,88.1335,0.0003,-0.0003,-0.0026
25.9002,0.0182,-0.0195,0.1393,-0.0218,-0.0213,-0.0047,0.1530,-0.1385,88.1335,0.0003,-0.0003,-0.0026
26.0002,0.0184,-0.0197,0.1410,-0.0211,-0.0214,-0.0049,0.1522,-0.1377,88.1340,0.0003,-0.0003,-0.0027
26.1002,0.0184,-0.0197,0.1410,-0.0211,-0.0214,-0.0049,0.1522,-0.1377,88.1340,0.0003,-0.0003,-0.0027
26.2003,0.0184,-0.0197,0.1410,-0.0211,-0.0214,-0.0049,0.1522,-0.1377,88.1340,0.0003,-0.0003,-0.0027
26.3002,0.0184,-0.0197,0.1410,-0.0211,-0.0214,-0.0049,0.1522,-0.1377,88.1340,0.0003,-0.0003,-0.0027
26.4004,0.0184,-0.0197,0.1410,-0.0211,-0.0214,-0.0049,0.1522,-0.1377,88.1340,0.0003,-0.0003,-0.0027
26.5002,0.0184,-0.0197,0.1410,-0.0211,-0.0214,-0.0049,0.1522,-0.1377,88.1340,0.0003,-0.0003,-0.0027
26.6003,0.0181,-0.0194,0.1421,-0.0213,-0.0212,-0.0043,0.1513,-0.1365,88.1346,0.0004,-0.0003,-0.0027
26.7003,0.0181,-0.0194,0.1421,-0.0213,-0.0212,-0.0043,0.1513,-0.1365,88.1346,0.0004,-0.0003,-0.0027
26.8003,0.0181,-0.0194,0.1421,-0.0213,-0.0212,-0.0043,0.1513,-0.1365,88.1346,0.0004,-0.0003,-0.0027
26.9002,0.0181,-0.0194,0.1421,-0.0213,-0.0212,-0.0043,0.1513,-0.1365,88.1346,0.0004,-0.0003,-0.0027
27.0002,0.0181,-0.0194,0.1421,-0.0213,-0.0212,-0.0043,0.1513,-0.1365,88.1346,0.0004,-0.0003,-0.0027
27.1003,0.0184,-0.0197,0.1428,-0.0219,-0.0212,-0.0040,0.1507,-0.1358,88.1357,0.0004,-0.0003,-0.0025
27.2002,0.0184,-0.0197,0.1428,-0.0219,-0.0212,-0.0040,0.1507,-0.1358,88.1357,0.0004,-0.0003,-0.0025
27.3002,0.0184,-0.0197,0.1428,-0.0219,-0.0212,-0.0040,0.1507,-0.1358,88.1357,0.0004,-0.0003,-0.0025
27.4002,0.0184,-0.0197,0.1428,-0.0219,-0.0212,-0.0040,0.1507,-0.1358,88.1357,0.0004,-0.0003,-0.0025
27.5002,0.0184,-0.0197,0.1428,-0.0219,-0.0212,-0.0040,0.1507,-0.1358,88.1357,0.0004,-0.0003,-0.0025
27.6002,0.0181,-0.0194,0.1456,-0.0208,-0.0208,-0.0041,0.1497,-0.1347,88.1367,0.0003,-0.0003,-0.0025
27.7002,0.0181,-0.0194,0.1456,-0.0208,-0.0208,-0.0041,0.1497,-0.1347,88.1367,0.0003,-0.0003,-0.0025
27.8003,0.0181,-0.0194,0.1456,-0.0208,-0.0208,-0.0041,0.1497,-0.1347,88.1367,0.0003,-0.0003,-0.0025
27.9002,0.0181,-0.0194,0.1456,-0.0208,-0.0208,-0.0041,0.1497,-0.1347,88.1367,0.0003,-0.0003,-0.0025
28.0002,0.0181,-0.0194,0.1456,-0.0208,-0.0208,-0.0041,0.1497,-0.1347,88.1367,0.0003,-0.0003,-0.0025
28.1002,0.0181,-0.0194,0.1456,-0.0208,-0.0208,-0.0041,0.1497,-0.1347,88.1367,0.0003,-0.0003,-0.0025
28.2003,0.0183,-0.0196,0.1484,-0.0213,-0.0209,-0.0031,0.1489,-0.1340,88.1375,0.0004,-0.0003,-0.0026
28.3002,0.0183,-0.0196,0.1484,-0.0213,-0.0209,-0.0031,0.1489,-0.1340,88.1375,0.0004,-0.0003,-0.0026
28.4003,0.0183,-0.0196,0.1484,-0.0213,-0.0209,-0.0031,0.1489,-0.1340,88.1375,0.0004,-0.0003,-0.0026
28.5002,0.0183,-0.0196,0.1484,-0.0213,-0.0209,-0.0031,0.1489,-0.1340,88.1375,0.0004,-0.0003,-0.0026
28.6003,0.0183,-0.0196,0.1484,-0.0213,-0.0209,-0.0031,0.1489,-0.1340,88.1375,0.0004,-0.0003,-0.0026
28.7002,0.0179,-0.0193,0.1496,-0.0215,-0.0207,-0.0026,0.1485,-0.1329,88.1382,0.0004,-0.0003,-0.0026
28.8002,0.0179,-0.0193,0.1496,-0.0215,-0.0207,-0.0026,0.1485,-0.1329,88.1382,0.0004,-0.0003,-0.0026
28.9003,0.0179,-0.0193,0.1496,-0.0215,-0.0207,-0.0026,0.1485,-0.1329,88.1382,0.0004,-0.0003,-0.0026
29.0003,0.0179,-0.0193,0.1496,-0.0215,-0.0207,-0.0026,0.1485,-0.1329,88.1382,0.0004,-0.0003,-0.0026
29.1003,0.0179,-0.0193,0.1496,-0.0215,-0.0207,-0.0026,0.1485,-0.1329,88.1382,0.0004,-0.0003,-0.0026
29.2003,0.0181,-0.0195,0.1500,-0.0207,-0.0208,-0.0031,0.1481,-0.1325,88.1389,0.0004,-0.0004,-0.0026
29.3002,0.0181,-0.0195,0.1500,-0.0207,-0.0208,-0.0031,0.1481,-0.1325,88.1389,0.0004,-0.0004,-0.0026
29.4002,0.0181,-0.0195,0.1500,-0.0207,-0.0208,-0.0031,0.1481,-0.1325,88.1389,0.0004,-0.0004,-0.0026
29.5003,0.0181,-0.0195,0.1500,-0.0207,-0.0208,-0.0031,0.1481,-0.1325,88.1389,0.0004,-0.0004,-0.0026
29.6003,0.0181,-0.0195,0.1500,-0.0207,-0.0208,-0.0031,0.1481,-0.1325,88.1389,0.0004,-0.0004,-0.0026
29.7002,0.0178,-0.0192,0.1504,-0.0208,-0.0207,-0.0026,0.1470,-0.1316,88.1394,0.0003,-0.0003,-0.0026
29.8003,0.0178,-0.0192,0.1504,-0.0208,-0.0207,-0.0026,0.1470,-0.1316,88.1394,0.0003,-0.0003,-0.0026
29.9003,0.0178,-0.0192,0.1504,-0.0208,-0.0207,-0.0026,0.1470,-0.1316,88.1394,0.0003,-0.0003,-0.0026
30.0003,0.0178,-0.0192,0.1504,-0.0208,-0.0207,-0.0026,0.1470,-0.1316,88.1394,0.0003,-0.0003,-0.0026
30.1002,0.0178,-0.0192,0.1504,-0.0208,-0.0207,-0.0026,0.1470,-0.1316,88.1394,0.0003,-0.0003,-0.0026
30.2003,0.0180,-0.0194,0.1513,-0.0215,-0.0209,-0.0021,0.1464,-0.1312,88.1397,0.0004,-0.0004,-0.0026
30.3002,0.0180,-0.0194,0.1513,-0.0215,-0.0209,-0.0021,0.1464,-0.1312,88.1397,0.0004,-0.0004,-0.0026
30.4002,0.0180,-0.0194,0.1513,-0.0215,-0.0209,-0.0021,0.1464,-0.1312,88.1397,0.0004,-0.0004,-0.0026
30.5002,0.0180,-0.0194,0.1513,-0.0215,-0.0209,-0.0021,0.1464,-0.1312,88.1397,0.0004,-0.0004,-0.0026
30.6002,0.0180,-0.0194,0.1513,-0.0215,-0.0209,-0.0021,0.1464,-0.1312,88.1397,0.0004,-0.0004,-0.0026
30.7002,0.0178,-0.0191,0.1524,-0.0205,-0.0208,-0.0024,0.1457,-0.1304,88.1401,0.0004,-0.0003,-0.0026
30.8002,0.0178,-0.0191,0.1524,-0.0205,-0.0208,-0.0024,0.1457,-0.1304,88.1401,0.0004,-0.0003,-0.0026
30.9002,0.0178,-0.0191,0.1524,-0.0205,-0.0208,-0.0024,0.1457,-0.1304,88.1401,0.0004,-0.0003,-0.0026
31.0002,0.0178,-0.0191,0.1524,-0.0205,-0.0208,-0.0024,0.1457,-0.1304,88.1401,0.0004,-0.0003,-0.0026
31.1002,0.0178,-0.0191,0.1524,-0.0205,-0.0208,-0.0024,0.1457,-0.1304,88.1401,0.0004,-0.0003,-0.0026
31.2002,0.0178,-0.0191,0.1524,-0.0205,-0.0208,-0.0024,0.1457,-0.1304,88.1401,0.0004,-0.0003,-0.0026
31.3002,0.0180,-0.0194,0.1522,-0.0210,-0.0209,-0.0022,0.1449,-0.1295,88.1411,0.0003,-0.0003,-0.0025
31.4002,0.0180,-0.0194,0.1522,-0.0210,-0.0209,-0.0022,0.1449,-0.1295,88.1411,0.0003,-0.0003,-0.0025
31.5003,0.0180,-0.0194,0.1522,-0.0210,-0.0209,-0.0022,0.1449,-0.1295,88.1411,0.0003,-0.0003,-0.0025
31.6003,0.0180,-0.0194,0.1522,-0.0210,-0.0209,-0.0022,0.1449,-0.1295,88.1411,0.0003,-0.0003,-0.0025
31.7002,0.0180,-0.0194,0.1522,-0.0210,-0.0209,-0.0022,0.1449,-0.1295,88.1411,0.0003,-0.0003,-0.0025
31.8002,0.0177,-0.0190,0.1531,-0.0211,-0.0207,-0.0018,0.1440,-0.1282,88.1414,0.0003,-0.0002,-0.0025
31.9002,0.0177,-0.0190,0.1531,-0.0211,-0.0207,-0.0018,0.1440,-0.1282,88.1414,0.0003,-0.0002,-0.0025
32.0003,0.0177,-0.0190,0.1531,-0.0211,-0.0207,-0.0018,0.1440,-0.1282,88.1414,0.0003,-0.0002,-0.0025
32.1002,0.0177,-0.0190,0.1531,-0.0211,-0.0207,-0.0018,0.1440,-0.1282,88.1414,0.0003,-0.0002,-0.0025
32.2002,0.0177,-0.0190,0.1531,-0.0211,-0.0207,-0.0018,0.1440,-0.1282,88.1414,0.0003,-0.0002,-0.0025
32.3003,0.0179,-0.0193,0.1550,-0.0203,-0.0208,-0.0020,0.1434,-0.1275,88.1418,0.0004,-0.0003,-0.0025
32.4002,0.0179,-0.0193,0.1550,-0.0203,-0.0208,-0.0020,0.1434,-0.1275,88.1418,0.0004,-0.0003,-0.0025
32.5002,0.0179,-0.0193,0.1550,-0.0203,-0.0208,-0.0020,0.1434,-0.1275,88.1418,0.0004,-0.0003,-0.0025
32.6002,0.0179,-0.0193,0.1550,-0.0203,-0.0208,-0.0020,0.1434,-0.1275,88.1418,0.0004,-0.0003,-0.0025
32.7004,0.0179,-0.0193,0.1550,-0.0203,-0.0208,-0.0020,0.1434,-0.1275,88.1418,0.0004,-0.0003,-0.0025
32.8002,0.0177,-0.0190,0.1579,-0.0205,-0.0205,-0.0011,0.1423,-0.1265,88.1424,0.0003,-0.0003,-0.0025
32.9002,0.0177,-0.0190,0.1579,-0.0205,-0.0205,-0.0011,0.1423,-0.1265,88.1424,0.0003,-0.0003,-0.0025
33.0002,0.0177,-0.0190,0.1579,-0.0205,-0.0205,-0.0011,0.1423,-0.1265,88.1424,0.0003,-0.0003,-0.0025
33.1003,0.0177,-0.0190,0.1579,-0.0205,-0.0205,-0.0011,0.1423,-0.1265,88.1424,0.0003,-0.0003,-0.0025
33.2002,0.0177,-0.0190,0.1579,-0.0205,-0.0205,-0.0011,0.1423,-0.1265,88.1424,0.0003,-0.0003,-0.0025
33.3002,0.0179,-0.0191,0.1603,-0.0209,-0.0206,-0.0004,0.1416,-0.1261,88.1427,0.0003,-0.0003,-0.0025
33.4002,0.0179,-0.0191,0.1603,-0.0209,-0.0206,-0.0004,0.1416,-0.1261,88.1427,0.0003,-0.0003,-0.0025
33.5002,0.0179,-0.0191,0.1603,-0.0209,-0.0206,-0.0004,0.1416,-0.1261,88.1427,0.0003,-0.0003,-0.0025
33.6002,0.0179,-0.0191,0.1603,-0.0209,-0.0206,-0.0004,0.1416,-0.1261,88.1427,0.0003,-0.0003,-0.0025
33.7002,0.0179,-0.0191,0.1603,-0.0209,-0.0206,-0.0004,0.1416,-0.1261,88.1427,0.0003,-0.0003,-0.0025
33.8003,0.0176,-0.0188,0.1602,-0.0198,-0.0203,-0.0012,0.1410,-0.1251,88.1427,0.0004,-0.0003,-0.0026
33.9003,0.0176,-0.0188,0.1602,-0.0198,-0.0203,-0.0012,0.1410,-0.1251,88.1427,0.0004,-0.0003,-0.0026
34.0002,0.0176,-0.0188,0.1602,-0.0198,-0.0203,-0.0012,0.1410,-0.1251,88.1427,0.0004,-0.0003,-0.0026
34.1003,0.0176,-0.0188,0.1602,-0.0198,-0.0203,-0.0012,0.1410,-0.1251,88.1427,0.0004,-0.0003,-0.0026
34.2003,0.0176,-0.0188,0.1602,-0.0198,-0.0203,-0.0012,0.1410,-0.1251,88.1427,0.0004,-0.0003,-0.0026
34.3002,0.0176,-0.0188,0.1602,-0.0198,-0.0203,-0.0012,0.1410,-0.1251,88.1427,0.0004,-0.0003,-0.0026
34.4002,0.0178,-0.0190,0.1599,-0.0204,-0.0205,-0.0009,0.1402,-0.1246,88.1427,0.0003,-0.0003,-0.0026
34.5003,0.0178,-0.0190,0.1599,-0.0204,-0.0205,-0.0009,0.1402,-0.1246,88.1427,0.0003,-0.0003,-0.0026
34.6003,0.0178,-0.0190,0.1599,-0.0204,-0.0205,-0.0009,0.1402,-0.1246,88.1427,0.0003,-0.0003,-0.0026
34.7002,0.0178,-0.0190,0.1599,-0.0204,-0.0205,-0.0009,0.1402,-0.1246,88.1427,0.0003,-0.0003,-0.0026
34.8003,0.0178,-0.0190,0.1599,-0.0204,-0.0205,-0.0009,0.1402,-0.1246,88.1427,0.0003,-0.0003,-0.0026
34.9002,0.0175,-0.0187,0.1601,-0.0207,-0.0203,-0.0006,0.1392,-0.1237,88.1428,0.0003,-0.0003,-0.0025
35.0003,0.0175,-0.0187,0.1601,-0.0207,-0.0203,-0.0006,0.1392,-0.1237,88.1428,0.0003,-0.0003,-0.0025
35.1003,0.0175,-0.0187,0.1601,-0.0207,-0.0203,-0.0006,0.1392,-0.1237,88.1428,0.0003,-0.0003,-0.0025
35.2002,0.0175,-0.0187,0.1601,-0.0207,-0.0203,-0.0006,0.1392,-0.1237,88.1428,0.0003,-0.0003,-0.0025
35.3002,0.0175,-0.0187,0.1601,-0.0207,-0.0203,-0.0006,0.1392,-0.1237,88.1428,0.0003,-0.0003,-0.0025
35.4002,0.0177,-0.0189,0.1588,-0.0198,-0.0204,-0.0015,0.1386,-0.1227,88.1435,0.0004,-0.0002,-0.0024
35.5002,0.0177,-0.0189,0.1588,-0.0198,-0.0204,-0.0015,0.1386,-0.1227,88.1435,0.0004,-0.0002,-0.0024
35.6002,0.0177,-0.0189,0.1588,-0.0198,-0.0204,-0.0015,0.1386,-0.1227,88.1435,0.0004,-0.0002,-0.0024
35.7002,0.0177,-0.0189,0.1588,-0.0198,-0.0204,-0.0015,0.1386,-0.1227,88.1435,0.0004,-0.0002,-0.0024
35.8003,0.0177,-0.0189,0.1588,-0.0198,-0.0204,-0.0015,0.1386,-0.1227,88.1435,0.0004,-0.0002,-0.0024
35.9002,0.0177,-0.0189,0.1588,-0.0198,-0.0204,-0.0015,0.1386,-0.1227,88.1435,0.0004,-0.0002,-0.0024
36.0002,0.0174,-0.0186,0.1565,-0.0202,-0.0203,-0.0016,0.1374,-0.1223,88.1440,0.0003,-0.0003,-0.0024
36.1002,0.0174,-0.0186,0.1565,-0.0202,-0.0203,-0.0016,0.1374,-0.1223,88.1440,0.0003,-0.0003,-0.0024
36.2002,0.0174,-0.0186,0.1565,-0.0202,-0.0203,-0.0016,0.1374,-0.1223,88.1440,0.0003,-0.0003,-0.0024
36.3002,0.0174,-0.0186,0.1565,-0.0202,-0.0203,-0.0016,0.1374,-0.1223,88.1440,0.0003,-0.0003,-0.0024
36.4004,0.0174,-0.0186,0.1565,-0.0202,-0.0203,-0.0016,0.1374,-0.1223,88.1440,0.0003,-0.0003,-0.0024
36.5002,0.0176,-0.0188,0.1557,-0.0206,-0.0204,-0.0014,0.1366,-0.1218,88.1439,0.0003,-0.0003,-0.0025
36.6002,0.0176,-0.0188,0.1557,-0.0206,-0.0204,-0.0014,0.1366,-0.1218,88.1439,0.0003,-0.0003,-0.0025
36.7003,0.0176,-0.0188,0.1557,-0.0206,-0.0204,-0.0014,0.1366,-0.1218,88.1439,0.0003,-0.0003,-0.0025
36.8003,0.0176,-0.0188,0.1557,-0.0206,-0.0204,-0.0014,0.1366,-0.1218,88.1439,0.0003,-0.0003,-0.0025
36.9002,0.0176,-0.0188,0.1557,-0.0206,-0.0204,-0.0014,0.1366,-0.1218,88.1439,0.0003,-0.0003,-0.0025
37.0003,0.0174,-0.0185,0.1571,-0.0195,-0.0202,-0.0016,0.1360,-0.1210,88.1441,0.0004,-0.0003,-0.0025
37.1003,0.0174,-0.0185,0.1571,-0.0195,-0.0202,-0.0016,0.1360,-0.1210,88.1441,0.0004,-0.0003,-0.0025
37.2002,0.0174,-0.0185,0.1571,-0.0195,-0.0202,-0.0016,0.1360,-0.1210,88.1441,0.0004,-0.0003,-0.0025
37.3003,0.0174,-0.0185,0.1571,-0.0195,-0.0202,-0.0016,0.1360,-0.1210,88.1441,0.0004,-0.0003,-0.0025
37.4003,0.0174,-0.0185,0.1571,-0.0195,-0.0202,-0.0016,0.1360,-0.1210,88.1441,0.0004,-0.0003,-0.0025
37.5002,0.0176,-0.0187,0.1584,-0.0200,-0.0201,-0.0012,0.1349,-0.1203,88.1444,0.0003,-0.0003,-0.0024
37.6003,0.0176,-0.0187,0.1584,-0.0200,-0.0201,-0.0012,0.1349,-0.1203,88.1444,0.0003,-0.0003,-0.0024
37.7002,0.0176,-0.0187,0.1584,-0.0200,-0.0201,-0.0012,0.1349,-0.1203,88.1444,0.0003,-0.0003,-0.0024
37.8002,0.0176,-0.0187,0.1584,-0.0200,-0.0201,-0.0012,0.1349,-0.1203,88.1444,0.0003,-0.0003,-0.0024
37.9002,0.0176,-0.0187,0.1584,-0.0200,-0.0201,-0.0012,0.1349,-0.1203,88.1444,0.0003,-0.0003,-0.0024
38.0002,0.0173,-0.0183,0.1587,-0.0203,-0.0198,-0.0007,0.1343,-0.1195,88.1440,0.0003,-0.0003,-0.0025
38.1002,0.0173,-0.0183,0.1587,-0.0203,-0.0198,-0.0007,0.1343,-0.1195,88.1440,0.0003,-0.0003,-0.0025
38.2002,0.0173,-0.0183,0.1587,-0.0203,-0.0198,-0.0007,0.1343,-0.1195,88.1440,0.0003,-0.0003,-0.0025
38.3002,0.0173,-0.0183,0.1587,-0.0203,-0.0198,-0.0007,0.1343,-0.1195,88.1440,0.0003,-0.0003,-0.0025
38.4003,0.0173,-0.0183,0.1587,-0.0203,-0.0198,-0.0007,0.1343,-0.1195,88.1440,0.0003,-0.0003,-0.0025
38.5002,0.0173,-0.0183,0.1587,-0.0203,-0.0198,-0.0007,0.1343,-0.1195,88.1440,0.0003,-0.0003,-0.0025
38.6002,0.0175,-0.0185,0.1590,-0.0194,-0.0200,-0.0013,0.1334,-0.1193,88.1439,0.0003,-0.0004,-0.0025
38.7002,0.0175,-0.0185,0.1590,-0.0194,-0.0200,-0.0013,0.1334,-0.1193,88.1439,0.0003,-0.0004,-0.0025
38.8002,0.0175,-0.0185,0.1590,-0.0194,-0.0200,-0.0013,0.1334,-0.1193,88.1439,0.0003,-0.0004,-0.0025
38.9003,0.0175,-0.0185,0.1590,-0.0194,-0.0200,-0.0013,0.1334,-0.1193,88.1439,0.0003,-0.0004,-0.0025
39.0004,0.0175,-0.0185,0.1590,-0.0194,-0.0200,-0.0013,0.1334,-0.1193,88.1439,0.0003,-0.0004,-0.0025
39.1003,0.0172,-0.0182,0.1586,-0.0197,-0.0198,-0.0010,0.1329,-0.1186,88.1441,0.0004,-0.0003,-0.0025
39.2003,0.0172,-0.0182,0.1586,-0.0197,-0.0198,-0.0010,0.1329,-0.1186,88.1441,0.0004,-0.0003,-0.0025
39.3002,0.0172,-0.0182,0.1586,-0.0197,-0.0198,-0.0010,0.1329,-0.1186,88.1441,0.0004,-0.0003,-0.0025
39.4003,0.0172,-0.0182,0.1586,-0.0197,-0.0198,-0.0010,0.1329,-0.1186,88.1441,0.0004,-0.0003,-0.0025
39.5004,0.0172,-0.0182,0.1586,-0.0197,-0.0198,-0.0010,0.1329,-0.1186,88.1441,0.0004,-0.0003,-0.0025
39.6002,0.0174,-0.0184,0.1570,-0.0203,-0.0199,-0.0011,0.1325,-0.1180,88.1444,0.0004,-0.0003,-0.0024
39.7002,0.0174,-0.0184,0.1570,-0.0203,-0.0199,-0.0011,0.1325,-0.1180,88.1444,0.0004,-0.0003,-0.0024
39.8003,0.0174,-0.0184,0.1570,-0.0203,-0.0199,-0.0011,0.1325,-0.1180,88.1444,0.0004,-0.0003,-0.0024
39.9002,0.0174,-0.0184,0.1570,-0.0203,-0.0199,-0.0011,0.1325,-0.1180,88.1444,0.0004,-0.0003,-0.0024
40.0003,0.0174,-0.0184,0.1570,-0.0203,-0.0199,-0.0011,0.1325,-0.1180,88.1444,0.0004,-0.0003,-0.0024
40.1002,0.0171,-0.0181,0.1548,-0.0192,-0.0198,-0.0022,0.1318,-0.1173,88.1443,0.0003,-0.0003,-0.0024
40.2002,0.0171,-0.0181,0.1548,-0.0192,-0.0198,-0.0022,0.1318,-0.1173,88.1443,0.0003,-0.0003,-0.0024
40.3002,0.0171,-0.0181,0.1548,-0.0192,-0.0198,-0.0022,0.1318,-0.1173,88.1443,0.0003,-0.0003,-0.0024
40.4002,0.0171,-0.0181,0.1548,-0.0192,-0.0198,-0.0022,0.1318,-0.1173,88.1443,0.0003,-0.0003,-0.0024
40.5002,0.0171,-0.0181,0.1548,-0.0192,-0.0198,-0.0022,0.1318,-0.1173,88.1443,0.0003,-0.0003,-0.0024
40.6002,0.0173,-0.0183,0.1539,-0.0198,-0.0199,-0.0021,0.1311,-0.1168,88.1443,0.0004,-0.0003,-0.0024
40.7002,0.0173,-0.0183,0.1539,-0.0198,-0.0199,-0.0021,0.1311,-0.1168,88.1443,0.0004,-0.0003,-0.0024
40.8002,0.0173,-0.0183,0.1539,-0.0198,-0.0199,-0.0021,0.1311,-0.1168,88.1443,0.0004,-0.0003,-0.0024
40.9002,0.0173,-0.0183,0.1539,-0.0198,-0.0199,-0.0021,0.1311,-0.1168,88.1443,0.0004,-0.0003,-0.0024
41.0002,0.0173,-0.0183,0.1539,-0.0198,-0.0199,-0.0021,0.1311,-0.1168,88.1443,0.0004,-0.0003,-0.0024
41.1002,0.0170,-0.0180,0.1549,-0.0200,-0.0196,-0.0015,0.1304,-0.1160,88.1440,0.0003,-0.0003,-0.0025
41.2002,0.0170,-0.0180,0.1549,-0.0200,-0.0196,-0.0015,0.1304,-0.1160,88.1440,0.0003,-0.0003,-0.0025
41.3002,0.0170,-0.0180,0.1549,-0.0200,-0.0196,-0.0015,0.1304,-0.1160,88.1440,0.0003,-0.0003,-0.0025
41.4003,0.0170,-0.0180,0.1549,-0.0200,-0.0196,-0.0015,0.1304,-0.1160,88.1440,0.0003,-0.0003,-0.0025
41.5003,0.0170,-0.0180,0.1549,-0.0200,-0.0196,-0.0015,0.1304,-0.1160,88.1440,0.0003,-0.0003,-0.0025
41.6002,0.0170,-0.0180,0.1549,-0.0200,-0.0196,-0.0015,0.1304,-0.1160,88.1440,0.0003,-0.0003,-0.0025
41.7002,0.0172,-0.0182,0.1568,-0.0193,-0.0196,-0.0018,0.1298,-0.1155,88.1437,0.0003,-0.0003,-0.0025
41.8003,0.0172,-0.0182,0.1568,-0.0193,-0.0196,-0.0018,0.1298,-0.1155,88.1437,0.0003,-0.0003,-0.0025
41.9002,0.0172,-0.0182,0.1568,-0.0193,-0.0196,-0.0018,0.1298,-0.1155,88.1437,0.0003,-0.0003,-0.0025
42.0002,0.0172,-0.0182,0.1568,-0.0193,-0.0196,-0.0018,0.1298,-0.1155,88.1437,0.0003,-0.0003,-0.0025
42.1003,0.0172,-0.0182,0.1568,-0.0193,-0.0196,-0.0018,0.1298,-0.1155,88.1437,0.0003,-0.0003,-0.0025
42.2004,0.0169,-0.0180,0.1582,-0.0195,-0.0194,-0.0012,0.1292,-0.1148,88.1434,0.0004,-0.0003,-0.0025
42.3002,0.0169,-0.0180,0.1582,-0.0195,-0.0194,-0.0012,0.1292,-0.1148,88.1434,0.0004,-0.0003,-0.0025
42.4003,0.0169,-0.0180,0.1582,-0.0195,-0.0194,-0.0012,0.1292,-0.1148,88.1434,0.0004,-0.0003,-0.0025
42.5002,0.0169,-0.0180,0.1582,-0.0195,-0.0194,-0.0012,0.1292,-0.1148,88.1434,0.0004,-0.0003,-0.0025
42.6002,0.0169,-0.0180,0.1582,-0.0195,-0.0194,-0.0012,0.1292,-0.1148,88.1434,0.0004,-0.0003,-0.0025
42.7003,0.0171,-0.0182,0.1593,-0.0200,-0.0196,-0.0007,0.1288,-0.1144,88.1432,0.0004,-0.0003,-0.0024
42.8003,0.0171,-0.0182,0.1593,-0.0200,-0.0196,-0.0007,0.1288,-0.1144,88.1432,0.0004,-0.0003,-0.0024
42.9003,0.0171,-0.0182,0.1593,-0.0200,-0.0196,-0.0007,0.1288,-0.1144,88.1432,0.0004,-0.0003,-0.0024
43.0003,0.0171,-0.0182,0.1593,-0.0200,-0.0196,-0.0007,0.1288,-0.1144,88.1432,0.0004,-0.0003,-0.0024
43.1003,0.0171,-0.0182,0.1593,-0.0200,-0.0196,-0.0007,0.1288,-0.1144,88.1432,0.0004,-0.0003,-0.0024
43.2001,0.0168,-0.0179,0.1609,-0.0190,-0.0193,-0.0010,0.1281,-0.1137,88.1430,0.0003,-0.0003,-0.0024
43.3002,0.0168,-0.0179,0.1609,-0.0190,-0.0193,-0.0010,0.1281,-0.1137,88.1430,0.0003,-0.0003,-0.0024
43.4003,0.0168,-0.0179,0.1609,-0.0190,-0.0193,-0.0010,0.1281,-0.1137,88.1430,0.0003,-0.0003,-0.0024
43.5002,0.0168,-0.0179,0.1609,-0.0190,-0.0193,-0.0010,0.1281,-0.1137,88.1430,0.0003,-0.0003,-0.0024
43.6003,0.0168,-0.0179,0.1609,-0.0190,-0.0193,-0.0010,0.1281,-0.1137,88.1430,0.0003,-0.0003,-0.0024
43.7002,0.0168,-0.0179,0.1609,-0.0190,-0.0193,-0.0010,0.1281,-0.1137,88.1430,0.0003,-0.0003,-0.0024
43.8002,0.0170,-0.0181,0.1624,-0.0196,-0.0194,-0.0003,0.1277,-0.1131,88.1426,0.0004,-0.0003,-0.0025
43.9002,0.0170,-0.0181,0.1624,-0.0196,-0.0194,-0.0003,0.1277,-0.1131,88.1426,0.0004,-0.0003,-0.0025
44.0002,0.0170,-0.0181,0.1624,-0.0196,-0.0194,-0.0003,0.1277,-0.1131,88.1426,0.0004,-0.0003,-0.0025
44.1002,0.0170,-0.0181,0.1624,-0.0196,-0.0194,-0.0003,0.1277,-0.1131,88.1426,0.0004,-0.0003,-0.0025
44.2003,0.0170,-0.0181,0.1624,-0.0196,-0.0194,-0.0003,0.1277,-0.1131,88.1426,0.0004,-0.0003,-0.0025
44.3002,0.0167,-0.0178,0.1636,-0.0199,-0.0193,0.0003,0.1269,-0.1123,88.1420,0.0003,-0.0003,-0.0025
44.4002,0.0167,-0.0178,0.1636,-0.0199,-0.0193,0.0003,0.1269,-0.1123,88.1420,0.0003,-0.0003,-0.0025
44.5002,0.0167,-0.0178,0.1636,-0.0199,-0.0193,0.0003,0.1269,-0.1123,88.1420,0.0003,-0.0003,-0.0025
44.6002,0.0167,-0.0178,0.1636,-0.0199,-0.0193,0.0003,0.1269,-0.1123,88.1420,0.0003,-0.0003,-0.0025
44.7002,0.0167,-0.0178,0.1636,-0.0199,-0.0193,0.0003,0.1269,-0.1123,88.1420,0.0003,-0.0003,-0.0025
44.8004,0.0169,-0.0180,0.1653,-0.0191,-0.0195,-0.0002,0.1263,-0.1116,88.1420,0.0003,-0.0003,-0.0024
44.9002,0.0169,-0.0180,0.1653,-0.0191,-0.0195,-0.0002,0.1263,-0.1116,88.1420,0.0003,-0.0003,-0.0024
45.0003,0.0169,-0.0180,0.1653,-0.0191,-0.0195,-0.0002,0.1263,-0.1116,88.1420,0.0003,-0.0003,-0.0024
45.1002,0.0169,-0.0180,0.1653,-0.0191,-0.0195,-0.0002,0.1263,-0.1116,88.1420,0.0003,-0.0003,-0.0024
45.2002,0.0169,-0.0180,0.1653,-0.0191,-0.0195,-0.0002,0.1263,-0.1116,88.1420,0.0003,-0.0003,-0.0024
45.3002,0.0166,-0.0178,0.1679,-0.0193,-0.0193,0.0006,0.1253,-0.1109,88.1417,0.0003,-0.0003,-0.0024
45.4002,0.0166,-0.0178,0.1679,-0.0193,-0.0193,0.0006,0.1253,-0.1109,88.1417,0.0003,-0.0003,-0.0024
45.5003,0.0166,-0.0178,0.1679,-0.0193,-0.0193,0.0006,0.1253,-0.1109,88.1417,0.0003,-0.0003,-0.0024
45.6003,0.0166,-0.0178,0.1679,-0.0193,-0.0193,0.0006,0.1253,-0.1109,88.1417,0.0003,-0.0003,-0.0024
45.7002,0.0166,-0.0178,0.1679,-0.0193,-0.0193,0.0006,0.1253,-0.1109,88.1417,0.0003,-0.0003,-0.0024
45.8002,0.0169,-0.0180,0.1716,-0.0199,-0.0195,0.0016,0.1246,-0.1105,88.1412,0.0003,-0.0003,-0.0024
45.9002,0.0169,-0.0180,0.1716,-0.0199,-0.0195,0.0016,0.1246,-0.1105,88.1412,0.0003,-0.0003,-0.0024
46.0002,0.0169,-0.0180,0.1716,-0.0199,-0.0195,0.0016,0.1246,-0.1105,88.1412,0.0003,-0.0003,-0.0024
46.1003,0.0169,-0.0180,0.1716,-0.0199,-0.0195,0.0016,0.1246,-0.1105,88.1412,0.0003,-0.0003,-0.0024
46.2002,0.0169,-0.0180,0.1716,-0.0199,-0.0195,0.0016,0.1246,-0.1105,88.1412,0.0003,-0.0003,-0.0024
46.3002,0.0169,-0.0180,0.1716,-0.0199,-0.0195,0.0016,0.1246,-0.1105,88.1412,0.0003,-0.0003,-0.0024
46.4003,0.0166,-0.0177,0.1757,-0.0187,-0.0194,0.0017,0.1241,-0.1097,88.1408,0.0004,-0.0003,-0.0024
46.5003,0.0166,-0.0177,0.1757,-0.0187,-0.0194,0.0017,0.1241,-0.1097,88.1408,0.0004,-0.0003,-0.0024
46.6002,0.0166,-0.0177,0.1757,-0.0187,-0.0194,0.0017,0.1241,-0.1097,88.1408,0.0004,-0.0003,-0.0024
46.7002,0.0166,-0.0177,0.1757,-0.0187,-0.0194,0.0017,0.1241,-0.1097,88.1408,0.0004,-0.0003,-0.0024
46.8002,0.0166,-0.0177,0.1757,-0.0187,-0.0194,0.0017,0.1241,-0.1097,88.1408,0.0004,-0.0003,-0.0024
46.9002,0.0168,-0.0179,0.1800,-0.0193,-0.0195,0.0028,0.1233,-0.1091,88.1409,0.0003,-0.0003,-0.0023
47.0002,0.0168,-0.0179,0.1800,-0.0193,-0.0195,0.0028,0.1233,-0.1091,88.1409,0.0003,-0.0003,-0.0023
47.1002,0.0168,-0.0179,0.1800,-0.0193,-0.0195,0.0028,0.1233,-0.1091,88.1409,0.0003,-0.0003,-0.0023
47.2002,0.0168,-0.0179,0.1800,-0.0193,-0.0195,0.0028,0.1233,-0.1091,88.1409,0.0003,-0.0003,-0.0023
47.3002,0.0168,-0.0179,0.1800,-0.0193,-0.0195,0.0028,0.1233,-0.1091,88.1409,0.0003,-0.0003,-0.0023
47.4002,0.0166,-0.0176,0.1839,-0.0195,-0.0193,0.0038,0.1227,-0.1086,88.1402,0.0003,-0.0003,-0.0024
47.5002,0.0166,-0.0176,0.1839,-0.0195,-0.0193,0.0038,0.1227,-0.1086,88.1402,0.0003,-0.0003,-0.0024
47.6003,0.0166,-0.0176,0.1839,-0.0195,-0.0193,0.0038,0.1227,-0.1086,88.1402,0.0003,-0.0003,-0.0024
47.7003,0.0166,-0.0176,0.1839,-0.0195,-0.0193,0.0038,0.1227,-0.1086,88.1402,0.0003,-0.0003,-0.0024
47.8002,0.0166,-0.0176,0.1839,-0.0195,-0.0193,0.0038,0.1227,-0.1086,88.1402,0.0003,-0.0003,-0.0024
47.9002,0.0168,-0.0178,0.1866,-0.0189,-0.0193,0.0036,0.1221,-0.1081,88.1400,0.0003,-0.0003,-0.0024
48.0002,0.0168,-0.0178,0.1866,-0.0189,-0.0193,0.0036,0.1221,-0.1081,88.1400,0.0003,-0.0003,-0.0024
48.1002,0.0168,-0.0178,0.1866,-0.0189,-0.0193,0.0036,0.1221,-0.1081,88.1400,0.0003,-0.0003,-0.0024
48.2002,0.0168,-0.0178,0.1866,-0.0189,-0.0193,0.0036,0.1221,-0.1081,88.1400,0.0003,-0.0003,-0.0024
48.3002,0.0168,-0.0178,0.1866,-0.0189,-0.0193,0.0036,0.1221,-0.1081,88.1400,0.0003,-0.0003,-0.0024
48.4002,0.0165,-0.0176,0.1863,-0.0192,-0.0191,0.0037,0.1215,-0.1074,88.1396,0.0003,-0.0003,-0.0023
48.5002,0.0165,-0.0176,0.1863,-0.0192,-0.0191,0.0037,0.1215,-0.1074,88.1396,0.0003,-0.0003,-0.0023
48.6002,0.0165,-0.0176,0.1863,-0.0192,-0.0191,0.0037,0.1215,-0.1074,88.1396,0.0003,-0.0003,-0.0023
48.7002,0.0165,-0.0176,0.1863,-0.0192,-0.0191,0.0037,0.1215,-0.1074,88.1396,0.0003,-0.0003,-0.0023
48.8002,0.0165,-0.0176,0.1863,-0.0192,-0.0191,0.0037,0.1215,-0.1074,88.1396,0.0003,-0.0003,-0.0023
48.9002,0.0165,-0.0176,0.1863,-0.0192,-0.0191,0.0037,0.1215,-0.1074,88.1396,0.0003,-0.0003,-0.0023
49.0003,0.0167,-0.0178,0.1862,-0.0198,-0.0193,0.0038,0.1212,-0.1069,88.1390,0.0004,-0.0003,-0.0024
49.1002,0.0167,-0.0178,0.1862,-0.0198,-0.0193,0.0038,0.1212,-0.1069,88.1390,0.0004,-0.0003,-0.0024
49.2002,0.0167,-0.0178,0.1862,-0.0198,-0.0193,0.0038,0.1212,-0.1069,88.1390,0.0004,-0.0003,-0.0024
49.3003,0.0167,-0.0178,0.1862,-0.0198,-0.0193,0.0038,0.1212,-0.1069,88.1390,0.0004,-0.0003,-0.0024
49.4002,0.0167,-0.0178,0.1862,-0.0198,-0.0193,0.0038,0.1212,-0.1069,88.1390,0.0004,-0.0003,-0.0024
49.5003,0.0165,-0.0175,0.1866,-0.0188,-0.0191,0.0031,0.1206,-0.1063,88.1386,0.0003,-0.0003,-0.0023
49.6002,0.0165,-0.0175,0.1866,-0.0188,-0.0191,0.0031,0.1206,-0.1063,88.1386,0.0003,-0.0003,-0.0023
49.7002,0.0165,-0.0175,0.1866,-0.0188,-0.0191,0.0031,0.1206,-0.1063,88.1386,0.0003,-0.0003,-0.0023
49.8002,0.0165,-0.0175,0.1866,-0.0188,-0.0191,0.0031,0.1206,-0.1063,88.1386,0.0003,-0.0003,-0.0023
49.9003,0.0165,-0.0175,0.1866,-0.0188,-0.0191,0.0031,0.1206,-0.1063,88.1386,0.0003,-0.0003,-0.0023
50.0002,0.0167,-0.0178,0.1863,-0.0193,-0.0192,0.0032,0.1202,-0.1059,88.1381,0.0003,-0.0003,-0.0024
50.1002,0.0167,-0.0178,0.1863,-0.0193,-0.0192,0.0032,0.1202,-0.1059,88.1381,0.0003,-0.0003,-0.0024
50.2002,0.0167,-0.0178,0.1863,-0.0193,-0.0192,0.0032,0.1202,-0.1059,88.1381,0.0003,-0.0003,-0.0024
50.3002,0.0167,-0.0178,0.1863,-0.0193,-0.0192,0.0032,0.1202,-0.1059,88.1381,0.0003,-0.0003,-0.0024
50.4002,0.0167,-0.0178,0.1863,-0.0193,-0.0192,0.0032,0.1202,-0.1059,88.1381,0.0003,-0.0003,-0.0024
50.5002,0.0164,-0.0175,0.1872,-0.0195,-0.0191,0.0036,0.1195,-0.1055,88.1375,0.0003,-0.0003,-0.0023
50.6002,0.0164,-0.0175,0.1872,-0.0195,-0.0191,0.0036,0.1195,-0.1055,88.1375,0.0003,-0.0003,-0.0023
50.7003,0.0164,-0.0175,0.1872,-0.0195,-0.0191,0.0036,0.1195,-0.1055,88.1375,0.0003,-0.0003,-0.0023
50.8003,0.0164,-0.0175,0.1872,-0.0195,-0.0191,0.0036,0.1195,-0.1055,88.1375,0.0003,-0.0003,-0.0023
50.9002,0.0164,-0.0175,0.1872,-0.0195,-0.0191,0.0036,0.1195,-0.1055,88.1375,0.0003,-0.0003,-0.0023
51.0002,0.0166,-0.0177,0.1894,-0.0187,-0.0192,0.0035,0.1190,-0.1051,88.1371,0.0003,-0.0003,-0.0023
51.1004,0.0166,-0.0177,0.1894,-0.0187,-0.0192,0.0035,0.1190,-0.1051,88.1371,0.0003,-0.0003,-0.0023
51.2002,0.0166,-0.0177,0.1894,-0.0187,-0.0192,0.0035,0.1190,-0.1051,88.1371,0.0003,-0.0003,-0.0023
51.3003,0.0166,-0.0177,0.1894,-0.0187,-0.0192,0.0035,0.1190,-0.1051,88.1371,0.0003,-0.0003,-0.0023
51.4003,0.0166,-0.0177,0.1894,-0.0187,-0.0192,0.0035,0.1190,-0.1051,88.1371,0.0003,-0.0003,-0.0023
51.5001,0.0164,-0.0174,0.1907,-0.0189,-0.0190,0.0039,0.1184,-0.1045,88.1369,0.0004,-0.0003,-0.0023
51.6002,0.0164,-0.0174,0.1907,-0.0189,-0.0190,0.0039,0.1184,-0.1045,88.1369,0.0004,-0.0003,-0.0023
51.7003,0.0164,-0.0174,0.1907,-0.0189,-0.0190,0.0039,0.1184,-0.1045,88.1369,0.0004,-0.0003,-0.0023
51.8002,0.0164,-0.0174,0.1907,-0.0189,-0.0190,0.0039,0.1184,-0.1045,88.1369,0.0004,-0.0003,-0.0023
51.9003,0.0164,-0.0174,0.1907,-0.0189,-0.0190,0.0039,0.1184,-0.1045,88.1369,0.0004,-0.0003,-0.0023
52.0002,0.0164,-0.0174,0.1907,-0.0189,-0.0190,0.0039,0.1184,-0.1045,88.1369,0.0004,-0.0003,-0.0023
52.1003,0.0166,-0.0177,0.1910,-0.0196,-0.0191,0.0042,0.1182,-0.1041,88.1363,0.0004,-0.0003,-0.0023
52.2002,0.0166,-0.0177,0.1910,-0.0196,-0.0191,0.0042,0.1182,-0.1041,88.1363,0.0004,-0.0003,-0.0023
52.3002,0.0166,-0.0177,0.1910,-0.0196,-0.0191,0.0042,0.1182,-0.1041,88.1363,0.0004,-0.0003,-0.0023
52.4003,0.0166,-0.0177,0.1910,-0.0196,-0.0191,0.0042,0.1182,-0.1041,88.1363,0.0004,-0.0003,-0.0023
52.5002,0.0166,-0.0177,0.1910,-0.0196,-0.0191,0.0042,0.1182,-0.1041,88.1363,0.0004,-0.0003,-0.0023
52.6002,0.0163,-0.0174,0.1907,-0.0186,-0.0189,0.0035,0.1176,-0.1034,88.1356,0.0003,-0.0003,-0.0023
52.7002,0.0163,-0.0174,0.1907,-0.0186,-0.0189,0.0035,0.1176,-0.1034,88.1356,0.0003,-0.0003,-0.0023
52.8002,0.0163,-0.0174,0.1907,-0.0186,-0.0189,0.0035,0.1176,-0.1034,88.1356,0.0003,-0.0003,-0.0023
52.9002,0.0163,-0.0174,0.1907,-0.0186,-0.0189,0.0035,0.1176,-0.1034,88.1356,0.0003,-0.0003,-0.0023
53.0003,0.0163,-0.0174,0.1907,-0.0186,-0.0189,0.0035,0.1176,-0.1034,88.1356,0.0003,-0.0003,-0.0023
53.1002,0.0165,-0.0177,0.1898,-0.0192,-0.0190,0.0035,0.1172,-0.1031,88.1348,0.0003,-0.0003,-0.0023
53.2002,0.0165,-0.0177,0.1898,-0.0192,-0.0190,0.0035,0.1172,-0.1031,88.1348,0.0003,-0.0003,-0.0023
53.3002,0.0165,-0.0177,0.1898,-0.0192,-0.0190,0.0035,0.1172,-0.1031,88.1348,0.0003,-0.0003,-0.0023
53.4002,0.0165,-0.0177,0.1898,-0.0192,-0.0190,0.0035,0.1172,-0.1031,88.1348,0.0003,-0.0003,-0.0023
53.5002,0.0165,-0.0177,0.1898,-0.0192,-0.0190,0.0035,0.1172,-0.1031,88.1348,0.0003,-0.0003,-0.0023
53.6002,0.0165,-0.0177,0.1898,-0.0192,-0.0190,0.0035,0.1172,-0.1031,88.1348,0.0003,-0.0003,-0.0023
53.7003,0.0163,-0.0174,0.1901,-0.0195,-0.0189,0.0037,0.1164,-0.1025,88.1341,0.0003,-0.0003,-0.0023
53.8003,0.0163,-0.0174,0.1901,-0.0195,-0.0189,0.0037,0.1164,-0.1025,88.1341,0.0003,-0.0003,-0.0023
53.9003,0.0163,-0.0174,0.1901,-0.0195,-0.0189,0.0037,0.1164,-0.1025,88.1341,0.0003,-0.0003,-0.0023
54.0002,0.0163,-0.0174,0.1901,-0.0195,-0.0189,0.0037,0.1164,-0.1025,88.1341,0.0003,-0.0003,-0.0023
54.1002,0.0163,-0.0174,0.1901,-0.0195,-0.0189,0.0037,0.1164,-0.1025,88.1341,0.0003,-0.0003,-0.0023
54.2002,0.0165,-0.0176,0.1907,-0.0189,-0.0189,0.0031,0.1160,-0.1021,88.1332,0.0003,-0.0003,-0.0023
54.3002,0.0165,-0.0176,0.1907,-0.0189,-0.0189,0.0031,0.1160,-0.1021,88.1332,0.0003,-0.0003,-0.0023
54.4002,0.0165,-0.0176,0.1907,-0.0189,-0.0189,0.0031,0.1160,-0.1021,88.1332,0.0003,-0.0003,-0.0023
54.5002,0.0165,-0.0176,0.1907,-0.0189,-0.0189,0.0031,0.1160,-0.1021,88.1332,0.0003,-0.0003,-0.0023
54.6002,0.0165,-0.0176,0.1907,-0.0189,-0.0189,0.0031,0.1160,-0.1021,88.1332,0.0003,-0.0003,-0.0023
54.7002,0.0162,-0.0174,0.1898,-0.0192,-0.0187,0.0030,0.1154,-0.1015,88.1323,0.0003,-0.0003,-0.0023
54.8003,0.0162,-0.0174,0.1898,-0.0192,-0.0187,0.0030,0.1154,-0.1015,88.1323,0.0003,-0.0003,-0.0023
54.9002,0.0162,-0.0174,0.1898,-0.0192,-0.0187,0.0030,0.1154,-0.1015,88.1323,0.0003,-0.0003,-0.0023
55.0002,0.0162,-0.0174,0.1898,-0.0192,-0.0187,0.0030,0.1154,-0.1015,88.1323,0.0003,-0.0003,-0.0023
55.1002,0.0162,-0.0174,0.1898,-0.0192,-0.0187,0.0030,0.1154,-0.1015,88.1323,0.0003,-0.0003,-0.0023
55.2003,0.0164,-0.0177,0.1875,-0.0199,-0.0187,0.0027,0.1149,-0.1017,88.1317,0.0003,-0.0004,-0.0023
55.3002,0.0164,-0.0177,0.1875,-0.0199,-0.0187,0.0027,0.1149,-0.1017,88.1317,0.0003,-0.0004,-0.0023
55.4002,0.0164,-0.0177,0.1875,-0.0199,-0.0187,0.0027,0.1149,-0.1017,88.1317,0.0003,-0.0004,-0.0023
55.5002,0.0164,-0.0177,0.1875,-0.0199,-0.0187,0.0027,0.1149,-0.1017,88.1317,0.0003,-0.0004,-0.0023
55.6003,0.0164,-0.0177,0.1875,-0.0199,-0.0187,0.0027,0.1149,-0.1017,88.1317,0.0003,-0.0004,-0.0023
55.7003,0.0164,-0.0177,0.1875,-0.0199,-0.0187,0.0027,0.1149,-0.1017,88.1317,0.0003,-0.0004,-0.0023
55.8003,0.0161,-0.0174,0.1835,-0.0189,-0.0185,0.0012,0.1147,-0.1014,88.1313,0.0004,-0.0003,-0.0022
55.9003,0.0161,-0.0174,0.1835,-0.0189,-0.0185,0.0012,0.1147,-0.1014,88.1313,0.0004,-0.0003,-0.0022
56.0003,0.0161,-0.0174,0.1835,-0.0189,-0.0185,0.0012,0.1147,-0.1014,88.1313,0.0004,-0.0003,-0.0022
56.1003,0.0161,-0.0174,0.1835,-0.0189,-0.0185,0.0012,0.1147,-0.1014,88.1313,0.0004,-0.0003,-0.0022
56.2003,0.0161,-0.0174,0.1835,-0.0189,-0.0185,0.0012,0.1147,-0.1014,88.1313,0.0004,-0.0003,-0.0022
56.3003,0.0163,-0.0177,0.1802,-0.0195,-0.0187,0.0008,0.1143,-0.1006,88.1306,0.0003,-0.0002,-0.0023
56.4003,0.0163,-0.0177,0.1802,-0.0195,-0.0187,0.0008,0.1143,-0.1006,88.1306,0.0003,-0.0002,-0.0023
56.5002,0.0163,-0.0177,0.1802,-0.0195,-0.0187,0.0008,0.1143,-0.1006,88.1306,0.0003,-0.0002,-0.0023
56.6003,0.0163,-0.0177,0.1802,-0.0195,-0.0187,0.0008,0.1143,-0.1006,88.1306,0.0003,-0.0002,-0.0023
56.7002,0.0163,-0.0177,0.1802,-0.0195,-0.0187,0.0008,0.1143,-0.1006,88.1306,0.0003,-0.0002,-0.0023
56.8003,0.0161,-0.0175,0.1780,-0.0198,-0.0185,0.0006,0.1139,-0.1000,88.1295,0.0003,-0.0003,-0.0023
56.9002,0.0161,-0.0175,0.1780,-0.0198,-0.0185,0.0006,0.1139,-0.1000,88.1295,0.0003,-0.0003,-0.0023
57.0002,0.0161,-0.0175,0.1780,-0.0198,-0.0185,0.0006,0.1139,-0.1000,88.1295,0.0003,-0.0003,-0.0023
57.1003,0.0161,-0.0175,0.1780,-0.0198,-0.0185,0.0006,0.1139,-0.1000,88.1295,0.0003,-0.0003,-0.0023
57.2002,0.0161,-0.0175,0.1780,-0.0198,-0.0185,0.0006,0.1139,-0.1000,88.1295,0.0003,-0.0003,-0.0023
57.3002,0.0163,-0.0177,0.1747,-0.0190,-0.0186,-0.0008,0.1135,-0.0995,88.1284,0.0003,-0.0003,-0.0023
57.4004,0.0163,-0.0177,0.1747,-0.0190,-0.0186,-0.0008,0.1135,-0.0995,88.1284,0.0003,-0.0003,-0.0023
57.5003,0.0163,-0.0177,0.1747,-0.0190,-0.0186,-0.0008,0.1135,-0.0995,88.1284,0.0003,-0.0003,-0.0023
57.6002,0.0163,-0.0177,0.1747,-0.0190,-0.0186,-0.0008,0.1135,-0.0995,88.1284,0.0003,-0.0003,-0.0023
57.7002,0.0163,-0.0177,0.1747,-0.0190,-0.0186,-0.0008,0.1135,-0.0995,88.1284,0.0003,-0.0003,-0.0023
57.8002,0.0160,-0.0175,0.1722,-0.0194,-0.0184,-0.0009,0.1130,-0.0989,88.1277,0.0003,-0.0003,-0.0023
57.9003,0.0160,-0.0175,0.1722,-0.0194,-0.0184,-0.0009,0.1130,-0.0989,88.1277,0.0003,-0.0003,-0.0023
58.0002,0.0160,-0.0175,0.1722,-0.0194,-0.0184,-0.0009,0.1130,-0.0989,88.1277,0.0003,-0.0003,-0.0023
58.1002,0.0160,-0.0175,0.1722,-0.0194,-0.0184,-0.0009,0.1130,-0.0989,88.1277,0.0003,-0.0003,-0.0023
58.2002,0.0160,-0.0175,0.1722,-0.0194,-0.0184,-0.0009,0.1130,-0.0989,88.1277,0.0003,-0.0003,-0.0023
58.3002,0.0162,-0.0178,0.1706,-0.0199,-0.0185,-0.0009,0.1126,-0.0987,88.1264,0.0003,-0.0003,-0.0023
58.4002,0.0162,-0.0178,0.1706,-0.0199,-0.0185,-0.0009,0.1126,-0.0987,88.1264,0.0003,-0.0003,-0.0023
58.5003,0.0162,-0.0178,0.1706,-0.0199,-0.0185,-0.0009,0.1126,-0.0987,88.1264,0.0003,-0.0003,-0.0023
58.6002,0.0162,-0.0178,0.1706,-0.0199,-0.0185,-0.0009,0.1126,-0.0987,88.1264,0.0003,-0.0003,-0.0023
58.7003,0.0162,-0.0178,0.1706,-0.0199,-0.0185,-0.0009,0.1126,-0.0987,88.1264,0.0003,-0.0003,-0.0023
58.8003,0.0162,-0.0178,0.1706,-0.0199,-0.0185,-0.0009,0.1126,-0.0987,88.1264,0.0003,-0.0003,-0.0023
58.9002,0.0159,-0.0175,0.1687,-0.0189,-0.0183,-0.0019,0.1121,-0.0982,88.1258,0.0003,-0.0003,-0.0022
59.0002,0.0159,-0.0175,0.1687,-0.0189,-0.0183,-0.0019,0.1121,-0.0982,88.1258,0.0003,-0.0003,-0.0022
59.1003,0.0159,-0.0175,0.1687,-0.0189,-0.0183,-0.0019,0.1121,-0.0982,88.1258,0.0003,-0.0003,-0.0022
59.2002,0.0159,-0.0175,0.1687,-0.0189,-0.0183,-0.0019,0.1121,-0.0982,88.1258,0.0003,-0.0003,-0.0022
59.3002,0.0159,-0.0175,0.1687,-0.0189,-0.0183,-0.0019,0.1121,-0.0982,88.1258,0.0003,-0.0003,-0.0022
59.4003,0.0161,-0.0178,0.1669,-0.0195,-0.0185,-0.0020,0.1117,-0.0981,88.1252,0.0003,-0.0003,-0.0022
59.5002,0.0161,-0.0178,0.1669,-0.0195,-0.0185,-0.0020,0.1117,-0.0981,88.1252,0.0003,-0.0003,-0.0022
59.6002,0.0161,-0.0178,0.1669,-0.0195,-0.0185,-0.0020,0.1117,-0.0981,88.1252,0.0003,-0.0003,-0.0022
59.7002,0.0161,-0.0178,0.1669,-0.0195,-0.0185,-0.0020,0.1117,-0.0981,88.1252,0.0003,-0.0003,-0.0022
59.8002,0.0161,-0.0178,0.1669,-0.0195,-0.0185,-0.0020,0.1117,-0.0981,88.1252,0.0003,-0.0003,-0.0022
59.9002,0.0159,-0.0175,0.1643,-0.0198,-0.0182,-0.0022,0.1112,-0.0977,88.1243,0.0003,-0.0003,-0.0022
60.0002,0.0159,-0.0175,0.1643,-0.0198,-0.0182,-0.0022,0.1112,-0.0977,88.1243,0.0003,-0.0003,-0.0022
60.1003,0.0159,-0.0175,0.1643,-0.0198,-0.0182,-0.0022,0.1112,-0.0977,88.1243,0.0003,-0.0003,-0.0022
60.2002,0.0159,-0.0175,0.1643,-0.0198,-0.0182,-0.0022,0.1112,-0.0977,88.1243,0.0003,-0.0003,-0.0022
60.3002,0.0159,-0.0175,0.1643,-0.0198,-0.0182,-0.0022,0.1112,-0.0977,88.1243,0.0003,-0.0003,-0.0022
60.4002,0.0160,-0.0178,0.1613,-0.0191,-0.0184,-0.0034,0.1107,-0.0975,88.1237,0.0003,-0.0003,-0.0022
60.5002,0.0160,-0.0178,0.1613,-0.0191,-0.0184,-0.0034,0.1107,-0.0975,88.1237,0.0003,-0.0003,-0.0022
60.6002,0.0160,-0.0178,0.1613,-0.0191,-0.0184,-0.0034,0.1107,-0.0975,88.1237,0.0003,-0.0003,-0.0022
60.7002,0.0160,-0.0178,0.1613,-0.0191,-0.0184,-0.0034,0.1107,-0.0975,88.1237,0.0003,-0.0003,-0.0022
60.8002,0.0160,-0.0178,0.1613,-0.0191,-0.0184,-0.0034,0.1107,-0.0975,88.1237,0.0003,-0.0003,-0.0022
60.9002,0.0160,-0.0178,0.1613,-0.0191,-0.0184,-0.0034,0.1107,-0.0975,88.1237,0.0003,-0.0003,-0.0022
61.0002,0.0158,-0.0176,0.1593,-0.0193,-0.0182,-0.0035,0.1104,-0.0972,88.1228,0.0004,-0.0003,-0.0023
61.1002,0.0158,-0.0176,0.1593,-0.0193,-0.0182,-0.0035,0.1104,-0.0972,88.1228,0.0004,-0.0003,-0.0023
61.2003,0.0158,-0.0176,0.1593,-0.0193,-0.0182,-0.0035,0.1104,-0.0972,88.1228,0.0004,-0.0003,-0.0023
61.3002,0.0158,-0.0176,0.1593,-0.0193,-0.0182,-0.0035,0.1104,-0.0972,88.1228,0.0004,-0.0003,-0.0023
61.4003,0.0158,-0.0176,0.1593,-0.0193,-0.0182,-0.0035,0.1104,-0.0972,88.1228,0.0004,-0.0003,-0.0023
61.5003,0.0160,-0.0178,0.1588,-0.0198,-0.0183,-0.0033,0.1103,-0.0966,88.1216,0.0004,-0.0003,-0.0023
61.6002,0.0160,-0.0178,0.1588,-0.0198,-0.0183,-0.0033,0.1103,-0.0966,88.1216,0.0004,-0.0003,-0.0023
61.7003,0.0160,-0.0178,0.1588,-0.0198,-0.0183,-0.0033,0.1103,-0.0966,88.1216,0.0004,-0.0003,-0.0023
61.8002,0.0160,-0.0178,0.1588,-0.0198,-0.0183,-0.0033,0.1103,-0.0966,88.1216,0.0004,-0.0003,-0.0023
61.9002,0.0160,-0.0178,0.1588,-0.0198,-0.0183,-0.0033,0.1103,-0.0966,88.1216,0.0004,-0.0003,-0.0023
62.0003,0.0157,-0.0176,0.1581,-0.0188,-0.0181,-0.0040,0.1102,-0.0963,88.1206,0.0004,-0.0003,-0.0023
62.1002,0.0157,-0.0176,0.1581,-0.0188,-0.0181,-0.0040,0.1102,-0.0963,88.1206,0.0004,-0.0003,-0.0023
62.2002,0.0157,-0.0176,0.1581,-0.0188,-0.0181,-0.0040,0.1102,-0.0963,88.1206,0.0004,-0.0003,-0.0023
62.3002,0.0157,-0.0176,0.1581,-0.0188,-0.0181,-0.0040,0.1102,-0.0963,88.1206,0.0004,-0.0003,-0.0023
62.4002,0.0157,-0.0176,0.1581,-0.0188,-0.0181,-0.0040,0.1102,-0.0963,88.1206,0.0004,-0.0003,-0.0023
62.5004,0.0159,-0.0178,0.1566,-0.0194,-0.0182,-0.0039,0.1101,-0.0958,88.1196,0.0004,-0.0003,-0.0023
62.6002,0.0159,-0.0178,0.1566,-0.0194,-0.0182,-0.0039,0.1101,-0.0958,88.1196,0.0004,-0.0003,-0.0023
62.7004,0.0159,-0.0178,0.1566,-0.0194,-0.0182,-0.0039,0.1101,-0.0958,88.1196,0.0004,-0.0003,-0.0023
62.8002,0.0159,-0.0178,0.1566,-0.0194,-0.0182,-0.0039,0.1101,-0.0958,88.1196,0.0004,-0.0003,-0.0023
62.9002,0.0159,-0.0178,0.1566,-0.0194,-0.0182,-0.0039,0.1101,-0.0958,88.1196,0.0004,-0.0003,-0.0023
63.0002,0.0157,-0.0175,0.1543,-0.0196,-0.0181,-0.0041,0.1099,-0.0955,88.1185,0.0004,-0.0003,-0.0022
63.1003,0.0157,-0.0175,0.1543,-0.0196,-0.0181,-0.0041,0.1099,-0.0955,88.1185,0.0004,-0.0003,-0.0022
63.2003,0.0157,-0.0175,0.1543,-0.0196,-0.0181,-0.0041,0.1099,-0.0955,88.1185,0.0004,-0.0003,-0.0022
63.3003,0.0157,-0.0175,0.1543,-0.0196,-0.0181,-0.0041,0.1099,-0.0955,88.1185,0.0004,-0.0003,-0.0022
63.4003,0.0157,-0.0175,0.1543,-0.0196,-0.0181,-0.0041,0.1099,-0.0955,88.1185,0.0004,-0.0003,-0.0022
63.5003,0.0157,-0.0175,0.1543,-0.0196,-0.0181,-0.0041,0.1099,-0.0955,88.1185,0.0004,-0.0003,-0.0022
63.6002,0.0159,-0.0178,0.1523,-0.0189,-0.0183,-0.0050,0.1100,-0.0954,88.1174,0.0004,-0.0003,-0.0022
63.7003,0.0159,-0.0178,0.1523,-0.0189,-0.0183,-0.0050,0.1100,-0.0954,88.1174,0.0004,-0.0003,-0.0022
63.8002,0.0159,-0.0178,0.1523,-0.0189,-0.0183,-0.0050,0.1100,-0.0954,88.1174,0.0004,-0.0003,-0.0022
63.9002,0.0159,-0.0178,0.1523,-0.0189,-0.0183,-0.0050,0.1100,-0.0954,88.1174,0.0004,-0.0003,-0.0022
64.0003,0.0159,-0.0178,0.1523,-0.0189,-0.0183,-0.0050,0.1100,-0.0954,88.1174,0.0004,-0.0003,-0.0022
64.1002,0.0156,-0.0175,0.1519,-0.0191,-0.0180,-0.0048,0.1097,-0.0951,88.1164,0.0004,-0.0003,-0.0022
64.2003,0.0156,-0.0175,0.1519,-0.0191,-0.0180,-0.0048,0.1097,-0.0951,88.1164,0.0004,-0.0003,-0.0022
64.3002,0.0156,-0.0175,0.1519,-0.0191,-0.0180,-0.0048,0.1097,-0.0951,88.1164,0.0004,-0.0003,-0.0022
64.4003,0.0156,-0.0175,0.1519,-0.0191,-0.0180,-0.0048,0.1097,-0.0951,88.1164,0.0004,-0.0003,-0.0022
64.5003,0.0156,-0.0175,0.1519,-0.0191,-0.0180,-0.0048,0.1097,-0.0951,88.1164,0.0004,-0.0003,-0.0022
64.6002,0.0158,-0.0178,0.1539,-0.0198,-0.0182,-0.0040,0.1095,-0.0946,88.1153,0.0003,-0.0003,-0.0022
64.7002,0.0158,-0.0178,0.1539,-0.0198,-0.0182,-0.0040,0.1095,-0.0946,88.1153,0.0003,-0.0003,-0.0022
64.8002,0.0158,-0.0178,0.1539,-0.0198,-0.0182,-0.0040,0.1095,-0.0946,88.1153,0.0003,-0.0003,-0.0022
64.9003,0.0158,-0.0178,0.1539,-0.0198,-0.0182,-0.0040,0.1095,-0.0946,88.1153,0.0003,-0.0003,-0.0022
65.0002,0.0158,-0.0178,0.1539,-0.0198,-0.0182,-0.0040,0.1095,-0.0946,88.1153,0.0003,-0.0003,-0.0022
65.1002,0.0156,-0.0175,0.1558,-0.0187,-0.0180,-0.0040,0.1092,-0.0942,88.1143,0.0003,-0.0003,-0.0022
65.2003,0.0156,-0.0175,0.1558,-0.0187,-0.0180,-0.0040,0.1092,-0.0942,88.1143,0.0003,-0.0003,-0.0022
65.3003,0.0156,-0.0175,0.1558,-0.0187,-0.0180,-0.0040,0.1092,-0.0942,88.1143,0.0003,-0.0003,-0.0022
65.4003,0.0156,-0.0175,0.1558,-0.0187,-0.0180,-0.0040,0.1092,-0.0942,88.1143,0.0003,-0.0003,-0.0022
65.5003,0.0156,-0.0175,0.1558,-0.0187,-0.0180,-0.0040,0.1092,-0.0942,88.1143,0.0003,-0.0003,-0.0022
65.6002,0.0157,-0.0178,0.1566,-0.0194,-0.0181,-0.0036,0.1088,-0.0942,88.1131,0.0003,-0.0003,-0.0022
65.7002,0.0157,-0.0178,0.1566,-0.0194,-0.0181,-0.0036,0.1088,-0.0942,88.1131,0.0003,-0.0003,-0.0022
65.8003,0.0157,-0.0178,0.1566,-0.0194,-0.0181,-0.0036,0.1088,-0.0942,88.1131,0.0003,-0.0003,-0.0022
65.9003,0.0157,-0.0178,0.1566,-0.0194,-0.0181,-0.0036,0.1088,-0.0942,88.1131,0.0003,-0.0003,-0.0022
66.0003,0.0157,-0.0178,0.1566,-0.0194,-0.0181,-0.0036,0.1088,-0.0942,88.1131,0.0003,-0.0003,-0.0022
66.1001,0.0157,-0.0178,0.1566,-0.0194,-0.0181,-0.0036,0.1088,-0.0942,88.1131,0.0003,-0.0003,-0.0021
66.2003,0.0155,-0.0175,0.1583,-0.0197,-0.0180,-0.0029,0.1080,-0.0937,88.1124,0.0003,-0.0003,-0.0021
66.3002,0.0155,-0.0175,0.1583,-0.0197,-0.0180,-0.0029,0.1080,-0.0937,88.1124,0.0003,-0.0003,-0.0021
66.4003,0.0155,-0.0175,0.1583,-0.0197,-0.0180,-0.0029,0.1080,-0.0937,88.1124,0.0003,-0.0003,-0.0021
66.5002,0.0155,-0.0175,0.1583,-0.0197,-0.0180,-0.0029,0.1080,-0.0937,88.1124,0.0003,-0.0003,-0.0021
66.6003,0.0155,-0.0175,0.1583,-0.0197,-0.0180,-0.0029,0.1080,-0.0937,88.1124,0.0003,-0.0003,-0.0021
66.7002,0.0157,-0.0178,0.1599,-0.0190,-0.0183,-0.0031,0.1077,-0.0930,88.1113,0.0003,-0.0002,-0.0022
66.8002,0.0157,-0.0178,0.1599,-0.0190,-0.0183,-0.0031,0.1077,-0.0930,88.1113,0.0003,-0.0002,-0.0022
66.9002,0.0157,-0.0178,0.1599,-0.0190,-0.0183,-0.0031,0.1077,-0.0930,88.1113,0.0003,-0.0002,-0.0022
67.0002,0.0157,-0.0178,0.1599,-0.0190,-0.0183,-0.0031,0.1077,-0.0930,88.1113,0.0003,-0.0002,-0.0022
67.1002,0.0157,-0.0178,0.1599,-0.0190,-0.0183,-0.0031,0.1077,-0.0930,88.1113,0.0003,-0.0002,-0.0022
67.2003,0.0155,-0.0175,0.1596,-0.0192,-0.0181,-0.0029,0.1071,-0.0924,88.1103,0.0003,-0.0003,-0.0022
67.3003,0.0155,-0.0175,0.1596,-0.0192,-0.0181,-0.0029,0.1071,-0.0924,88.1103,0.0003,-0.0003,-0.0022
67.4002,0.0155,-0.0175,0.1596,-0.0192,-0.0181,-0.0029,0.1071,-0.0924,88.1103,0.0003,-0.0003,-0.0022
67.5002,0.0155,-0.0175,0.1596,-0.0192,-0.0181,-0.0029,0.1071,-0.0924,88.1103,0.0003,-0.0003,-0.0022
67.6002,0.0155,-0.0175,0.1596,-0.0192,-0.0181,-0.0029,0.1071,-0.0924,88.1103,0.0003,-0.0003,-0.0022
67.7003,0.0157,-0.0178,0.1584,-0.0199,-0.0183,-0.0029,0.1071,-0.0921,88.1090,0.0004,-0.0003,-0.0022
67.8002,0.0157,-0.0178,0.1584,-0.0199,-0.0183,-0.0029,0.1071,-0.0921,88.1090,0.0004,-0.0003,-0.0022
67.9002,0.0157,-0.0178,0.1584,-0.0199,-0.0183,-0.0029,0.1071,-0.0921,88.1090,0.0004,-0.0003,-0.0022
68.0002,0.0157,-0.0178,0.1584,-0.0199,-0.0183,-0.0029,0.1071,-0.0921,88.1090,0.0004,-0.0003,-0.0022
68.1002,0.0157,-0.0178,0.1584,-0.0199,-0.0183,-0.0029,0.1071,-0.0921,88.1090,0.0004,-0.0003,-0.0022
68.2002,0.0155,-0.0175,0.1586,-0.0189,-0.0181,-0.0034,0.1066,-0.0918,88.1079,0.0003,-0.0003,-0.0022
68.3003,0.0155,-0.0175,0.1586,-0.0189,-0.0181,-0.0034,0.1066,-0.0918,88.1079,0.0003,-0.0003,-0.0022
68.4003,0.0155,-0.0175,0.1586,-0.0189,-0.0181,-0.0034,0.1066,-0.0918,88.1079,0.0003,-0.0003,-0.0022
68.5003,0.0155,-0.0175,0.1586,-0.0189,-0.0181,-0.0034,0.1066,-0.0918,88.1079,0.0003,-0.0003,-0.0022
68.6002,0.0155,-0.0175,0.1586,-0.0189,-0.0181,-0.0034,0.1066,-0.0918,88.1079,0.0003,-0.0003,-0.0022
68.7001,0.0157,-0.0178,0.1598,-0.0194,-0.0183,-0.0029,0.1064,-0.0916,88.1069,0.0003,-0.0003,-0.0022
68.8002,0.0157,-0.0178,0.1598,-0.0194,-0.0183,-0.0029,0.1064,-0.0916,88.1069,0.0003,-0.0003,-0.0022
68.9003,0.0157,-0.0178,0.1598,-0.0194,-0.0183,-0.0029,0.1064,-0.0916,88.1069,0.0003,-0.0003,-0.0022
69.0003,0.0157,-0.0178,0.1598,-0.0194,-0.0183,-0.0029,0.1064,-0.0916,88.1069,0.0003,-0.0003,-0.0022
69.1002,0.0157,-0.0178,0.1598,-0.0194,-0.0183,-0.0029,0.1064,-0.0916,88.1069,0.0003,-0.0003,-0.0022
69.2002,0.0157,-0.0178,0.1598,-0.0194,-0.0183,-0.0029,0.1064,-0.0916,88.1069,0.0003,-0.0003,-0.0022
69.3003,0.0155,-0.0175,0.1603,-0.0196,-0.0182,-0.0025,0.1061,-0.0911,88.1059,0.0004,-0.0003,-0.0022
69.4003,0.0155,-0.0175,0.1603,-0.0196,-0.0182,-0.0025,0.1061,-0.0911,88.1059,0.0004,-0.0003,-0.0022
69.5003,0.0155,-0.0175,0.1603,-0.0196,-0.0182,-0.0025,0.1061,-0.0911,88.1059,0.0004,-0.0003,-0.0022
69.6002,0.0155,-0.0175,0.1603,-0.0196,-0.0182,-0.0025,0.1061,-0.0911,88.1059,0.0004,-0.0003,-0.0022
69.7003,0.0155,-0.0175,0.1603,-0.0196,-0.0182,-0.0025,0.1061,-0.0911,88.1059,0.0004,-0.0003,-0.0022
69.8002,0.0157,-0.0178,0.1605,-0.0189,-0.0184,-0.0031,0.1058,-0.0908,88.1048,0.0003,-0.0003,-0.0022
69.9003,0.0157,-0.0178,0.1605,-0.0189,-0.0184,-0.0031,0.1058,-0.0908,88.1048,0.0003,-0.0003,-0.0022
70.0002,0.0157,-0.0178,0.1605,-0.0189,-0.0184,-0.0031,0.1058,-0.0908,88.1048,0.0003,-0.0003,-0.0022
70.1002,0.0157,-0.0178,0.1605,-0.0189,-0.0184,-0.0031,0.1058,-0.0908,88.1048,0.0003,-0.0003,-0.0022
70.2002,0.0157,-0.0178,0.1605,-0.0189,-0.0184,-0.0031,0.1058,-0.0908,88.1048,0.0003,-0.0003,-0.0022
70.3002,0.0155,-0.0175,0.1606,-0.0192,-0.0183,-0.0027,0.1052,-0.0904,88.1035,0.0003,-0.0003,-0.0022
70.4002,0.0155,-0.0175,0.1606,-0.0192,-0.0183,-0.0027,0.1052,-0.0904,88.1035,0.0003,-0.0003,-0.0022
70.5002,0.0155,-0.0175,0.1606,-0.0192,-0.0183,-0.0027,0.1052,-0.0904,88.1035,0.0003,-0.0003,-0.0022
70.6002,0.0155,-0.0175,0.1606,-0.0192,-0.0183,-0.0027,0.1052,-0.0904,88.1035,0.0003,-0.0003,-0.0022
70.7002,0.0155,-0.0175,0.1606,-0.0192,-0.0183,-0.0027,0.1052,-0.0904,88.1035,0.0003,-0.0003,-0.0022
70.8003,0.0158,-0.0178,0.1612,-0.0198,-0.0185,-0.0024,0.1054,-0.0902,88.1025,0.0004,-0.0003,-0.0021
70.9002,0.0158,-0.0178,0.1612,-0.0198,-0.0185,-0.0024,0.1054,-0.0902,88.1025,0.0004,-0.0003,-0.0021
71.0002,0.0158,-0.0178,0.1612,-0.0198,-0.0185,-0.0024,0.1054,-0.0902,88.1025,0.0004,-0.0003,-0.0021
71.1002,0.0158,-0.0178,0.1612,-0.0198,-0.0185,-0.0024,0.1054,-0.0902,88.1025,0.0004,-0.0003,-0.0021
71.2003,0.0158,-0.0178,0.1612,-0.0198,-0.0185,-0.0024,0.1054,-0.0902,88.1025,0.0004,-0.0003,-0.0021
71.3003,0.0158,-0.0178,0.1612,-0.0198,-0.0185,-0.0024,0.1054,-0.0902,88.1025,0.0004,-0.0003,-0.0021
71.4003,0.0156,-0.0175,0.1619,-0.0187,-0.0183,-0.0028,0.1052,-0.0896,88.1017,0.0004,-0.0003,-0.0021
71.5002,0.0156,-0.0175,0.1619,-0.0187,-0.0183,-0.0028,0.1052,-0.0896,88.1017,0.0004,-0.0003,-0.0021
71.6002,0.0156,-0.0175,0.1619,-0.0187,-0.0183,-0.0028,0.1052,-0.0896,88.1017,0.0004,-0.0003,-0.0021
71.7002,0.0156,-0.0175,0.1619,-0.0187,-0.0183,-0.0028,0.1052,-0.0896,88.1017,0.0004,-0.0003,-0.0021
71.8003,0.0156,-0.0175,0.1619,-0.0187,-0.0183,-0.0028,0.1052,-0.0896,88.1017,0.0004,-0.0003,-0.0021
71.9003,0.0158,-0.0178,0.1604,-0.0193,-0.0185,-0.0029,0.1052,-0.0894,88.1005,0.0004,-0.0003,-0.0021
72.0002,0.0158,-0.0178,0.1604,-0.0193,-0.0185,-0.0029,0.1052,-0.0894,88.1005,0.0004,-0.0003,-0.0021
72.1003,0.0158,-0.0178,0.1604,-0.0193,-0.0185,-0.0029,0.1052,-0.0894,88.1005,0.0004,-0.0003,-0.0021
72.2003,0.0158,-0.0178,0.1604,-0.0193,-0.0185,-0.0029,0.1052,-0.0894,88.1005,0.0004,-0.0003,-0.0021
72.3002,0.0158,-0.0178,0.1604,-0.0193,-0.0185,-0.0029,0.1052,-0.0894,88.1005,0.0004,-0.0003,-0.0021
72.4002,0.0156,-0.0175,0.1589,-0.0196,-0.0184,-0.0029,0.1052,-0.0888,88.0994,0.0004,-0.0003,-0.0021
72.5002,0.0156,-0.0175,0.1589,-0.0196,-0.0184,-0.0029,0.1052,-0.0888,88.0994,0.0004,-0.0003,-0.0021
72.6002,0.0156,-0.0175,0.1589,-0.0196,-0.0184,-0.0029,0.1052,-0.0888,88.0994,0.0004,-0.0003,-0.0021
72.7003,0.0156,-0.0175,0.1589,-0.0196,-0.0184,-0.0029,0.1052,-0.0888,88.0994,0.0004,-0.0003,-0.0021
72.8002,0.0156,-0.0175,0.1589,-0.0196,-0.0184,-0.0029,0.1052,-0.0888,88.0994,0.0004,-0.0003,-0.0021
72.9002,0.0158,-0.0177,0.1578,-0.0188,-0.0187,-0.0037,0.1047,-0.0890,88.0978,0.0003,-0.0003,-0.0022
73.0002,0.0158,-0.0177,0.1578,-0.0188,-0.0187,-0.0037,0.1047,-0.0890,88.0978,0.0003,-0.0003,-0.0022
73.1003,0.0158,-0.0177,0.1578,-0.0188,-0.0187,-0.0037,0.1047,-0.0890,88.0978,0.0003,-0.0003,-0.0022
73.2002,0.0158,-0.0177,0.1578,-0.0188,-0.0187,-0.0037,0.1047,-0.0890,88.0978,0.0003,-0.0003,-0.0022
73.3002,0.0158,-0.0177,0.1578,-0.0188,-0.0187,-0.0037,0.1047,-0.0890,88.0978,0.0003,-0.0003,-0.0022
73.4002,0.0156,-0.0175,0.1570,-0.0191,-0.0185,-0.0036,0.1045,-0.0888,88.0968,0.0003,-0.0003,-0.0021
73.5002,0.0156,-0.0175,0.1570,-0.0191,-0.0185,-0.0036,0.1045,-0.0888,88.0968,0.0003,-0.0003,-0.0021
73.6002,0.0156,-0.0175,0.1570,-0.0191,-0.0185,-0.0036,0.1045,-0.0888,88.0968,0.0003,-0.0003,-0.0021
73.7003,0.0156,-0.0175,0.1570,-0.0191,-0.0185,-0.0036,0.1045,-0.0888,88.0968,0.0003,-0.0003,-0.0021
73.8002,0.0156,-0.0175,0.1570,-0.0191,-0.0185,-0.0036,0.1045,-0.0888,88.0968,0.0003,-0.0003,-0.0021
73.9002,0.0159,-0.0177,0.1583,-0.0196,-0.0187,-0.0030,0.1044,-0.0884,88.0956,0.0004,-0.0003,-0.0021
74.0002,0.0159,-0.0177,0.1583,-0.0196,-0.0187,-0.0030,0.1044,-0.0884,88.0956,0.0004,-0.0003,-0.0021
74.1002,0.0159,-0.0177,0.1583,-0.0196,-0.0187,-0.0030,0.1044,-0.0884,88.0956,0.0004,-0.0003,-0.0021
74.2003,0.0159,-0.0177,0.1583,-0.0196,-0.0187,-0.0030,0.1044,-0.0884,88.0956,0.0004,-0.0003,-0.0021
74.3003,0.0159,-0.0177,0.1583,-0.0196,-0.0187,-0.0030,0.1044,-0.0884,88.0956,0.0004,-0.0003,-0.0021
74.4002,0.0159,-0.0177,0.1583,-0.0196,-0.0187,-0.0030,0.1044,-0.0884,88.0956,0.0004,-0.0003,-0.0021
74.5003,0.0157,-0.0175,0.1604,-0.0185,-0.0186,-0.0032,0.1044,-0.0878,88.0938,0.0004,-0.0003,-0.0022
74.6002,0.0157,-0.0175,0.1604,-0.0185,-0.0186,-0.0032,0.1044,-0.0878,88.0938,0.0004,-0.0003,-0.0022
74.7002,0.0157,-0.0175,0.1604,-0.0185,-0.0186,-0.0032,0.1044,-0.0878,88.0938,0.0004,-0.0003,-0.0022
74.8002,0.0157,-0.0175,0.1604,-0.0185,-0.0186,-0.0032,0.1044,-0.0878,88.0938,0.0004,-0.0003,-0.0022
74.9003,0.0157,-0.0175,0.1604,-0.0185,-0.0186,-0.0032,0.1044,-0.0878,88.0938,0.0004,-0.0003,-0.0022
75.0002,0.0160,-0.0177,0.1623,-0.0191,-0.0187,-0.0025,0.1041,-0.0873,88.0925,0.0003,-0.0002,-0.0022
75.1003,0.0160,-0.0177,0.1623,-0.0191,-0.0187,-0.0025,0.1041,-0.0873,88.0925,0.0003,-0.0002,-0.0022
75.2002,0.0160,-0.0177,0.1623,-0.0191,-0.0187,-0.0025,0.1041,-0.0873,88.0925,0.0003,-0.0002,-0.0022
75.3002,0.0160,-0.0177,0.1623,-0.0191,-0.0187,-0.0025,0.1041,-0.0873,88.0925,0.0003,-0.0002,-0.0022
75.4003,0.0160,-0.0177,0.1623,-0.0191,-0.0187,-0.0025,0.1041,-0.0873,88.0925,0.0003,-0.0002,-0.0022
75.5002,0.0158,-0.0174,0.1638,-0.0195,-0.0187,-0.0019,0.1034,-0.0868,88.0911,0.0003,-0.0003,-0.0021
75.6002,0.0158,-0.0174,0.1638,-0.0195,-0.0187,-0.0019,0.1034,-0.0868,88.0911,0.0003,-0.0003,-0.0021
75.7002,0.0158,-0.0174,0.1638,-0.0195,-0.0187,-0.0019,0.1034,-0.0868,88.0911,0.0003,-0.0003,-0.0021
75.8002,0.0158,-0.0174,0.1638,-0.0195,-0.0187,-0.0019,0.1034,-0.0868,88.0911,0.0003,-0.0003,-0.0021
75.9002,0.0158,-0.0174,0.1638,-0.0195,-0.0187,-0.0019,0.1034,-0.0868,88.0911,0.0003,-0.0003,-0.0021
76.0002,0.0160,-0.0177,0.1650,-0.0186,-0.0189,-0.0022,0.1028,-0.0865,88.0899,0.0003,-0.0003,-0.0021
76.1003,0.0160,-0.0177,0.1650,-0.0186,-0.0189,-0.0022,0.1028,-0.0865,88.0899,0.0003,-0.0003,-0.0021
76.2002,0.0160,-0.0177,0.1650,-0.0186,-0.0189,-0.0022,0.1028,-0.0865,88.0899,0.0003,-0.0003,-0.0021
76.3002,0.0160,-0.0177,0.1650,-0.0186,-0.0189,-0.0022,0.1028,-0.0865,88.0899,0.0003,-0.0003,-0.0021
76.4003,0.0160,-0.0177,0.1650,-0.0186,-0.0189,-0.0022,0.1028,-0.0865,88.0899,0.0003,-0.0003,-0.0021
76.5002,0.0160,-0.0177,0.1650,-0.0186,-0.0189,-0.0022,0.1028,-0.0865,88.0899,0.0003,-0.0003,-0.0021
76.6002,0.0158,-0.0174,0.1666,-0.0189,-0.0187,-0.0017,0.1025,-0.0863,88.0889,0.0003,-0.0003,-0.0021
76.7002,0.0158,-0.0174,0.1666,-0.0189,-0.0187,-0.0017,0.1025,-0.0863,88.0889,0.0003,-0.0003,-0.0021
76.8002,0.0158,-0.0174,0.1666,-0.0189,-0.0187,-0.0017,0.1025,-0.0863,88.0889,0.0003,-0.0003,-0.0021
76.9003,0.0158,-0.0174,0.1666,-0.0189,-0.0187,-0.0017,0.1025,-0.0863,88.0889,0.0003,-0.0003,-0.0021
77.0003,0.0158,-0.0174,0.1666,-0.0189,-0.0187,-0.0017,0.1025,-0.0863,88.0889,0.0003,-0.0003,-0.0021
77.1003,0.0161,-0.0176,0.1679,-0.0194,-0.0188,-0.0011,0.1024,-0.0861,88.0875,0.0004,-0.0003,-0.0021
77.2003,0.0161,-0.0176,0.1679,-0.0194,-0.0188,-0.0011,0.1024,-0.0861,88.0875,0.0004,-0.0003,-0.0021
77.3002,0.0161,-0.0176,0.1679,-0.0194,-0.0188,-0.0011,0.1024,-0.0861,88.0875,0.0004,-0.0003,-0.0021
77.4002,0.0161,-0.0176,0.1679,-0.0194,-0.0188,-0.0011,0.1024,-0.0861,88.0875,0.0004,-0.0003,-0.0021
77.5002,0.0161,-0.0176,0.1679,-0.0194,-0.0188,-0.0011,0.1024,-0.0861,88.0875,0.0004,-0.0003,-0.0021
77.6002,0.0159,-0.0174,0.1683,-0.0183,-0.0188,-0.0015,0.1020,-0.0855,88.0860,0.0003,-0.0002,-0.0022
77.7002,0.0159,-0.0174,0.1683,-0.0183,-0.0188,-0.0015,0.1020,-0.0855,88.0860,0.0003,-0.0002,-0.0022
77.8003,0.0159,-0.0174,0.1683,-0.0183,-0.0188,-0.0015,0.1020,-0.0855,88.0860,0.0003,-0.0002,-0.0022
77.9002,0.0159,-0.0174,0.1683,-0.0183,-0.0188,-0.0015,0.1020,-0.0855,88.0860,0.0003,-0.0002,-0.0022
78.0002,0.0159,-0.0174,0.1683,-0.0183,-0.0188,-0.0015,0.1020,-0.0855,88.0860,0.0003,-0.0002,-0.0022
78.1003,0.0161,-0.0176,0.1698,-0.0189,-0.0190,-0.0009,0.1022,-0.0852,88.0847,0.0004,-0.0003,-0.0021
78.2003,0.0161,-0.0176,0.1698,-0.0189,-0.0190,-0.0009,0.1022,-0.0852,88.0847,0.0004,-0.0003,-0.0021
78.3002,0.0161,-0.0176,0.1698,-0.0189,-0.0190,-0.0009,0.1022,-0.0852,88.0847,0.0004,-0.0003,-0.0021
78.4002,0.0161,-0.0176,0.1698,-0.0189,-0.0190,-0.0009,0.1022,-0.0852,88.0847,0.0004,-0.0003,-0.0021
78.5002,0.0161,-0.0176,0.1698,-0.0189,-0.0190,-0.0009,0.1022,-0.0852,88.0847,0.0004,-0.0003,-0.0021
78.6002,0.0160,-0.0173,0.1721,-0.0191,-0.0190,-0.0002,0.1019,-0.0849,88.0834,0.0004,-0.0003,-0.0021
78.7002,0.0160,-0.0173,0.1721,-0.0191,-0.0190,-0.0002,0.1019,-0.0849,88.0834,0.0004,-0.0003,-0.0021
78.8002,0.0160,-0.0173,0.1721,-0.0191,-0.0190,-0.0002,0.1019,-0.0849,88.0834,0.0004,-0.0003,-0.0021
78.9002,0.0160,-0.0173,0.1721,-0.0191,-0.0190,-0.0002,0.1019,-0.0849,88.0834,0.0004,-0.0003,-0.0021
79.0002,0.0160,-0.0173,0.1721,-0.0191,-0.0190,-0.0002,0.1019,-0.0849,88.0834,0.0004,-0.0003,-0.0021
79.1002,0.0160,-0.0173,0.1721,-0.0191,-0.0190,-0.0002,0.1019,-0.0849,88.0834,0.0004,-0.0003,-0.0021
79.2003,0.0162,-0.0175,0.1730,-0.0184,-0.0191,-0.0007,0.1019,-0.0846,88.0818,0.0004,-0.0003,-0.0022
79.3003,0.0162,-0.0175,0.1730,-0.0184,-0.0191,-0.0007,0.1019,-0.0846,88.0818,0.0004,-0.0003,-0.0022
79.4003,0.0162,-0.0175,0.1730,-0.0184,-0.0191,-0.0007,0.1019,-0.0846,88.0818,0.0004,-0.0003,-0.0022
79.5002,0.0162,-0.0175,0.1730,-0.0184,-0.0191,-0.0007,0.1019,-0.0846,88.0818,0.0004,-0.0003,-0.0022
79.6003,0.0162,-0.0175,0.1730,-0.0184,-0.0191,-0.0007,0.1019,-0.0846,88.0818,0.0004,-0.0003,-0.0022
79.7003,0.0160,-0.0173,0.1713,-0.0188,-0.0190,-0.0007,0.1014,-0.0843,88.0803,0.0003,-0.0003,-0.0021
79.8003,0.0160,-0.0173,0.1713,-0.0188,-0.0190,-0.0007,0.1014,-0.0843,88.0803,0.0003,-0.0003,-0.0021
79.9002,0.0160,-0.0173,0.1713,-0.0188,-0.0190,-0.0007,0.1014,-0.0843,88.0803,0.0003,-0.0003,-0.0021
80.0002,0.0160,-0.0173,0.1713,-0.0188,-0.0190,-0.0007,0.1014,-0.0843,88.0803,0.0003,-0.0003,-0.0021
80.1002,0.0160,-0.0173,0.1713,-0.0188,-0.0190,-0.0007,0.1014,-0.0843,88.0803,0.0003,-0.0003,-0.0021
80.2002,0.0163,-0.0175,0.1689,-0.0194,-0.0192,-0.0010,0.1012,-0.0842,88.0787,0.0003,-0.0003,-0.0021
80.3003,0.0163,-0.0175,0.1689,-0.0194,-0.0192,-0.0010,0.1012,-0.0842,88.0787,0.0003,-0.0003,-0.0021
80.4002,0.0163,-0.0175,0.1689,-0.0194,-0.0192,-0.0010,0.1012,-0.0842,88.0787,0.0003,-0.0003,-0.0021
80.5002,0.0163,-0.0175,0.1689,-0.0194,-0.0192,-0.0010,0.1012,-0.0842,88.0787,0.0003,-0.0003,-0.0021
80.6002,0.0163,-0.0175,0.1689,-0.0194,-0.0192,-0.0010,0.1012,-0.0842,88.0787,0.0003,-0.0003,-0.0021
80.7002,0.0161,-0.0173,0.1679,-0.0185,-0.0191,-0.0016,0.1011,-0.0840,88.0773,0.0004,-0.0003,-0.0021
80.8003,0.0161,-0.0173,0.1679,-0.0185,-0.0191,-0.0016,0.1011,-0.0840,88.0773,0.0004,-0.0003,-0.0021
80.9002,0.0161,-0.0173,0.1679,-0.0185,-0.0191,-0.0016,0.1011,-0.0840,88.0773,0.0004,-0.0003,-0.0021
81.0002,0.0161,-0.0173,0.1679,-0.0185,-0.0191,-0.0016,0.1011,-0.0840,88.0773,0.0004,-0.0003,-0.0021
81.1002,0.0161,-0.0173,0.1679,-0.0185,-0.0191,-0.0016,0.1011,-0.0840,88.0773,0.0004,-0.0003,-0.0021
81.2002,0.0161,-0.0173,0.1679,-0.0185,-0.0191,-0.0016,0.1011,-0.0840,88.0773,0.0004,-0.0003,-0.0021
81.3003,0.0164,-0.0175,0.1674,-0.0190,-0.0192,-0.0015,0.1007,-0.0834,88.0758,0.0003,-0.0002,-0.0021
81.4003,0.0164,-0.0175,0.1674,-0.0190,-0.0192,-0.0015,0.1007,-0.0834,88.0758,0.0003,-0.0002,-0.0021
81.5003,0.0164,-0.0175,0.1674,-0.0190,-0.0192,-0.0015,0.1007,-0.0834,88.0758,0.0003,-0.0002,-0.0021
81.6002,0.0164,-0.0175,0.1674,-0.0190,-0.0192,-0.0015,0.1007,-0.0834,88.0758,0.0003,-0.0002,-0.0021
81.7003,0.0164,-0.0175,0.1674,-0.0190,-0.0192,-0.0015,0.1007,-0.0834,88.0758,0.0003,-0.0002,-0.0021
81.8003,0.0162,-0.0173,0.1668,-0.0193,-0.0192,-0.0014,0.0999,-0.0829,88.0742,0.0003,-0.0002,-0.0021
81.9003,0.0162,-0.0173,0.1668,-0.0193,-0.0192,-0.0014,0.0999,-0.0829,88.0742,0.0003,-0.0002,-0.0021
82.0003,0.0162,-0.0173,0.1668,-0.0193,-0.0192,-0.0014,0.0999,-0.0829,88.0742,0.0003,-0.0002,-0.0021
82.1002,0.0162,-0.0173,0.1668,-0.0193,-0.0192,-0.0014,0.0999,-0.0829,88.0742,0.0003,-0.0002,-0.0021
82.2003,0.0162,-0.0173,0.1668,-0.0193,-0.0192,-0.0014,0.0999,-0.0829,88.0742,0.0003,-0.0002,-0.0021
82.3003,0.0164,-0.0175,0.1657,-0.0187,-0.0194,-0.0022,0.0996,-0.0824,88.0726,0.0003,-0.0002,-0.0021
82.4003,0.0164,-0.0175,0.1657,-0.0187,-0.0194,-0.0022,0.0996,-0.0824,88.0726,0.0003,-0.0002,-0.0021
82.5003,0.0164,-0.0175,0.1657,-0.0187,-0.0194,-0.0022,0.0996,-0.0824,88.0726,0.0003,-0.0002,-0.0021
82.6003,0.0164,-0.0175,0.1657,-0.0187,-0.0194,-0.0022,0.0996,-0.0824,88.0726,0.0003,-0.0002,-0.0021
82.7003,0.0164,-0.0175,0.1657,-0.0187,-0.0194,-0.0022,0.0996,-0.0824,88.0726,0.0003,-0.0002,-0.0021
82.8002,0.0162,-0.0173,0.1644,-0.0191,-0.0192,-0.0021,0.0993,-0.0822,88.0711,0.0003,-0.0003,-0.0021
82.9003,0.0162,-0.0173,0.1644,-0.0191,-0.0192,-0.0021,0.0993,-0.0822,88.0711,0.0003,-0.0003,-0.0021
83.0002,0.0162,-0.0173,0.1644,-0.0191,-0.0192,-0.0021,0.0993,-0.0822,88.0711,0.0003,-0.0003,-0.0021
83.1002,0.0162,-0.0173,0.1644,-0.0191,-0.0192,-0.0021,0.0993,-0.0822,88.0711,0.0003,-0.0003,-0.0021
83.2003,0.0162,-0.0173,0.1644,-0.0191,-0.0192,-0.0021,0.0993,-0.0822,88.0711,0.0003,-0.0003,-0.0021
83.3003,0.0162,-0.0173,0.1644,-0.0191,-0.0192,-0.0021,0.0993,-0.0822,88.0711,0.0003,-0.0003,-0.0021
83.4002,0.0165,-0.0176,0.1648,-0.0197,-0.0194,-0.0018,0.0990,-0.0822,88.0697,0.0004,-0.0003,-0.0021
83.5002,0.0165,-0.0176,0.1648,-0.0197,-0.0194,-0.0018,0.0990,-0.0822,88.0697,0.0004,-0.0003,-0.0021
83.6002,0.0165,-0.0176,0.1648,-0.0197,-0.0194,-0.0018,0.0990,-0.0822,88.0697,0.0004,-0.0003,-0.0021
83.7002,0.0165,-0.0176,0.1648,-0.0197,-0.0194,-0.0018,0.0990,-0.0822,88.0697,0.0004,-0.0003,-0.0021
83.8002,0.0165,-0.0176,0.1648,-0.0197,-0.0194,-0.0018,0.0990,-0.0822,88.0697,0.0004,-0.0003,-0.0021
83.9002,0.0163,-0.0174,0.1651,-0.0186,-0.0191,-0.0022,0.0988,-0.0816,88.0683,0.0003,-0.0002,-0.0021
84.0003,0.0163,-0.0174,0.1651,-0.0186,-0.0191,-0.0022,0.0988,-0.0816,88.0683,0.0003,-0.0002,-0.0021
84.1002,0.0163,-0.0174,0.1651,-0.0186,-0.0191,-0.0022,0.0988,-0.0816,88.0683,0.0003,-0.0002,-0.0021
84.2002,0.0163,-0.0174,0.1651,-0.0186,-0.0191,-0.0022,0.0988,-0.0816,88.0683,0.0003,-0.0002,-0.0021
84.3002,0.0163,-0.0174,0.1651,-0.0186,-0.0191,-0.0022,0.0988,-0.0816,88.0683,0.0003,-0.0002,-0.0021
84.4002,0.0165,-0.0176,0.1641,-0.0192,-0.0190,-0.0022,0.0986,-0.0815,88.0669,0.0004,-0.0003,-0.0021
84.5003,0.0165,-0.0176,0.1641,-0.0192,-0.0190,-0.0022,0.0986,-0.0815,88.0669,0.0004,-0.0003,-0.0021
84.6002,0.0165,-0.0176,0.1641,-0.0192,-0.0190,-0.0022,0.0986,-0.0815,88.0669,0.0004,-0.0003,-0.0021
84.7003,0.0165,-0.0176,0.1641,-0.0192,-0.0190,-0.0022,0.0986,-0.0815,88.0669,0.0004,-0.0003,-0.0021
84.8004,0.0165,-0.0176,0.1641,-0.0192,-0.0190,-0.0022,0.0986,-0.0815,88.0669,0.0004,-0.0003,-0.0021
84.9004,0.0165,-0.0176,0.1641,-0.0192,-0.0190,-0.0022,0.0986,-0.0815,88.0669,0.0004,-0.0003,-0.0021
85.0003,0.0163,-0.0174,0.1629,-0.0195,-0.0188,-0.0022,0.0977,-0.0813,88.0654,0.0002,-0.0003,-0.0021
85.1002,0.0163,-0.0174,0.1629,-0.0195,-0.0188,-0.0022,0.0977,-0.0813,88.0654,0.0002,-0.0003,-0.0021
85.2003,0.0163,-0.0174,0.1629,-0.0195,-0.0188,-0.0022,0.0977,-0.0813,88.0654,0.0002,-0.0003,-0.0021
85.3003,0.0163,-0.0174,0.1629,-0.0195,-0.0188,-0.0022,0.0977,-0.0813,88.0654,0.0002,-0.0003,-0.0021
85.4002,0.0163,-0.0174,0.1629,-0.0195,-0.0188,-0.0022,0.0977,-0.0813,88.0654,0.0002,-0.0003,-0.0021
85.5002,0.0165,-0.0176,0.1607,-0.0188,-0.0190,-0.0032,0.0974,-0.0811,88.0641,0.0003,-0.0003,-0.0021
85.6002,0.0165,-0.0176,0.1607,-0.0188,-0.0190,-0.0032,0.0974,-0.0811,88.0641,0.0003,-0.0003,-0.0021
85.7003,0.0165,-0.0176,0.1607,-0.0188,-0.0190,-0.0032,0.0974,-0.0811,88.0641,0.0003,-0.0003,-0.0021
85.8002,0.0165,-0.0176,0.1607,-0.0188,-0.0190,-0.0032,0.0974,-0.0811,88.0641,0.0003,-0.0003,-0.0021
85.9002,0.0165,-0.0176,0.1607,-0.0188,-0.0190,-0.0032,0.0974,-0.0811,88.0641,0.0003,-0.0003,-0.0021
86.0004,0.0162,-0.0174,0.1592,-0.0191,-0.0188,-0.0031,0.0972,-0.0808,88.0625,0.0003,-0.0003,-0.0021
86.1004,0.0162,-0.0174,0.1592,-0.0191,-0.0188,-0.0031,0.0972,-0.0808,88.0625,0.0003,-0.0003,-0.0021
86.2003,0.0162,-0.0174,0.1592,-0.0191,-0.0188,-0.0031,0.0972,-0.0808,88.0625,0.0003,-0.0003,-0.0021
86.3003,0.0162,-0.0174,0.1592,-0.0191,-0.0188,-0.0031,0.0972,-0.0808,88.0625,0.0003,-0.0003,-0.0021
86.4003,0.0162,-0.0174,0.1592,-0.0191,-0.0188,-0.0031,0.0972,-0.0808,88.0625,0.0003,-0.0003,-0.0021
86.5003,0.0165,-0.0177,0.1594,-0.0196,-0.0190,-0.0027,0.0971,-0.0808,88.0612,0.0004,-0.0003,-0.0020
86.6003,0.0165,-0.0177,0.1594,-0.0196,-0.0190,-0.0027,0.0971,-0.0808,88.0612,0.0004,-0.0003,-0.0020
86.7003,0.0165,-0.0177,0.1594,-0.0196,-0.0190,-0.0027,0.0971,-0.0808,88.0612,0.0004,-0.0003,-0.0020
86.8003,0.0165,-0.0177,0.1594,-0.0196,-0.0190,-0.0027,0.0971,-0.0808,88.0612,0.0004,-0.0003,-0.0020
86.9002,0.0165,-0.0177,0.1594,-0.0196,-0.0190,-0.0027,0.0971,-0.0808,88.0612,0.0004,-0.0003,-0.0020
87.0002,0.0162,-0.0174,0.1604,-0.0186,-0.0188,-0.0031,0.0968,-0.0807,88.0595,0.0004,-0.0003,-0.0021
87.1003,0.0162,-0.0174,0.1604,-0.0186,-0.0188,-0.0031,0.0968,-0.0807,88.0595,0.0004,-0.0003,-0.0021
87.2003,0.0162,-0.0174,0.1604,-0.0186,-0.0188,-0.0031,0.0968,-0.0807,88.0595,0.0004,-0.0003,-0.0021
87.3003,0.0162,-0.0174,0.1604,-0.0186,-0.0188,-0.0031,0.0968,-0.0807,88.0595,0.0004,-0.0003,-0.0021
87.4003,0.0162,-0.0174,0.1604,-0.0186,-0.0188,-0.0031,0.0968,-0.0807,88.0595,0.0004,-0.0003,-0.0021
87.5004,0.0162,-0.0174,0.1604,-0.0186,-0.0188,-0.0031,0.0968,-0.0807,88.0595,0.0004,-0.0003,-0.0021
87.6002,0.0164,-0.0177,0.1626,-0.0193,-0.0189,-0.0021,0.0963,-0.0805,88.0580,0.0003,-0.0003,-0.0020
87.7002,0.0164,-0.0177,0.1626,-0.0193,-0.0189,-0.0021,0.0963,-0.0805,88.0580,0.0003,-0.0003,-0.0020
87.8004,0.0164,-0.0177,0.1626,-0.0193,-0.0189,-0.0021,0.0963,-0.0805,88.0580,0.0003,-0.0003,-0.0020
87.9002,0.0164,-0.0177,0.1626,-0.0193,-0.0189,-0.0021,0.0963,-0.0805,88.0580,0.0003,-0.0003,-0.0020
88.0002,0.0164,-0.0177,0.1626,-0.0193,-0.0189,-0.0021,0.0963,-0.0805,88.0580,0.0003,-0.0003,-0.0020
88.1002,0.0162,-0.0175,0.1646,-0.0195,-0.0188,-0.0015,0.0959,-0.0804,88.0565,0.0003,-0.0003,-0.0020
88.2003,0.0162,-0.0175,0.1646,-0.0195,-0.0188,-0.0015,0.0959,-0.0804,88.0565,0.0003,-0.0003,-0.0020
88.3003,0.0162,-0.0175,0.1646,-0.0195,-0.0188,-0.0015,0.0959,-0.0804,88.0565,0.0003,-0.0003,-0.0020
88.4002,0.0162,-0.0175,0.1646,-0.0195,-0.0188,-0.0015,0.0959,-0.0804,88.0565,0.0003,-0.0003,-0.0020
88.5002,0.0162,-0.0175,0.1646,-0.0195,-0.0188,-0.0015,0.0959,-0.0804,88.0565,0.0003,-0.0003,-0.0020
88.6003,0.0164,-0.0177,0.1647,-0.0187,-0.0190,-0.0020,0.0958,-0.0802,88.0550,0.0004,-0.0003,-0.0020
88.7002,0.0164,-0.0177,0.1647,-0.0187,-0.0190,-0.0020,0.0958,-0.0802,88.0550,0.0004,-0.0003,-0.0020
88.8002,0.0164,-0.0177,0.1647,-0.0187,-0.0190,-0.0020,0.0958,-0.0802,88.0550,0.0004,-0.0003,-0.0020
88.9003,0.0164,-0.0177,0.1647,-0.0187,-0.0190,-0.0020,0.0958,-0.0802,88.0550,0.0004,-0.0003,-0.0020
89.0002,0.0164,-0.0177,0.1647,-0.0187,-0.0190,-0.0020,0.0958,-0.0802,88.0550,0.0004,-0.0003,-0.0020
89.1002,0.0162,-0.0175,0.1637,-0.0190,-0.0188,-0.0019,0.0955,-0.0798,88.0533,0.0004,-0.0003,-0.0021
89.2002,0.0162,-0.0175,0.1637,-0.0190,-0.0188,-0.0019,0.0955,-0.0798,88.0533,0.0004,-0.0003,-0.0021
89.3003,0.0162,-0.0175,0.1637,-0.0190,-0.0188,-0.0019,0.0955,-0.0798,88.0533,0.0004,-0.0003,-0.0021
89.4002,0.0162,-0.0175,0.1637,-0.0190,-0.0188,-0.0019,0.0955,-0.0798,88.0533,0.0004,-0.0003,-0.0021
89.5002,0.0162,-0.0175,0.1637,-0.0190,-0.0188,-0.0019,0.0955,-0.0798,88.0533,0.0004,-0.0003,-0.0021
89.6001,0.0164,-0.0177,0.1622,-0.0196,-0.0190,-0.0019,0.0955,-0.0797,88.0515,0.0004,-0.0003,-0.0021
89.7003,0.0164,-0.0177,0.1622,-0.0196,-0.0190,-0.0019,0.0955,-0.0797,88.0515,0.0004,-0.0003,-0.0021
89.8002,0.0164,-0.0177,0.1622,-0.0196,-0.0190,-0.0019,0.0955,-0.0797,88.0515,0.0004,-0.0003,-0.0021
89.9002,0.0164,-0.0177,0.1622,-0.0196,-0.0190,-0.0019,0.0955,-0.0797,88.0515,0.0004,-0.0003,-0.0021
90.0002,0.0164,-0.0177,0.1622,-0.0196,-0.0190,-0.0019,0.0955,-0.0797,88.0515,0.0004,-0.0003,-0.0021
90.1003,0.0164,-0.0177,0.1622,-0.0196,-0.0190,-0.0019,0.0955,-0.0797,88.0515,0.0004,-0.0003,-0.0021
90.2002,0.0162,-0.0175,0.1602,-0.0186,-0.0188,-0.0028,0.0951,-0.0793,88.0500,0.0003,-0.0003,-0.0020
90.3003,0.0162,-0.0175,0.1602,-0.0186,-0.0188,-0.0028,0.0951,-0.0793,88.0500,0.0003,-0.0003,-0.0020
90.4002,0.0162,-0.0175,0.1602,-0.0186,-0.0188,-0.0028,0.0951,-0.0793,88.0500,0.0003,-0.0003,-0.0020
90.5002,0.0162,-0.0175,0.1602,-0.0186,-0.0188,-0.0028,0.0951,-0.0793,88.0500,0.0003,-0.0003,-0.0020
90.6002,0.0162,-0.0175,0.1602,-0.0186,-0.0188,-0.0028,0.0951,-0.0793,88.0500,0.0003,-0.0003,-0.0020
90.7003,0.0164,-0.0177,0.1581,-0.0192,-0.0188,-0.0029,0.0948,-0.0791,88.0482,0.0003,-0.0003,-0.0021
90.8002,0.0164,-0.0177,0.1581,-0.0192,-0.0188,-0.0029,0.0948,-0.0791,88.0482,0.0003,-0.0003,-0.0021
90.9002,0.0164,-0.0177,0.1581,-0.0192,-0.0188,-0.0029,0.0948,-0.0791,88.0482,0.0003,-0.0003,-0.0021
91.0002,0.0164,-0.0177,0.1581,-0.0192,-0.0188,-0.0029,0.0948,-0.0791,88.0482,0.0003,-0.0003,-0.0021
91.1003,0.0164,-0.0177,0.1581,-0.0192,-0.0188,-0.0029,0.0948,-0.0791,88.0482,0.0003,-0.0003,-0.0021
91.2002,0.0162,-0.0175,0.1568,-0.0195,-0.0187,-0.0028,0.0945,-0.0787,88.0466,0.0003,-0.0003,-0.0020
91.3002,0.0162,-0.0175,0.1568,-0.0195,-0.0187,-0.0028,0.0945,-0.0787,88.0466,0.0003,-0.0003,-0.0020
91.4003,0.0162,-0.0175,0.1568,-0.0195,-0.0187,-0.0028,0.0945,-0.0787,88.0466,0.0003,-0.0003,-0.0020
91.5002,0.0162,-0.0175,0.1568,-0.0195,-0.0187,-0.0028,0.0945,-0.0787,88.0466,0.0003,-0.0003,-0.0020
91.6002,0.0162,-0.0175,0.1568,-0.0195,-0.0187,-0.0028,0.0945,-0.0787,88.0466,0.0003,-0.0003,-0.0020
91.7003,0.0164,-0.0177,0.1561,-0.0187,-0.0188,-0.0035,0.0945,-0.0784,88.0448,0.0004,-0.0003,-0.0021
91.8002,0.0164,-0.0177,0.1561,-0.0187,-0.0188,-0.0035,0.0945,-0.0784,88.0448,0.0004,-0.0003,-0.0021
91.9002,0.0164,-0.0177,0.1561,-0.0187,-0.0188,-0.0035,0.0945,-0.0784,88.0448,0.0004,-0.0003,-0.0021
92.0003,0.0164,-0.0177,0.1561,-0.0187,-0.0188,-0.0035,0.0945,-0.0784,88.0448,0.0004,-0.0003,-0.0021
92.1003,0.0164,-0.0177,0.1561,-0.0187,-0.0188,-0.0035,0.0945,-0.0784,88.0448,0.0004,-0.0003,-0.0021
92.2002,0.0161,-0.0175,0.1564,-0.0190,-0.0186,-0.0030,0.0943,-0.0784,88.0432,0.0004,-0.0003,-0.0020
92.3003,0.0161,-0.0175,0.1564,-0.0190,-0.0186,-0.0030,0.0943,-0.0784,88.0432,0.0004,-0.0003,-0.0020
92.4002,0.0161,-0.0175,0.1564,-0.0190,-0.0186,-0.0030,0.0943,-0.0784,88.0432,0.0004,-0.0003,-0.0020
92.5002,0.0161,-0.0175,0.1564,-0.0190,-0.0186,-0.0030,0.0943,-0.0784,88.0432,0.0004,-0.0003,-0.0020
92.6002,0.0161,-0.0175,0.1564,-0.0190,-0.0186,-0.0030,0.0943,-0.0784,88.0432,0.0004,-0.0003,-0.0020
92.7003,0.0161,-0.0175,0.1564,-0.0190,-0.0186,-0.0030,0.0943,-0.0784,88.0432,0.0004,-0.0003,-0.0020
92.8002,0.0163,-0.0177,0.1581,-0.0196,-0.0186,-0.0023,0.0942,-0.0778,88.0416,0.0004,-0.0002,-0.0020
92.9002,0.0163,-0.0177,0.1581,-0.0196,-0.0186,-0.0023,0.0942,-0.0778,88.0416,0.0004,-0.0002,-0.0020
93.0002,0.0163,-0.0177,0.1581,-0.0196,-0.0186,-0.0023,0.0942,-0.0778,88.0416,0.0004,-0.0002,-0.0020
93.1003,0.0163,-0.0177,0.1581,-0.0196,-0.0186,-0.0023,0.0942,-0.0778,88.0416,0.0004,-0.0002,-0.0020
93.2002,0.0163,-0.0177,0.1581,-0.0196,-0.0186,-0.0023,0.0942,-0.0778,88.0416,0.0004,-0.0002,-0.0020
93.3003,0.0161,-0.0175,0.1591,-0.0185,-0.0184,-0.0027,0.0941,-0.0775,88.0397,0.0004,-0.0003,-0.0021
93.4002,0.0161,-0.0175,0.1591,-0.0185,-0.0184,-0.0027,0.0941,-0.0775,88.0397,0.0004,-0.0003,-0.0021
93.5002,0.0161,-0.0175,0.1591,-0.0185,-0.0184,-0.0027,0.0941,-0.0775,88.0397,0.0004,-0.0003,-0.0021
93.6003,0.0161,-0.0175,0.1591,-0.0185,-0.0184,-0.0027,0.0941,-0.0775,88.0397,0.0004,-0.0003,-0.0021
93.7003,0.0161,-0.0175,0.1591,-0.0185,-0.0184,-0.0027,0.0941,-0.0775,88.0397,0.0004,-0.0003,-0.0021
93.8002,0.0162,-0.0177,0.1573,-0.0191,-0.0184,-0.0026,0.0938,-0.0774,88.0379,0.0003,-0.0003,-0.0021
93.9002,0.0162,-0.0177,0.1573,-0.0191,-0.0184,-0.0026,0.0938,-0.0774,88.0379,0.0003,-0.0003,-0.0021
94.0002,0.0162,-0.0177,0.1573,-0.0191,-0.0184,-0.0026,0.0938,-0.0774,88.0379,0.0003,-0.0003,-0.0021
94.1002,0.0162,-0.0177,0.1573,-0.0191,-0.0184,-0.0026,0.0938,-0.0774,88.0379,0.0003,-0.0003,-0.0021
94.2002,0.0162,-0.0177,0.1573,-0.0191,-0.0184,-0.0026,0.0938,-0.0774,88.0379,0.0003,-0.0003,-0.0021
94.3002,0.0160,-0.0174,0.1546,-0.0194,-0.0183,-0.0028,0.0937,-0.0771,88.0359,0.0004,-0.0003,-0.0021
94.4003,0.0160,-0.0174,0.1546,-0.0194,-0.0183,-0.0028,0.0937,-0.0771,88.0359,0.0004,-0.0003,-0.0021
94.5002,0.0160,-0.0174,0.1546,-0.0194,-0.0183,-0.0028,0.0937,-0.0771,88.0359,0.0004,-0.0003,-0.0021
94.6003,0.0160,-0.0174,0.1546,-0.0194,-0.0183,-0.0028,0.0937,-0.0771,88.0359,0.0004,-0.0003,-0.0021
94.7002,0.0160,-0.0174,0.1546,-0.0194,-0.0183,-0.0028,0.0937,-0.0771,88.0359,0.0004,-0.0003,-0.0021
94.8002,0.0160,-0.0174,0.1546,-0.0194,-0.0183,-0.0028,0.0937,-0.0771,88.0359,0.0004,-0.0003,-0.0021
94.9002,0.0162,-0.0177,0.1533,-0.0187,-0.0185,-0.0036,0.0933,-0.0771,88.0341,0.0003,-0.0003,-0.0020
95.0002,0.0162,-0.0177,0.1533,-0.0187,-0.0185,-0.0036,0.0933,-0.0771,88.0341,0.0003,-0.0003,-0.0020
95.1002,0.0162,-0.0177,0.1533,-0.0187,-0.0185,-0.0036,0.0933,-0.0771,88.0341,0.0003,-0.0003,-0.0020
95.2002,0.0162,-0.0177,0.1533,-0.0187,-0.0185,-0.0036,0.0933,-0.0771,88.0341,0.0003,-0.0003,-0.0020
95.3002,0.0162,-0.0177,0.1533,-0.0187,-0.0185,-0.0036,0.0933,-0.0771,88.0341,0.0003,-0.0003,-0.0020
95.4003,0.0159,-0.0174,0.1533,-0.0190,-0.0184,-0.0033,0.0932,-0.0767,88.0323,0.0004,-0.0003,-0.0020
95.5003,0.0159,-0.0174,0.1533,-0.0190,-0.0184,-0.0033,0.0932,-0.0767,88.0323,0.0004,-0.0003,-0.0020
95.6003,0.0159,-0.0174,0.1533,-0.0190,-0.0184,-0.0033,0.0932,-0.0767,88.0323,0.0004,-0.0003,-0.0020
95.7002,0.0159,-0.0174,0.1533,-0.0190,-0.0184,-0.0033,0.0932,-0.0767,88.0323,0.0004,-0.0003,-0.0020
95.8002,0.0159,-0.0174,0.1533,-0.0190,-0.0184,-0.0033,0.0932,-0.0767,88.0323,0.0004,-0.0003,-0.0020
95.9002,0.0161,-0.0177,0.1531,-0.0195,-0.0185,-0.0031,0.0928,-0.0763,88.0302,0.0003,-0.0002,-0.0021
96.0003,0.0161,-0.0177,0.1531,-0.0195,-0.0185,-0.0031,0.0928,-0.0763,88.0302,0.0003,-0.0002,-0.0021
96.1002,0.0161,-0.0177,0.1531,-0.0195,-0.0185,-0.0031,0.0928,-0.0763,88.0302,0.0003,-0.0002,-0.0021
96.2002,0.0161,-0.0177,0.1531,-0.0195,-0.0185,-0.0031,0.0928,-0.0763,88.0302,0.0003,-0.0002,-0.0021
96.3002,0.0161,-0.0177,0.1531,-0.0195,-0.0185,-0.0031,0.0928,-0.0763,88.0302,0.0003,-0.0002,-0.0021
96.4002,0.0159,-0.0174,0.1541,-0.0185,-0.0184,-0.0034,0.0927,-0.0756,88.0281,0.0003,-0.0002,-0.0021
96.5002,0.0159,-0.0174,0.1541,-0.0185,-0.0184,-0.0034,0.0927,-0.0756,88.0281,0.0003,-0.0002,-0.0021
96.6002,0.0159,-0.0174,0.1541,-0.0185,-0.0184,-0.0034,0.0927,-0.0756,88.0281,0.0003,-0.0002,-0.0021
96.7003,0.0159,-0.0174,0.1541,-0.0185,-0.0184,-0.0034,0.0927,-0.0756,88.0281,0.0003,-0.0002,-0.0021
96.8003,0.0159,-0.0174,0.1541,-0.0185,-0.0184,-0.0034,0.0927,-0.0756,88.0281,0.0003,-0.0002,-0.0021
96.9002,0.0161,-0.0177,0.1572,-0.0191,-0.0187,-0.0025,0.0927,-0.0756,88.0262,0.0004,-0.0003,-0.0021
97.0003,0.0161,-0.0177,0.1572,-0.0191,-0.0187,-0.0025,0.0927,-0.0756,88.0262,0.0004,-0.0003,-0.0021
97.1002,0.0161,-0.0177,0.1572,-0.0191,-0.0187,-0.0025,0.0927,-0.0756,88.0262,0.0004,-0.0003,-0.0021
97.2002,0.0161,-0.0177,0.1572,-0.0191,-0.0187,-0.0025,0.0927,-0.0756,88.0262,0.0004,-0.0003,-0.0021
97.3003,0.0161,-0.0177,0.1572,-0.0191,-0.0187,-0.0025,0.0927,-0.0756,88.0262,0.0004,-0.0003,-0.0021
97.4003,0.0161,-0.0177,0.1572,-0.0191,-0.0187,-0.0025,0.0927,-0.0756,88.0262,0.0004,-0.0003,-0.0021
97.5002,0.0159,-0.0174,0.1602,-0.0193,-0.0186,-0.0015,0.0919,-0.0752,88.0244,0.0003,-0.0003,-0.0020
97.6003,0.0159,-0.0174,0.1602,-0.0193,-0.0186,-0.0015,0.0919,-0.0752,88.0244,0.0003,-0.0003,-0.0020
97.7002,0.0159,-0.0174,0.1602,-0.0193,-0.0186,-0.0015,0.0919,-0.0752,88.0244,0.0003,-0.0003,-0.0020
97.8002,0.0159,-0.0174,0.1602,-0.0193,-0.0186,-0.0015,0.0919,-0.0752,88.0244,0.0003,-0.0003,-0.0020
97.9002,0.0159,-0.0174,0.1602,-0.0193,-0.0186,-0.0015,0.0919,-0.0752,88.0244,0.0003,-0.0003,-0.0020
98.0003,0.0161,-0.0176,0.1612,-0.0186,-0.0188,-0.0019,0.0918,-0.0749,88.0223,0.0003,-0.0003,-0.0021
98.1002,0.0161,-0.0176,0.1612,-0.0186,-0.0188,-0.0019,0.0918,-0.0749,88.0223,0.0003,-0.0003,-0.0021
98.2003,0.0161,-0.0176,0.1612,-0.0186,-0.0188,-0.0019,0.0918,-0.0749,88.0223,0.0003,-0.0003,-0.0021
98.3004,0.0161,-0.0176,0.1612,-0.0186,-0.0188,-0.0019,0.0918,-0.0749,88.0223,0.0003,-0.0003,-0.0021
98.4002,0.0161,-0.0176,0.1612,-0.0186,-0.0188,-0.0019,0.0918,-0.0749,88.0223,0.0003,-0.0003,-0.0021
98.5002,0.0159,-0.0174,0.1625,-0.0189,-0.0187,-0.0014,0.0916,-0.0748,88.0208,0.0003,-0.0003,-0.0020
98.6003,0.0159,-0.0174,0.1625,-0.0189,-0.0187,-0.0014,0.0916,-0.0748,88.0208,0.0003,-0.0003,-0.0020
98.7002,0.0159,-0.0174,0.1625,-0.0189,-0.0187,-0.0014,0.0916,-0.0748,88.0208,0.0003,-0.0003,-0.0020
98.8002,0.0159,-0.0174,0.1625,-0.0189,-0.0187,-0.0014,0.0916,-0.0748,88.0208,0.0003,-0.0003,-0.0020
98.9002,0.0159,-0.0174,0.1625,-0.0189,-0.0187,-0.0014,0.0916,-0.0748,88.0208,0.0003,-0.0003,-0.0020
99.0003,0.0162,-0.0176,0.1636,-0.0195,-0.0189,-0.0007,0.0915,-0.0746,88.0188,0.0003,-0.0003,-0.0020
99.1003,0.0162,-0.0176,0.1636,-0.0195,-0.0189,-0.0007,0.0915,-0.0746,88.0188,0.0003,-0.0003,-0.0020
99.2002,0.0162,-0.0176,0.1636,-0.0195,-0.0189,-0.0007,0.0915,-0.0746,88.0188,0.0003,-0.0003,-0.0020
99.3003,0.0162,-0.0176,0.1636,-0.0195,-0.0189,-0.0007,0.0915,-0.0746,88.0188,0.0003,-0.0003,-0.0020
99.4003,0.0162,-0.0176,0.1636,-0.0195,-0.0189,-0.0007,0.0915,-0.0746,88.0188,0.0003,-0.0003,-0.0020
99.5002,0.0160,-0.0174,0.1628,-0.0185,-0.0187,-0.0015,0.0913,-0.0741,88.0169,0.0003,-0.0002,-0.0020
99.6003,0.0160,-0.0174,0.1628,-0.0185,-0.0187,-0.0015,0.0913,-0.0741,88.0169,0.0003,-0.0002,-0.0020
99.7002,0.0160,-0.0174,0.1628,-0.0185,-0.0187,-0.0015,0.0913,-0.0741,88.0169,0.0003,-0.0002,-0.0020
99.8003,0.0160,-0.0174,0.1628,-0.0185,-0.0187,-0.0015,0.0913,-0.0741,88.0169,0.0003,-0.0002,-0.0020
99.9003,0.0160,-0.0174,0.1628,-0.0185,-0.0187,-0.0015,0.0913,-0.0741,88.0169,0.0003,-0.0002,-0.0020
100.0002,0.0162,-0.0176,0.1613,-0.0191,-0.0189,-0.0016,0.0911,-0.0741,88.0149,0.0003,-0.0003,-0.0020
100.1003,0.0162,-0.0176,0.1613,-0.0191,-0.0189,-0.0016,0.0911,-0.0741,88.0149,0.0003,-0.0003,-0.0020
100.2003,0.0162,-0.0176,0.1613,-0.0191,-0.0189,-0.0016,0.0911,-0.0741,88.0149,0.0003,-0.0003,-0.0020
100.3003,0.0162,-0.0176,0.1613,-0.0191,-0.0189,-0.0016,0.0911,-0.0741,88.0149,0.0003,-0.0003,-0.0020
100.4002,0.0162,-0.0176,0.1613,-0.0191,-0.0189,-0.0016,0.0911,-0.0741,88.0149,0.0003,-0.0003,-0.0020
100.5003,0.0162,-0.0176,0.1613,-0.0191,-0.0189,-0.0016,0.0911,-0.0741,88.0149,0.0003,-0.0003,-0.0020
100.6002,0.0160,-0.0174,0.1596,-0.0195,-0.0187,-0.0017,0.0908,-0.0738,88.0131,0.0003,-0.0003,-0.0020
100.7002,0.0160,-0.0174,0.1596,-0.0195,-0.0187,-0.0017,0.0908,-0.0738,88.0131,0.0003,-0.0003,-0.0020
100.8002,0.0160,-0.0174,0.1596,-0.0195,-0.0187,-0.0017,0.0908,-0.0738,88.0131,0.0003,-0.0003,-0.0020
100.9002,0.0160,-0.0174,0.1596,-0.0195,-0.0187,-0.0017,0.0908,-0.0738,88.0131,0.0003,-0.0003,-0.0020
101.0002,0.0160,-0.0174,0.1596,-0.0195,-0.0187,-0.0017,0.0908,-0.0738,88.0131,0.0003,-0.0003,-0.0020
101.1003,0.0162,-0.0176,0.1585,-0.0187,-0.0188,-0.0025,0.0904,-0.0739,88.0112,0.0003,-0.0003,-0.0020
101.2002,0.0162,-0.0176,0.1585,-0.0187,-0.0188,-0.0025,0.0904,-0.0739,88.0112,0.0003,-0.0003,-0.0020
101.3002,0.0162,-0.0176,0.1585,-0.0187,-0.0188,-0.0025,0.0904,-0.0739,88.0112,0.0003,-0.0003,-0.0020
101.4002,0.0162,-0.0176,0.1585,-0.0187,-0.0188,-0.0025,0.0904,-0.0739,88.0112,0.0003,-0.0003,-0.0020
101.5002,0.0162,-0.0176,0.1585,-0.0187,-0.0188,-0.0025,0.0904,-0.0739,88.0112,0.0003,-0.0003,-0.0020
101.6002,0.0160,-0.0174,0.1581,-0.0190,-0.0186,-0.0023,0.0904,-0.0740,88.0093,0.0004,-0.0004,-0.0020
101.7002,0.0160,-0.0174,0.1581,-0.0190,-0.0186,-0.0023,0.0904,-0.0740,88.0093,0.0004,-0.0004,-0.0020
101.8003,0.0160,-0.0174,0.1581,-0.0190,-0.0186,-0.0023,0.0904,-0.0740,88.0093,0.0004,-0.0004,-0.0020
101.9002,0.0160,-0.0174,0.1581,-0.0190,-0.0186,-0.0023,0.0904,-0.0740,88.0093,0.0004,-0.0004,-0.0020
102.0002,0.0160,-0.0174,0.1581,-0.0190,-0.0186,-0.0023,0.0904,-0.0740,88.0093,0.0004,-0.0004,-0.0020
102.1002,0.0162,-0.0177,0.1564,-0.0195,-0.0188,-0.0024,0.0904,-0.0739,88.0073,0.0004,-0.0003,-0.0020
102.2002,0.0162,-0.0177,0.1564,-0.0195,-0.0188,-0.0024,0.0904,-0.0739,88.0073,0.0004,-0.0003,-0.0020
102.3002,0.0162,-0.0177,0.1564,-0.0195,-0.0188,-0.0024,0.0904,-0.0739,88.0073,0.0004,-0.0003,-0.0020
102.4002,0.0162,-0.0177,0.1564,-0.0195,-0.0188,-0.0024,0.0904,-0.0739,88.0073,0.0004,-0.0003,-0.0020
102.5002,0.0162,-0.0177,0.1564,-0.0195,-0.0188,-0.0024,0.0904,-0.0739,88.0073,0.0004,-0.0003,-0.0020
102.6001,0.0160,-0.0174,0.1555,-0.0184,-0.0187,-0.0031,0.0903,-0.0737,88.0056,0.0004,-0.0003,-0.0020
102.7002,0.0160,-0.0174,0.1555,-0.0184,-0.0187,-0.0031,0.0903,-0.0737,88.0056,0.0004,-0.0003,-0.0020
102.8002,0.0160,-0.0174,0.1555,-0.0184,-0.0187,-0.0031,0.0903,-0.0737,88.0056,0.0004,-0.0003,-0.0020
102.9002,0.0160,-0.0174,0.1555,-0.0184,-0.0187,-0.0031,0.0903,-0.0737,88.0056,0.0004,-0.0003,-0.0020
103.0003,0.0160,-0.0174,0.1555,-0.0184,-0.0187,-0.0031,0.0903,-0.0737,88.0056,0.0004,-0.0003,-0.0020
103.1002,0.0160,-0.0174,0.1555,-0.0184,-0.0187,-0.0031,0.0903,-0.0737,88.0056,0.0004,-0.0003,-0.0020
103.2003,0.0162,-0.0176,0.1564,-0.0190,-0.0187,-0.0025,0.0900,-0.0735,88.0037,0.0003,-0.0003,-0.0020
103.3003,0.0162,-0.0176,0.1564,-0.0190,-0.0187,-0.0025,0.0900,-0.0735,88.0037,0.0003,-0.0003,-0.0020
103.4003,0.0162,-0.0176,0.1564,-0.0190,-0.0187,-0.0025,0.0900,-0.0735,88.0037,0.0003,-0.0003,-0.0020
103.5003,0.0162,-0.0176,0.1564,-0.0190,-0.0187,-0.0025,0.0900,-0.0735,88.0037,0.0003,-0.0003,-0.0020
103.6003,0.0162,-0.0176,0.1564,-0.0190,-0.0187,-0.0025,0.0900,-0.0735,88.0037,0.0003,-0.0003,-0.0020
103.7002,0.0160,-0.0174,0.1565,-0.0193,-0.0185,-0.0021,0.0899,-0.0735,88.0019,0.0004,-0.0003,-0.0020
103.8002,0.0160,-0.0174,0.1565,-0.0193,-0.0185,-0.0021,0.0899,-0.0735,88.0019,0.0004,-0.0003,-0.0020
103.9002,0.0160,-0.0174,0.1565,-0.0193,-0.0185,-0.0021,0.0899,-0.0735,88.0019,0.0004,-0.0003,-0.0020
104.0003,0.0160,-0.0174,0.1565,-0.0193,-0.0185,-0.0021,0.0899,-0.0735,88.0019,0.0004,-0.0003,-0.0020
104.1002,0.0160,-0.0174,0.1565,-0.0193,-0.0185,-0.0021,0.0899,-0.0735,88.0019,0.0004,-0.0003,-0.0020
104.2002,0.0162,-0.0176,0.1563,-0.0186,-0.0186,-0.0026,0.0895,-0.0733,87.9997,0.0003,-0.0003,-0.0020
104.3002,0.0162,-0.0176,0.1563,-0.0186,-0.0186,-0.0026,0.0895,-0.0733,87.9997,0.0003,-0.0003,-0.0020
104.4002,0.0162,-0.0176,0.1563,-0.0186,-0.0186,-0.0026,0.0895,-0.0733,87.9997,0.0003,-0.0003,-0.0020
104.5002,0.0162,-0.0176,0.1563,-0.0186,-0.0186,-0.0026,0.0895,-0.0733,87.9997,0.0003,-0.0003,-0.0020
104.6003,0.0162,-0.0176,0.1563,-0.0186,-0.0186,-0.0026,0.0895,-0.0733,87.9997,0.0003,-0.0003,-0.0020
104.7003,0.0159,-0.0174,0.1582,-0.0189,-0.0182,-0.0019,0.0889,-0.0731,87.9978,0.0003,-0.0003,-0.0020
104.8003,0.0159,-0.0174,0.1582,-0.0189,-0.0182,-0.0019,0.0889,-0.0731,87.9978,0.0003,-0.0003,-0.0020
104.9002,0.0159,-0.0174,0.1582,-0.0189,-0.0182,-0.0019,0.0889,-0.0731,87.9978,0.0003,-0.0003,-0.0020
105.0002,0.0159,-0.0174,0.1582,-0.0189,-0.0182,-0.0019,0.0889,-0.0731,87.9978,0.0003,-0.0003,-0.0020
105.1002,0.0159,-0.0174,0.1582,-0.0189,-0.0182,-0.0019,0.0889,-0.0731,87.9978,0.0003,-0.0003,-0.0020
105.2002,0.0159,-0.0174,0.1582,-0.0189,-0.0182,-0.0019,0.0889,-0.0731,87.9978,0.0003,-0.0003,-0.0020
105.3003,0.0161,-0.0176,0.1609,-0.0195,-0.0184,-0.0011,0.0887,-0.0732,87.9959,0.0003,-0.0003,-0.0020
105.4002,0.0161,-0.0176,0.1609,-0.0195,-0.0184,-0.0011,0.0887,-0.0732,87.9959,0.0003,-0.0003,-0.0020
105.5002,0.0161,-0.0176,0.1609,-0.0195,-0.0184,-0.0011,0.0887,-0.0732,87.9959,0.0003,-0.0003,-0.0020
105.6002,0.0161,-0.0176,0.1609,-0.0195,-0.0184,-0.0011,0.0887,-0.0732,87.9959,0.0003,-0.0003,-0.0020
105.7003,0.0161,-0.0176,0.1609,-0.0195,-0.0184,-0.0011,0.0887,-0.0732,87.9959,0.0003,-0.0003,-0.0020
105.8004,0.0159,-0.0174,0.1637,-0.0185,-0.0183,-0.0012,0.0885,-0.0730,87.9938,0.0003,-0.0003,-0.0020
105.9003,0.0159,-0.0174,0.1637,-0.0185,-0.0183,-0.0012,0.0885,-0.0730,87.9938,0.0003,-0.0003,-0.0020
106.0004,0.0159,-0.0174,0.1637,-0.0185,-0.0183,-0.0012,0.0885,-0.0730,87.9938,0.0003,-0.0003,-0.0020
106.1002,0.0159,-0.0174,0.1637,-0.0185,-0.0183,-0.0012,0.0885,-0.0730,87.9938,0.0003,-0.0003,-0.0020
106.2003,0.0159,-0.0174,0.1637,-0.0185,-0.0183,-0.0012,0.0885,-0.0730,87.9938,0.0003,-0.0003,-0.0020
106.3004,0.0161,-0.0176,0.1663,-0.0192,-0.0183,-0.0005,0.0884,-0.0726,87.9920,0.0003,-0.0003,-0.0020
106.4003,0.0161,-0.0176,0.1663,-0.0192,-0.0183,-0.0005,0.0884,-0.0726,87.9920,0.0003,-0.0003,-0.0020
106.5003,0.0161,-0.0176,0.1663,-0.0192,-0.0183,-0.0005,0.0884,-0.0726,87.9920,0.0003,-0.0003,-0.0020
106.6003,0.0161,-0.0176,0.1663,-0.0192,-0.0183,-0.0005,0.0884,-0.0726,87.9920,0.0003,-0.0003,-0.0020
106.7002,0.0161,-0.0176,0.1663,-0.0192,-0.0183,-0.0005,0.0884,-0.0726,87.9920,0.0003,-0.0003,-0.0020
106.8002,0.0158,-0.0174,0.1673,-0.0195,-0.0181,-0.0000,0.0880,-0.0721,87.9898,0.0003,-0.0002,-0.0020
106.9002,0.0158,-0.0174,0.1673,-0.0195,-0.0181,-0.0000,0.0880,-0.0721,87.9898,0.0003,-0.0002,-0.0020
107.0002,0.0158,-0.0174,0.1673,-0.0195,-0.0181,-0.0000,0.0880,-0.0721,87.9898,0.0003,-0.0002,-0.0020
107.1003,0.0158,-0.0174,0.1673,-0.0195,-0.0181,-0.0000,0.0880,-0.0721,87.9898,0.0003,-0.0002,-0.0020
107.2002,0.0158,-0.0174,0.1673,-0.0195,-0.0181,-0.0000,0.0880,-0.0721,87.9898,0.0003,-0.0002,-0.0020
107.3002,0.0160,-0.0176,0.1666,-0.0187,-0.0183,-0.0009,0.0876,-0.0717,87.9881,0.0003,-0.0003,-0.0019
107.4002,0.0160,-0.0176,0.1666,-0.0187,-0.0183,-0.0009,0.0876,-0.0717,87.9881,0.0003,-0.0003,-0.0019
107.5003,0.0160,-0.0176,0.1666,-0.0187,-0.0183,-0.0009,0.0876,-0.0717,87.9881,0.0003,-0.0003,-0.0019
107.6002,0.0160,-0.0176,0.1666,-0.0187,-0.0183,-0.0009,0.0876,-0.0717,87.9881,0.0003,-0.0003,-0.0019
107.7002,0.0160,-0.0176,0.1666,-0.0187,-0.0183,-0.0009,0.0876,-0.0717,87.9881,0.0003,-0.0003,-0.0019
107.8002,0.0157,-0.0174,0.1655,-0.0190,-0.0181,-0.0008,0.0876,-0.0715,87.9862,0.0004,-0.0003,-0.0020
107.9003,0.0157,-0.0174,0.1655,-0.0190,-0.0181,-0.0008,0.0876,-0.0715,87.9862,0.0004,-0.0003,-0.0020
108.0003,0.0157,-0.0174,0.1655,-0.0190,-0.0181,-0.0008,0.0876,-0.0715,87.9862,0.0004,-0.0003,-0.0020
108.1003,0.0157,-0.0174,0.1655,-0.0190,-0.0181,-0.0008,0.0876,-0.0715,87.9862,0.0004,-0.0003,-0.0020
108.2003,0.0157,-0.0174,0.1655,-0.0190,-0.0181,-0.0008,0.0876,-0.0715,87.9862,0.0004,-0.0003,-0.0020
108.3003,0.0157,-0.0174,0.1655,-0.0190,-0.0181,-0.0008,0.0876,-0.0715,87.9862,0.0004,-0.0003,-0.0020
108.4003,0.0159,-0.0177,0.1638,-0.0195,-0.0183,-0.0009,0.0874,-0.0711,87.9841,0.0004,-0.0002,-0.0020
108.5002,0.0159,-0.0177,0.1638,-0.0195,-0.0183,-0.0009,0.0874,-0.0711,87.9841,0.0004,-0.0002,-0.0020
108.6003,0.0159,-0.0177,0.1638,-0.0195,-0.0183,-0.0009,0.0874,-0.0711,87.9841,0.0004,-0.0002,-0.0020
108.7002,0.0159,-0.0177,0.1638,-0.0195,-0.0183,-0.0009,0.0874,-0.0711,87.9841,0.0004,-0.0002,-0.0020
108.8002,0.0159,-0.0177,0.1638,-0.0195,-0.0183,-0.0009,0.0874,-0.0711,87.9841,0.0004,-0.0002,-0.0020
108.9003,0.0157,-0.0174,0.1614,-0.0184,-0.0181,-0.0020,0.0871,-0.0707,87.9821,0.0003,-0.0002,-0.0020
109.0003,0.0157,-0.0174,0.1614,-0.0184,-0.0181,-0.0020,0.0871,-0.0707,87.9821,0.0003,-0.0002,-0.0020
109.1003,0.0157,-0.0174,0.1614,-0.0184,-0.0181,-0.0020,0.0871,-0.0707,87.9821,0.0003,-0.0002,-0.0020
109.2003,0.0157,-0.0174,0.1614,-0.0184,-0.0181,-0.0020,0.0871,-0.0707,87.9821,0.0003,-0.0002,-0.0020
109.3003,0.0157,-0.0174,0.1614,-0.0184,-0.0181,-0.0020,0.0871,-0.0707,87.9821,0.0003,-0.0002,-0.0020
109.4002,0.0159,-0.0176,0.1590,-0.0190,-0.0182,-0.0021,0.0870,-0.0704,87.9802,0.0003,-0.0002,-0.0019
109.5003,0.0159,-0.0176,0.1590,-0.0190,-0.0182,-0.0021,0.0870,-0.0704,87.9802,0.0003,-0.0002,-0.0019
109.6003,0.0159,-0.0176,0.1590,-0.0190,-0.0182,-0.0021,0.0870,-0.0704,87.9802,0.0003,-0.0002,-0.0019
109.7002,0.0159,-0.0176,0.1590,-0.0190,-0.0182,-0.0021,0.0870,-0.0704,87.9802,0.0003,-0.0002,-0.0019
109.8003,0.0159,-0.0176,0.1590,-0.0190,-0.0182,-0.0021,0.0870,-0.0704,87.9802,0.0003,-0.0002,-0.0019
109.9006,0.0157,-0.0174,0.1577,-0.0193,-0.0182,-0.0019,0.0869,-0.0706,87.9782,0.0004,-0.0003,-0.0019
110.0003,0.0157,-0.0174,0.1577,-0.0193,-0.0182,-0.0019,0.0869,-0.0706,87.9782,0.0004,-0.0003,-0.0019
110.1003,0.0157,-0.0174,0.1577,-0.0193,-0.0182,-0.0019,0.0869,-0.0706,87.9782,0.0004,-0.0003,-0.0019
110.2004,0.0157,-0.0174,0.1577,-0.0193,-0.0182,-0.0019,0.0869,-0.0706,87.9782,0.0004,-0.0003,-0.0019
110.3003,0.0157,-0.0174,0.1577,-0.0193,-0.0182,-0.0019,0.0869,-0.0706,87.9782,0.0004,-0.0003,-0.0019
110.4003,0.0157,-0.0174,0.1577,-0.0193,-0.0182,-0.0019,0.0869,-0.0706,87.9782,0.0004,-0.0003,-0.0019
110.5002,0.0159,-0.0176,0.1578,-0.0186,-0.0182,-0.0025,0.0869,-0.0703,87.9763,0.0004,-0.0003,-0.0019
110.6002,0.0159,-0.0176,0.1578,-0.0186,-0.0182,-0.0025,0.0869,-0.0703,87.9763,0.0004,-0.0003,-0.0019
110.7002,0.0159,-0.0176,0.1578,-0.0186,-0.0182,-0.0025,0.0869,-0.0703,87.9763,0.0004,-0.0003,-0.0019
110.8003,0.0159,-0.0176,0.1578,-0.0186,-0.0182,-0.0025,0.0869,-0.0703,87.9763,0.0004,-0.0003,-0.0019
110.9003,0.0159,-0.0176,0.1578,-0.0186,-0.0182,-0.0025,0.0869,-0.0703,87.9763,0.0004,-0.0003,-0.0019
111.0003,0.0156,-0.0174,0.1588,-0.0189,-0.0182,-0.0019,0.0866,-0.0701,87.9745,0.0003,-0.0003,-0.0019
111.1002,0.0156,-0.0174,0.1588,-0.0189,-0.0182,-0.0019,0.0866,-0.0701,87.9745,0.0003,-0.0003,-0.0019
111.2003,0.0156,-0.0174,0.1588,-0.0189,-0.0182,-0.0019,0.0866,-0.0701,87.9745,0.0003,-0.0003,-0.0019
111.3003,0.0156,-0.0174,0.1588,-0.0189,-0.0182,-0.0019,0.0866,-0.0701,87.9745,0.0003,-0.0003,-0.0019
111.4002,0.0156,-0.0174,0.1588,-0.0189,-0.0182,-0.0019,0.0866,-0.0701,87.9745,0.0003,-0.0003,-0.0019
111.5004,0.0159,-0.0176,0.1596,-0.0196,-0.0183,-0.0015,0.0867,-0.0700,87.9725,0.0004,-0.0003,-0.0019
111.6003,0.0159,-0.0176,0.1596,-0.0196,-0.0183,-0.0015,0.0867,-0.0700,87.9725,0.0004,-0.0003,-0.0019
111.7002,0.0159,-0.0176,0.1596,-0.0196,-0.0183,-0.0015,0.0867,-0.0700,87.9725,0.0004,-0.0003,-0.0019
111.8002,0.0159,-0.0176,0.1596,-0.0196,-0.0183,-0.0015,0.0867,-0.0700,87.9725,0.0004,-0.0003,-0.0019
111.9002,0.0159,-0.0176,0.1596,-0.0196,-0.0183,-0.0015,0.0867,-0.0700,87.9725,0.0004,-0.0003,-0.0019
112.0003,0.0156,-0.0174,0.1593,-0.0185,-0.0181,-0.0021,0.0867,-0.0695,87.9705,0.0004,-0.0003,-0.0019
112.1003,0.0156,-0.0174,0.1593,-0.0185,-0.0181,-0.0021,0.0867,-0.0695,87.9705,0.0004,-0.0003,-0.0019
112.2002,0.0156,-0.0174,0.1593,-0.0185,-0.0181,-0.0021,0.0867,-0.0695,87.9705,0.0004,-0.0003,-0.0019
112.3003,0.0156,-0.0174,0.1593,-0.0185,-0.0181,-0.0021,0.0867,-0.0695,87.9705,0.0004,-0.0003,-0.0019
112.4002,0.0156,-0.0174,0.1593,-0.0185,-0.0181,-0.0021,0.0867,-0.0695,87.9705,0.0004,-0.0003,-0.0019
112.5002,0.0158,-0.0177,0.1587,-0.0191,-0.0184,-0.0017,0.0864,-0.0694,87.9689,0.0003,-0.0003,-0.0019
112.6003,0.0158,-0.0177,0.1587,-0.0191,-0.0184,-0.0017,0.0864,-0.0694,87.9689,0.0003,-0.0003,-0.0019
112.7002,0.0158,-0.0177,0.1587,-0.0191,-0.0184,-0.0017,0.0864,-0.0694,87.9689,0.0003,-0.0003,-0.0019
112.8003,0.0158,-0.0177,0.1587,-0.0191,-0.0184,-0.0017,0.0864,-0.0694,87.9689,0.0003,-0.0003,-0.0019
112.9002,0.0158,-0.0177,0.1587,-0.0191,-0.0184,-0.0017,0.0864,-0.0694,87.9689,0.0003,-0.0003,-0.0019
113.0002,0.0156,-0.0174,0.1567,-0.0194,-0.0182,-0.0019,0.0863,-0.0692,87.9669,0.0003,-0.0003,-0.0019
113.1002,0.0156,-0.0174,0.1567,-0.0194,-0.0182,-0.0019,0.0863,-0.0692,87.9669,0.0003,-0.0003,-0.0019
113.2002,0.0156,-0.0174,0.1567,-0.0194,-0.0182,-0.0019,0.0863,-0.0692,87.9669,0.0003,-0.0003,-0.0019
113.3002,0.0156,-0.0174,0.1567,-0.0194,-0.0182,-0.0019,0.0863,-0.0692,87.9669,0.0003,-0.0003,-0.0019
113.4002,0.0156,-0.0174,0.1567,-0.0194,-0.0182,-0.0019,0.0863,-0.0692,87.9669,0.0003,-0.0003,-0.0019
113.5002,0.0156,-0.0174,0.1567,-0.0194,-0.0182,-0.0019,0.0863,-0.0692,87.9669,0.0003,-0.0003,-0.0019
113.6003,0.0158,-0.0177,0.1552,-0.0187,-0.0183,-0.0025,0.0862,-0.0690,87.9651,0.0004,-0.0003,-0.0019
113.7002,0.0158,-0.0177,0.1552,-0.0187,-0.0183,-0.0025,0.0862,-0.0690,87.9651,0.0004,-0.0003,-0.0019
113.8002,0.0158,-0.0177,0.1552,-0.0187,-0.0183,-0.0025,0.0862,-0.0690,87.9651,0.0004,-0.0003,-0.0019
113.9002,0.0158,-0.0177,0.1552,-0.0187,-0.0183,-0.0025,0.0862,-0.0690,87.9651,0.0004,-0.0003,-0.0019
114.0002,0.0158,-0.0177,0.1552,-0.0187,-0.0183,-0.0025,0.0862,-0.0690,87.9651,0.0004,-0.0003,-0.0019
114.1002,0.0156,-0.0174,0.1558,-0.0191,-0.0182,-0.0020,0.0859,-0.0689,87.9629,0.0003,-0.0003,-0.0019
114.2002,0.0156,-0.0174,0.1558,-0.0191,-0.0182,-0.0020,0.0859,-0.0689,87.9629,0.0003,-0.0003,-0.0019
114.3002,0.0156,-0.0174,0.1558,-0.0191,-0.0182,-0.0020,0.0859,-0.0689,87.9629,0.0003,-0.0003,-0.0019
114.4002,0.0156,-0.0174,0.1558,-0.0191,-0.0182,-0.0020,0.0859,-0.0689,87.9629,0.0003,-0.0003,-0.0019
114.5003,0.0156,-0.0174,0.1558,-0.0191,-0.0182,-0.0020,0.0859,-0.0689,87.9629,0.0003,-0.0003,-0.0019
114.6002,0.0158,-0.0177,0.1563,-0.0197,-0.0184,-0.0016,0.0857,-0.0689,87.9607,0.0003,-0.0003,-0.0020
114.7003,0.0158,-0.0177,0.1563,-0.0197,-0.0184,-0.0016,0.0857,-0.0689,87.9607,0.0003,-0.0003,-0.0020
114.8002,0.0158,-0.0177,0.1563,-0.0197,-0.0184,-0.0016,0.0857,-0.0689,87.9607,0.0003,-0.0003,-0.0020
114.9002,0.0158,-0.0177,0.1563,-0.0197,-0.0184,-0.0016,0.0857,-0.0689,87.9607,0.0003,-0.0003,-0.0020
115.0003,0.0158,-0.0177,0.1563,-0.0197,-0.0184,-0.0016,0.0857,-0.0689,87.9607,0.0003,-0.0003,-0.0020
115.1002,0.0158,-0.0177,0.1563,-0.0197,-0.0184,-0.0016,0.0857,-0.0689,87.9607,0.0003,-0.0003,-0.0020
115.2003,0.0156,-0.0175,0.1554,-0.0188,-0.0183,-0.0023,0.0854,-0.0685,87.9586,0.0003,-0.0003,-0.0019
115.3002,0.0156,-0.0175,0.1554,-0.0188,-0.0183,-0.0023,0.0854,-0.0685,87.9586,0.0003,-0.0003,-0.0019
115.4002,0.0156,-0.0175,0.1554,-0.0188,-0.0183,-0.0023,0.0854,-0.0685,87.9586,0.0003,-0.0003,-0.0019
115.5003,0.0156,-0.0175,0.1554,-0.0188,-0.0183,-0.0023,0.0854,-0.0685,87.9586,0.0003,-0.0003,-0.0019
115.6002,0.0156,-0.0175,0.1554,-0.0188,-0.0183,-0.0023,0.0854,-0.0685,87.9586,0.0003,-0.0003,-0.0019
115.7003,0.0158,-0.0177,0.1537,-0.0193,-0.0184,-0.0023,0.0851,-0.0686,87.9568,0.0003,-0.0003,-0.0019
115.8002,0.0158,-0.0177,0.1537,-0.0193,-0.0184,-0.0023,0.0851,-0.0686,87.9568,0.0003,-0.0003,-0.0019
115.9002,0.0158,-0.0177,0.1537,-0.0193,-0.0184,-0.0023,0.0851,-0.0686,87.9568,0.0003,-0.0003,-0.0019
116.0002,0.0158,-0.0177,0.1537,-0.0193,-0.0184,-0.0023,0.0851,-0.0686,87.9568,0.0003,-0.0003,-0.0019
116.1003,0.0158,-0.0177,0.1537,-0.0193,-0.0184,-0.0023,0.0851,-0.0686,87.9568,0.0003,-0.0003,-0.0019
116.2003,0.0156,-0.0175,0.1524,-0.0195,-0.0183,-0.0023,0.0848,-0.0679,87.9547,0.0003,-0.0002,-0.0019
116.3002,0.0156,-0.0175,0.1524,-0.0195,-0.0183,-0.0023,0.0848,-0.0679,87.9547,0.0003,-0.0002,-0.0019
116.4003,0.0156,-0.0175,0.1524,-0.0195,-0.0183,-0.0023,0.0848,-0.0679,87.9547,0.0003,-0.0002,-0.0019
116.5003,0.0156,-0.0175,0.1524,-0.0195,-0.0183,-0.0023,0.0848,-0.0679,87.9547,0.0003,-0.0002,-0.0019
116.6003,0.0156,-0.0175,0.1524,-0.0195,-0.0183,-0.0023,0.0848,-0.0679,87.9547,0.0003,-0.0002,-0.0019
116.7004,0.0158,-0.0177,0.1521,-0.0188,-0.0183,-0.0028,0.0848,-0.0680,87.9524,0.0004,-0.0003,-0.0019
116.8002,0.0158,-0.0177,0.1521,-0.0188,-0.0183,-0.0028,0.0848,-0.0680,87.9524,0.0004,-0.0003,-0.0019
116.9002,0.0158,-0.0177,0.1521,-0.0188,-0.0183,-0.0028,0.0848,-0.0680,87.9524,0.0004,-0.0003,-0.0019
117.0002,0.0158,-0.0177,0.1521,-0.0188,-0.0183,-0.0028,0.0848,-0.0680,87.9524,0.0004,-0.0003,-0.0019
117.1002,0.0158,-0.0177,0.1521,-0.0188,-0.0183,-0.0028,0.0848,-0.0680,87.9524,0.0004,-0.0003,-0.0019
117.2002,0.0158,-0.0177,0.1521,-0.0188,-0.0183,-0.0028,0.0848,-0.0680,87.9524,0.0004,-0.0003,-0.0019
117.3002,0.0156,-0.0175,0.1517,-0.0192,-0.0182,-0.0025,0.0848,-0.0680,87.9503,0.0004,-0.0003,-0.0019
117.4003,0.0156,-0.0175,0.1517,-0.0192,-0.0182,-0.0025,0.0848,-0.0680,87.9503,0.0004,-0.0003,-0.0019
117.5003,0.0156,-0.0175,0.1517,-0.0192,-0.0182,-0.0025,0.0848,-0.0680,87.9503,0.0004,-0.0003,-0.0019
117.6002,0.0156,-0.0175,0.1517,-0.0192,-0.0182,-0.0025,0.0848,-0.0680,87.9503,0.0004,-0.0003,-0.0019
117.7003,0.0156,-0.0175,0.1517,-0.0192,-0.0182,-0.0025,0.0848,-0.0680,87.9503,0.0004,-0.0003,-0.0019
117.8002,0.0158,-0.0178,0.1516,-0.0198,-0.0183,-0.0022,0.0847,-0.0680,87.9480,0.0003,-0.0003,-0.0019
117.9002,0.0158,-0.0178,0.1516,-0.0198,-0.0183,-0.0022,0.0847,-0.0680,87.9480,0.0003,-0.0003,-0.0019
118.0003,0.0158,-0.0178,0.1516,-0.0198,-0.0183,-0.0022,0.0847,-0.0680,87.9480,0.0003,-0.0003,-0.0019
118.1003,0.0158,-0.0178,0.1516,-0.0198,-0.0183,-0.0022,0.0847,-0.0680,87.9480,0.0003,-0.0003,-0.0019
118.2002,0.0158,-0.0178,0.1516,-0.0198,-0.0183,-0.0022,0.0847,-0.0680,87.9480,0.0003,-0.0003,-0.0019
118.3004,0.0156,-0.0175,0.1533,-0.0187,-0.0183,-0.0024,0.0843,-0.0678,87.9456,0.0003,-0.0003,-0.0020
118.4004,0.0156,-0.0175,0.1533,-0.0187,-0.0183,-0.0024,0.0843,-0.0678,87.9456,0.0003,-0.0003,-0.0020
118.5004,0.0156,-0.0175,0.1533,-0.0187,-0.0183,-0.0024,0.0843,-0.0678,87.9456,0.0003,-0.0003,-0.0020
118.6003,0.0156,-0.0175,0.1533,-0.0187,-0.0183,-0.0024,0.0843,-0.0678,87.9456,0.0003,-0.0003,-0.0020
118.7002,0.0156,-0.0175,0.1533,-0.0187,-0.0183,-0.0024,0.0843,-0.0678,87.9456,0.0003,-0.0003,-0.0020
118.8002,0.0158,-0.0178,0.1552,-0.0192,-0.0184,-0.0017,0.0841,-0.0677,87.9436,0.0003,-0.0003,-0.0019
118.9003,0.0158,-0.0178,0.1552,-0.0192,-0.0184,-0.0017,0.0841,-0.0677,87.9436,0.0003,-0.0003,-0.0019
119.0002,0.0158,-0.0178,0.1552,-0.0192,-0.0184,-0.0017,0.0841,-0.0677,87.9436,0.0003,-0.0003,-0.0019
119.1003,0.0158,-0.0178,0.1552,-0.0192,-0.0184,-0.0017,0.0841,-0.0677,87.9436,0.0003,-0.0003,-0.0019
119.2002,0.0158,-0.0178,0.1552,-0.0192,-0.0184,-0.0017,0.0841,-0.0677,87.9436,0.0003,-0.0003,-0.0019
119.3002,0.0158,-0.0178,0.1552,-0.0192,-0.0184,-0.0017,0.0841,-0.0677,87.9436,0.0003,-0.0003,-0.0019
119.4003,0.0156,-0.0176,0.1569,-0.0196,-0.0184,-0.0011,0.0838,-0.0672,87.9414,0.0003,-0.0002,-0.0019
119.5002,0.0156,-0.0176,0.1569,-0.0196,-0.0184,-0.0011,0.0838,-0.0672,87.9414,0.0003,-0.0002,-0.0019
119.6002,0.0156,-0.0176,0.1569,-0.0196,-0.0184,-0.0011,0.0838,-0.0672,87.9414,0.0003,-0.0002,-0.0019
119.7002,0.0156,-0.0176,0.1569,-0.0196,-0.0184,-0.0011,0.0838,-0.0672,87.9414,0.0003,-0.0002,-0.0019
119.8002,0.0156,-0.0176,0.1569,-0.0196,-0.0184,-0.0011,0.0838,-0.0672,87.9414,0.0003,-0.0002,-0.0019
119.9004,0.0159,-0.0178,0.1595,-0.0188,-0.0185,-0.0010,0.0837,-0.0671,87.9393,0.0003,-0.0003,-0.0019
120.0003,0.0159,-0.0178,0.1595,-0.0188,-0.0185,-0.0010,0.0837,-0.0671,87.9393,0.0003,-0.0003,-0.0019
120.1003,0.0159,-0.0178,0.1595,-0.0188,-0.0185,-0.0010,0.0837,-0.0671,87.9393,0.0003,-0.0003,-0.0019
120.2002,0.0159,-0.0178,0.1595,-0.0188,-0.0185,-0.0010,0.0837,-0.0671,87.9393,0.0003,-0.0003,-0.0019
120.3003,0.0159,-0.0178,0.1595,-0.0188,-0.0185,-0.0010,0.0837,-0.0671,87.9393,0.0003,-0.0003,-0.0019
120.4003,0.0156,-0.0176,0.1618,-0.0191,-0.0183,-0.0003,0.0835,-0.0671,87.9373,0.0003,-0.0003,-0.0019
120.5002,0.0156,-0.0176,0.1618,-0.0191,-0.0183,-0.0003,0.0835,-0.0671,87.9373,0.0003,-0.0003,-0.0019
120.6002,0.0156,-0.0176,0.1618,-0.0191,-0.0183,-0.0003,0.0835,-0.0671,87.9373,0.0003,-0.0003,-0.0019
120.7002,0.0156,-0.0176,0.1618,-0.0191,-0.0183,-0.0003,0.0835,-0.0671,87.9373,0.0003,-0.0003,-0.0019
120.8002,0.0156,-0.0176,0.1618,-0.0191,-0.0183,-0.0003,0.0835,-0.0671,87.9373,0.0003,-0.0003,-0.0019
120.9002,0.0159,-0.0178,0.1635,-0.0195,-0.0184,0.0002,0.0831,-0.0670,87.9352,0.0003,-0.0003,-0.0019
121.0002,0.0159,-0.0178,0.1635,-0.0195,-0.0184,0.0002,0.0831,-0.0670,87.9352,0.0003,-0.0003,-0.0019
121.1002,0.0159,-0.0178,0.1635,-0.0195,-0.0184,0.0002,0.0831,-0.0670,87.9352,0.0003,-0.0003,-0.0019
121.2002,0.0159,-0.0178,0.1635,-0.0195,-0.0184,0.0002,0.0831,-0.0670,87.9352,0.0003,-0.0003,-0.0019
121.3002,0.0159,-0.0178,0.1635,-0.0195,-0.0184,0.0002,0.0831,-0.0670,87.9352,0.0003,-0.0003,-0.0019
121.4003,0.0156,-0.0176,0.1658,-0.0186,-0.0182,0.0001,0.0832,-0.0669,87.9330,0.0004,-0.0003,-0.0019
121.5003,0.0156,-0.0176,0.1658,-0.0186,-0.0182,0.0001,0.0832,-0.0669,87.9330,0.0004,-0.0003,-0.0019
121.6003,0.0156,-0.0176,0.1658,-0.0186,-0.0182,0.0001,0.0832,-0.0669,87.9330,0.0004,-0.0003,-0.0019
121.7003,0.0156,-0.0176,0.1658,-0.0186,-0.0182,0.0001,0.0832,-0.0669,87.9330,0.0004,-0.0003,-0.0019
121.8002,0.0156,-0.0176,0.1658,-0.0186,-0.0182,0.0001,0.0832,-0.0669,87.9330,0.0004,-0.0003,-0.0019
121.9002,0.0156,-0.0176,0.1658,-0.0186,-0.0182,0.0001,0.0832,-0.0669,87.9330,0.0004,-0.0003,-0.0019
122.0003,0.0159,-0.0178,0.1681,-0.0191,-0.0184,0.0007,0.0833,-0.0671,87.9311,0.0004,-0.0004,-0.0019
122.1002,0.0159,-0.0178,0.1681,-0.0191,-0.0184,0.0007,0.0833,-0.0671,87.9311,0.0004,-0.0004,-0.0019
122.2003,0.0159,-0.0178,0.1681,-0.0191,-0.0184,0.0007,0.0833,-0.0671,87.9311,0.0004,-0.0004,-0.0019
122.3002,0.0159,-0.0178,0.1681,-0.0191,-0.0184,0.0007,0.0833,-0.0671,87.9311,0.0004,-0.0004,-0.0019
122.4002,0.0159,-0.0178,0.1681,-0.0191,-0.0184,0.0007,0.0833,-0.0671,87.9311,0.0004,-0.0004,-0.0019
122.5002,0.0157,-0.0175,0.1704,-0.0194,-0.0183,0.0013,0.0829,-0.0669,87.9290,0.0003,-0.0003,-0.0019
122.6002,0.0157,-0.0175,0.1704,-0.0194,-0.0183,0.0013,0.0829,-0.0669,87.9290,0.0003,-0.0003,-0.0019
122.7002,0.0157,-0.0175,0.1704,-0.0194,-0.0183,0.0013,0.0829,-0.0669,87.9290,0.0003,-0.0003,-0.0019
122.8002,0.0157,-0.0175,0.1704,-0.0194,-0.0183,0.0013,0.0829,-0.0669,87.9290,0.0003,-0.0003,-0.0019
122.9002,0.0157,-0.0175,0.1704,-0.0194,-0.0183,0.0013,0.0829,-0.0669,87.9290,0.0003,-0.0003,-0.0019
123.0002,0.0159,-0.0177,0.1717,-0.0186,-0.0185,0.0010,0.0828,-0.0670,87.9270,0.0003,-0.0003,-0.0019
123.1002,0.0159,-0.0177,0.1717,-0.0186,-0.0185,0.0010,0.0828,-0.0670,87.9270,0.0003,-0.0003,-0.0019
123.2003,0.0159,-0.0177,0.1717,-0.0186,-0.0185,0.0010,0.0828,-0.0670,87.9270,0.0003,-0.0003,-0.0019
123.3002,0.0159,-0.0177,0.1717,-0.0186,-0.0185,0.0010,0.0828,-0.0670,87.9270,0.0003,-0.0003,-0.0019
123.4002,0.0159,-0.0177,0.1717,-0.0186,-0.0185,0.0010,0.0828,-0.0670,87.9270,0.0003,-0.0003,-0.0019
123.5002,0.0157,-0.0175,0.1730,-0.0190,-0.0184,0.0015,0.0825,-0.0669,87.9251,0.0003,-0.0003,-0.0019
123.6002,0.0157,-0.0175,0.1730,-0.0190,-0.0184,0.0015,0.0825,-0.0669,87.9251,0.0003,-0.0003,-0.0019
123.7002,0.0157,-0.0175,0.1730,-0.0190,-0.0184,0.0015,0.0825,-0.0669,87.9251,0.0003,-0.0003,-0.0019
123.8002,0.0157,-0.0175,0.1730,-0.0190,-0.0184,0.0015,0.0825,-0.0669,87.9251,0.0003,-0.0003,-0.0019
123.9002,0.0157,-0.0175,0.1730,-0.0190,-0.0184,0.0015,0.0825,-0.0669,87.9251,0.0003,-0.0003,-0.0019
124.0001,0.0159,-0.0177,0.1755,-0.0196,-0.0185,0.0021,0.0826,-0.0668,87.9228,0.0004,-0.0003,-0.0019
124.1002,0.0159,-0.0177,0.1755,-0.0196,-0.0185,0.0021,0.0826,-0.0668,87.9228,0.0004,-0.0003,-0.0019
124.2002,0.0159,-0.0177,0.1755,-0.0196,-0.0185,0.0021,0.0826,-0.0668,87.9228,0.0004,-0.0003,-0.0019
124.3002,0.0159,-0.0177,0.1755,-0.0196,-0.0185,0.0021,0.0826,-0.0668,87.9228,0.0004,-0.0003,-0.0019
124.4002,0.0159,-0.0177,0.1755,-0.0196,-0.0185,0.0021,0.0826,-0.0668,87.9228,0.0004,-0.0003,-0.0019
124.5003,0.0159,-0.0177,0.1755,-0.0196,-0.0185,0.0021,0.0826,-0.0668,87.9228,0.0004,-0.0003,-0.0019
124.6002,0.0157,-0.0175,0.1777,-0.0186,-0.0182,0.0020,0.0825,-0.0664,87.9204,0.0004,-0.0003,-0.0020
124.7002,0.0157,-0.0175,0.1777,-0.0186,-0.0182,0.0020,0.0825,-0.0664,87.9204,0.0004,-0.0003,-0.0020
124.8004,0.0157,-0.0175,0.1777,-0.0186,-0.0182,0.0020,0.0825,-0.0664,87.9204,0.0004,-0.0003,-0.0020
124.9002,0.0157,-0.0175,0.1777,-0.0186,-0.0182,0.0020,0.0825,-0.0664,87.9204,0.0004,-0.0003,-0.0020
125.0002,0.0157,-0.0175,0.1777,-0.0186,-0.0182,0.0020,0.0825,-0.0664,87.9204,0.0004,-0.0003,-0.0020
125.1003,0.0159,-0.0177,0.1784,-0.0191,-0.0184,0.0023,0.0826,-0.0666,87.9184,0.0004,-0.0003,-0.0019
125.2003,0.0159,-0.0177,0.1784,-0.0191,-0.0184,0.0023,0.0826,-0.0666,87.9184,0.0004,-0.0003,-0.0019
125.3002,0.0159,-0.0177,0.1784,-0.0191,-0.0184,0.0023,0.0826,-0.0666,87.9184,0.0004,-0.0003,-0.0019
125.4002,0.0159,-0.0177,0.1784,-0.0191,-0.0184,0.0023,0.0826,-0.0666,87.9184,0.0004,-0.0003,-0.0019
125.5002,0.0159,-0.0177,0.1784,-0.0191,-0.0184,0.0023,0.0826,-0.0666,87.9184,0.0004,-0.0003,-0.0019
125.6004,0.0157,-0.0175,0.1801,-0.0195,-0.0182,0.0029,0.0824,-0.0667,87.9159,0.0004,-0.0004,-0.0020
125.7003,0.0157,-0.0175,0.1801,-0.0195,-0.0182,0.0029,0.0824,-0.0667,87.9159,0.0004,-0.0004,-0.0020
125.8002,0.0157,-0.0175,0.1801,-0.0195,-0.0182,0.0029,0.0824,-0.0667,87.9159,0.0004,-0.0004,-0.0020
125.9003,0.0157,-0.0175,0.1801,-0.0195,-0.0182,0.0029,0.0824,-0.0667,87.9159,0.0004,-0.0004,-0.0020
126.0003,0.0157,-0.0175,0.1801,-0.0195,-0.0182,0.0029,0.0824,-0.0667,87.9159,0.0004,-0.0004,-0.0020
126.1002,0.0159,-0.0177,0.1819,-0.0188,-0.0184,0.0026,0.0827,-0.0665,87.9135,0.0004,-0.0003,-0.0019
126.2002,0.0159,-0.0177,0.1819,-0.0188,-0.0184,0.0026,0.0827,-0.0665,87.9135,0.0004,-0.0003,-0.0019
126.3002,0.0159,-0.0177,0.1819,-0.0188,-0.0184,0.0026,0.0827,-0.0665,87.9135,0.0004,-0.0003,-0.0019
126.4003,0.0159,-0.0177,0.1819,-0.0188,-0.0184,0.0026,0.0827,-0.0665,87.9135,0.0004,-0.0003,-0.0019
126.5002,0.0159,-0.0177,0.1819,-0.0188,-0.0184,0.0026,0.0827,-0.0665,87.9135,0.0004,-0.0003,-0.0019
126.6002,0.0157,-0.0175,0.1831,-0.0191,-0.0183,0.0030,0.0824,-0.0665,87.9115,0.0003,-0.0003,-0.0019
126.7002,0.0157,-0.0175,0.1831,-0.0191,-0.0183,0.0030,0.0824,-0.0665,87.9115,0.0003,-0.0003,-0.0019
126.8002,0.0157,-0.0175,0.1831,-0.0191,-0.0183,0.0030,0.0824,-0.0665,87.9115,0.0003,-0.0003,-0.0019
126.9002,0.0157,-0.0175,0.1831,-0.0191,-0.0183,0.0030,0.0824,-0.0665,87.9115,0.0003,-0.0003,-0.0019
127.0002,0.0157,-0.0175,0.1831,-0.0191,-0.0183,0.0030,0.0824,-0.0665,87.9115,0.0003,-0.0003,-0.0019
127.1002,0.0157,-0.0175,0.1831,-0.0191,-0.0183,0.0030,0.0824,-0.0665,87.9115,0.0003,-0.0003,-0.0019
127.2003,0.0159,-0.0178,0.1852,-0.0196,-0.0183,0.0036,0.0823,-0.0663,87.9094,0.0003,-0.0003,-0.0018
127.3003,0.0159,-0.0178,0.1852,-0.0196,-0.0183,0.0036,0.0823,-0.0663,87.9094,0.0003,-0.0003,-0.0018
127.4003,0.0159,-0.0178,0.1852,-0.0196,-0.0183,0.0036,0.0823,-0.0663,87.9094,0.0003,-0.0003,-0.0018
127.5003,0.0159,-0.0178,0.1852,-0.0196,-0.0183,0.0036,0.0823,-0.0663,87.9094,0.0003,-0.0003,-0.0018
127.6002,0.0159,-0.0178,0.1852,-0.0196,-0.0183,0.0036,0.0823,-0.0663,87.9094,0.0003,-0.0003,-0.0018
127.7002,0.0157,-0.0175,0.1879,-0.0186,-0.0184,0.0036,0.0822,-0.0665,87.9075,0.0004,-0.0003,-0.0018
127.8002,0.0157,-0.0175,0.1879,-0.0186,-0.0184,0.0036,0.0822,-0.0665,87.9075,0.0004,-0.0003,-0.0018
127.9002,0.0157,-0.0175,0.1879,-0.0186,-0.0184,0.0036,0.0822,-0.0665,87.9075,0.0004,-0.0003,-0.0018
128.0002,0.0157,-0.0175,0.1879,-0.0186,-0.0184,0.0036,0.0822,-0.0665,87.9075,0.0004,-0.0003,-0.0018
128.1002,0.0157,-0.0175,0.1879,-0.0186,-0.0184,0.0036,0.0822,-0.0665,87.9075,0.0004,-0.0003,-0.0018
128.2003,0.0159,-0.0178,0.1908,-0.0190,-0.0185,0.0044,0.0823,-0.0663,87.9054,0.0004,-0.0003,-0.0019
128.3003,0.0159,-0.0178,0.1908,-0.0190,-0.0185,0.0044,0.0823,-0.0663,87.9054,0.0004,-0.0003,-0.0019
128.4002,0.0159,-0.0178,0.1908,-0.0190,-0.0185,0.0044,0.0823,-0.0663,87.9054,0.0004,-0.0003,-0.0019
128.5002,0.0159,-0.0178,0.1908,-0.0190,-0.0185,0.0044,0.0823,-0.0663,87.9054,0.0004,-0.0003,-0.0019
128.6003,0.0159,-0.0178,0.1908,-0.0190,-0.0185,0.0044,0.0823,-0.0663,87.9054,0.0004,-0.0003,-0.0019
128.7002,0.0157,-0.0175,0.1936,-0.0193,-0.0184,0.0050,0.0821,-0.0660,87.9032,0.0003,-0.0003,-0.0019
128.8002,0.0157,-0.0175,0.1936,-0.0193,-0.0184,0.0050,0.0821,-0.0660,87.9032,0.0003,-0.0003,-0.0019
128.9003,0.0157,-0.0175,0.1936,-0.0193,-0.0184,0.0050,0.0821,-0.0660,87.9032,0.0003,-0.0003,-0.0019
129.0002,0.0157,-0.0175,0.1936,-0.0193,-0.0184,0.0050,0.0821,-0.0660,87.9032,0.0003,-0.0003,-0.0019
129.1002,0.0157,-0.0175,0.1936,-0.0193,-0.0184,0.0050,0.0821,-0.0660,87.9032,0.0003,-0.0003,-0.0019
129.2005,0.0157,-0.0175,0.1936,-0.0193,-0.0184,0.0050,0.0821,-0.0660,87.9032,0.0003,-0.0003,-0.0019
129.3002,0.0159,-0.0177,0.1970,-0.0187,-0.0186,0.0049,0.0821,-0.0660,87.9009,0.0004,-0.0003,-0.0019
129.4002,0.0159,-0.0177,0.1970,-0.0187,-0.0186,0.0049,0.0821,-0.0660,87.9009,0.0004,-0.0003,-0.0019
129.5002,0.0159,-0.0177,0.1970,-0.0187,-0.0186,0.0049,0.0821,-0.0660,87.9009,0.0004,-0.0003,-0.0019
129.6002,0.0159,-0.0177,0.1970,-0.0187,-0.0186,0.0049,0.0821,-0.0660,87.9009,0.0004,-0.0003,-0.0019
129.7002,0.0159,-0.0177,0.1970,-0.0187,-0.0186,0.0049,0.0821,-0.0660,87.9009,0.0004,-0.0003,-0.0019
129.8002,0.0157,-0.0175,0.1993,-0.0190,-0.0184,0.0056,0.0818,-0.0659,87.8984,0.0003,-0.0003,-0.0019
129.9003,0.0157,-0.0175,0.1993,-0.0190,-0.0184,0.0056,0.0818,-0.0659,87.8984,0.0003,-0.0003,-0.0019
130.0002,0.0157,-0.0175,0.1993,-0.0190,-0.0184,0.0056,0.0818,-0.0659,87.8984,0.0003,-0.0003,-0.0019
130.1003,0.0157,-0.0175,0.1993,-0.0190,-0.0184,0.0056,0.0818,-0.0659,87.8984,0.0003,-0.0003,-0.0019
130.2002,0.0157,-0.0175,0.1993,-0.0190,-0.0184,0.0056,0.0818,-0.0659,87.8984,0.0003,-0.0003,-0.0019
130.3002,0.0159,-0.0178,0.1992,-0.0197,-0.0186,0.0057,0.0818,-0.0659,87.8961,0.0003,-0.0003,-0.0019
130.4002,0.0159,-0.0178,0.1992,-0.0197,-0.0186,0.0057,0.0818,-0.0659,87.8961,0.0003,-0.0003,-0.0019
130.5002,0.0159,-0.0178,0.1992,-0.0197,-0.0186,0.0057,0.0818,-0.0659,87.8961,0.0003,-0.0003,-0.0019
130.6002,0.0159,-0.0178,0.1992,-0.0197,-0.0186,0.0057,0.0818,-0.0659,87.8961,0.0003,-0.0003,-0.0019
130.7003,0.0159,-0.0178,0.1992,-0.0197,-0.0186,0.0057,0.0818,-0.0659,87.8961,0.0003,-0.0003,-0.0019
130.8002,0.0157,-0.0175,0.1983,-0.0187,-0.0186,0.0048,0.0816,-0.0657,87.8939,0.0003,-0.0003,-0.0019
130.9002,0.0157,-0.0175,0.1983,-0.0187,-0.0186,0.0048,0.0816,-0.0657,87.8939,0.0003,-0.0003,-0.0019
131.0002,0.0157,-0.0175,0.1983,-0.0187,-0.0186,0.0048,0.0816,-0.0657,87.8939,0.0003,-0.0003,-0.0019
131.1002,0.0157,-0.0175,0.1983,-0.0187,-0.0186,0.0048,0.0816,-0.0657,87.8939,0.0003,-0.0003,-0.0019
131.2002,0.0157,-0.0175,0.1983,-0.0187,-0.0186,0.0048,0.0816,-0.0657,87.8939,0.0003,-0.0003,-0.0019
131.3002,0.0160,-0.0178,0.1983,-0.0194,-0.0187,0.0049,0.0815,-0.0657,87.8919,0.0003,-0.0003,-0.0018
131.4002,0.0160,-0.0178,0.1983,-0.0194,-0.0187,0.0049,0.0815,-0.0657,87.8919,0.0003,-0.0003,-0.0018
131.5003,0.0160,-0.0178,0.1983,-0.0194,-0.0187,0.0049,0.0815,-0.0657,87.8919,0.0003,-0.0003,-0.0018
131.6002,0.0160,-0.0178,0.1983,-0.0194,-0.0187,0.0049,0.0815,-0.0657,87.8919,0.0003,-0.0003,-0.0018
131.7003,0.0160,-0.0178,0.1983,-0.0194,-0.0187,0.0049,0.0815,-0.0657,87.8919,0.0003,-0.0003,-0.0018
131.8002,0.0158,-0.0176,0.1985,-0.0197,-0.0186,0.0051,0.0812,-0.0655,87.8894,0.0003,-0.0003,-0.0019
131.9003,0.0158,-0.0176,0.1985,-0.0197,-0.0186,0.0051,0.0812,-0.0655,87.8894,0.0003,-0.0003,-0.0019
132.0002,0.0158,-0.0176,0.1985,-0.0197,-0.0186,0.0051,0.0812,-0.0655,87.8894,0.0003,-0.0003,-0.0019
132.1002,0.0158,-0.0176,0.1985,-0.0197,-0.0186,0.0051,0.0812,-0.0655,87.8894,0.0003,-0.0003,-0.0019
132.2002,0.0158,-0.0176,0.1985,-0.0197,-0.0186,0.0051,0.0812,-0.0655,87.8894,0.0003,-0.0003,-0.0019
132.3002,0.0158,-0.0176,0.1985,-0.0197,-0.0186,0.0051,0.0812,-0.0655,87.8894,0.0003,-0.0003,-0.0019
132.4003,0.0160,-0.0179,0.1997,-0.0190,-0.0188,0.0047,0.0813,-0.0653,87.8871,0.0004,-0.0003,-0.0019
132.5002,0.0160,-0.0179,0.1997,-0.0190,-0.0188,0.0047,0.0813,-0.0653,87.8871,0.0004,-0.0003,-0.0019
132.6003,0.0160,-0.0179,0.1997,-0.0190,-0.0188,0.0047,0.0813,-0.0653,87.8871,0.0004,-0.0003,-0.0019
132.7002,0.0160,-0.0179,0.1997,-0.0190,-0.0188,0.0047,0.0813,-0.0653,87.8871,0.0004,-0.0003,-0.0019
132.8002,0.0160,-0.0179,0.1997,-0.0190,-0.0188,0.0047,0.0813,-0.0653,87.8871,0.0004,-0.0003,-0.0019
132.9003,0.0158,-0.0177,0.2001,-0.0194,-0.0189,0.0049,0.0811,-0.0652,87.8850,0.0004,-0.0003,-0.0019
133.0003,0.0158,-0.0177,0.2001,-0.0194,-0.0189,0.0049,0.0811,-0.0652,87.8850,0.0004,-0.0003,-0.0019
133.1003,0.0158,-0.0177,0.2001,-0.0194,-0.0189,0.0049,0.0811,-0.0652,87.8850,0.0004,-0.0003,-0.0019
133.2003,0.0158,-0.0177,0.2001,-0.0194,-0.0189,0.0049,0.0811,-0.0652,87.8850,0.0004,-0.0003,-0.0019
133.3003,0.0158,-0.0177,0.2001,-0.0194,-0.0189,0.0049,0.0811,-0.0652,87.8850,0.0004,-0.0003,-0.0019
133.4002,0.0161,-0.0179,0.1982,-0.0200,-0.0190,0.0047,0.0810,-0.0648,87.8827,0.0003,-0.0003,-0.0018
133.5003,0.0161,-0.0179,0.1982,-0.0200,-0.0190,0.0047,0.0810,-0.0648,87.8827,0.0003,-0.0003,-0.0018
133.6002,0.0161,-0.0179,0.1982,-0.0200,-0.0190,0.0047,0.0810,-0.0648,87.8827,0.0003,-0.0003,-0.0018
133.7002,0.0161,-0.0179,0.1982,-0.0200,-0.0190,0.0047,0.0810,-0.0648,87.8827,0.0003,-0.0003,-0.0018
133.8002,0.0161,-0.0179,0.1982,-0.0200,-0.0190,0.0047,0.0810,-0.0648,87.8827,0.0003,-0.0003,-0.0018
133.9002,0.0159,-0.0177,0.1951,-0.0189,-0.0188,0.0035,0.0808,-0.0646,87.8803,0.0003,-0.0002,-0.0019
134.0002,0.0159,-0.0177,0.1951,-0.0189,-0.0188,0.0035,0.0808,-0.0646,87.8803,0.0003,-0.0002,-0.0019
134.1002,0.0159,-0.0177,0.1951,-0.0189,-0.0188,0.0035,0.0808,-0.0646,87.8803,0.0003,-0.0002,-0.0019
134.2002,0.0159,-0.0177,0.1951,-0.0189,-0.0188,0.0035,0.0808,-0.0646,87.8803,0.0003,-0.0002,-0.0019
134.3002,0.0159,-0.0177,0.1951,-0.0189,-0.0188,0.0035,0.0808,-0.0646,87.8803,0.0003,-0.0002,-0.0019
134.4002,0.0161,-0.0180,0.1925,-0.0195,-0.0189,0.0032,0.0807,-0.0645,87.8782,0.0003,-0.0003,-0.0019
134.5003,0.0161,-0.0180,0.1925,-0.0195,-0.0189,0.0032,0.0807,-0.0645,87.8782,0.0003,-0.0003,-0.0019
134.6003,0.0161,-0.0180,0.1925,-0.0195,-0.0189,0.0032,0.0807,-0.0645,87.8782,0.0003,-0.0003,-0.0019
134.7003,0.0161,-0.0180,0.1925,-0.0195,-0.0189,0.0032,0.0807,-0.0645,87.8782,0.0003,-0.0003,-0.0019
134.8002,0.0161,-0.0180,0.1925,-0.0195,-0.0189,0.0032,0.0807,-0.0645,87.8782,0.0003,-0.0003,-0.0019
134.9003,0.0161,-0.0180,0.1925,-0.0195,-0.0189,0.0032,0.0807,-0.0645,87.8782,0.0003,-0.0003,-0.0019
135.0003,0.0160,-0.0177,0.1902,-0.0198,-0.0190,0.0028,0.0805,-0.0644,87.8757,0.0003,-0.0003,-0.0019
135.1002,0.0160,-0.0177,0.1902,-0.0198,-0.0190,0.0028,0.0805,-0.0644,87.8757,0.0003,-0.0003,-0.0019
135.2003,0.0160,-0.0177,0.1902,-0.0198,-0.0190,0.0028,0.0805,-0.0644,87.8757,0.0003,-0.0003,-0.0019
135.3003,0.0160,-0.0177,0.1902,-0.0198,-0.0190,0.0028,0.0805,-0.0644,87.8757,0.0003,-0.0003,-0.0019
135.4002,0.0160,-0.0177,0.1902,-0.0198,-0.0190,0.0028,0.0805,-0.0644,87.8757,0.0003,-0.0003,-0.0019
135.5003,0.0162,-0.0180,0.1880,-0.0191,-0.0191,0.0017,0.0807,-0.0645,87.8734,0.0004,-0.0003,-0.0019
135.6002,0.0162,-0.0180,0.1880,-0.0191,-0.0191,0.0017,0.0807,-0.0645,87.8734,0.0004,-0.0003,-0.0019
135.7002,0.0162,-0.0180,0.1880,-0.0191,-0.0191,0.0017,0.0807,-0.0645,87.8734,0.0004,-0.0003,-0.0019
135.8002,0.0162,-0.0180,0.1880,-0.0191,-0.0191,0.0017,0.0807,-0.0645,87.8734,0.0004,-0.0003,-0.0019
135.9003,0.0162,-0.0180,0.1880,-0.0191,-0.0191,0.0017,0.0807,-0.0645,87.8734,0.0004,-0.0003,-0.0019
136.0002,0.0160,-0.0178,0.1885,-0.0193,-0.0189,0.0020,0.0804,-0.0643,87.8710,0.0003,-0.0003,-0.0019
136.1002,0.0160,-0.0178,0.1885,-0.0193,-0.0189,0.0020,0.0804,-0.0643,87.8710,0.0003,-0.0003,-0.0019
136.2002,0.0160,-0.0178,0.1885,-0.0193,-0.0189,0.0020,0.0804,-0.0643,87.8710,0.0003,-0.0003,-0.0019
136.3002,0.0160,-0.0178,0.1885,-0.0193,-0.0189,0.0020,0.0804,-0.0643,87.8710,0.0003,-0.0003,-0.0019
136.4003,0.0160,-0.0178,0.1885,-0.0193,-0.0189,0.0020,0.0804,-0.0643,87.8710,0.0003,-0.0003,-0.0019
136.5002,0.0163,-0.0180,0.1898,-0.0199,-0.0192,0.0025,0.0805,-0.0643,87.8686,0.0004,-0.0003,-0.0019
136.6002,0.0163,-0.0180,0.1898,-0.0199,-0.0192,0.0025,0.0805,-0.0643,87.8686,0.0004,-0.0003,-0.0019
136.7002,0.0163,-0.0180,0.1898,-0.0199,-0.0192,0.0025,0.0805,-0.0643,87.8686,0.0004,-0.0003,-0.0019
136.8002,0.0163,-0.0180,0.1898,-0.0199,-0.0192,0.0025,0.0805,-0.0643,87.8686,0.0004,-0.0003,-0.0019
136.9002,0.0163,-0.0180,0.1898,-0.0199,-0.0192,0.0025,0.0805,-0.0643,87.8686,0.0004,-0.0003,-0.0019
137.0003,0.0163,-0.0180,0.1898,-0.0199,-0.0192,0.0025,0.0805,-0.0643,87.8686,0.0004,-0.0003,-0.0019
137.1002,0.0161,-0.0178,0.1910,-0.0190,-0.0191,0.0022,0.0802,-0.0642,87.8662,0.0003,-0.0003,-0.0019
137.2002,0.0161,-0.0178,0.1910,-0.0190,-0.0191,0.0022,0.0802,-0.0642,87.8662,0.0003,-0.0003,-0.0019
137.3002,0.0161,-0.0178,0.1910,-0.0190,-0.0191,0.0022,0.0802,-0.0642,87.8662,0.0003,-0.0003,-0.0019
137.4002,0.0161,-0.0178,0.1910,-0.0190,-0.0191,0.0022,0.0802,-0.0642,87.8662,0.0003,-0.0003,-0.0019
137.5002,0.0161,-0.0178,0.1910,-0.0190,-0.0191,0.0022,0.0802,-0.0642,87.8662,0.0003,-0.0003,-0.0019
137.6002,0.0163,-0.0181,0.1919,-0.0196,-0.0192,0.0026,0.0800,-0.0642,87.8640,0.0003,-0.0003,-0.0018
137.7002,0.0163,-0.0181,0.1919,-0.0196,-0.0192,0.0026,0.0800,-0.0642,87.8640,0.0003,-0.0003,-0.0018
137.8003,0.0163,-0.0181,0.1919,-0.0196,-0.0192,0.0026,0.0800,-0.0642,87.8640,0.0003,-0.0003,-0.0018
137.9002,0.0163,-0.0181,0.1919,-0.0196,-0.0192,0.0026,0.0800,-0.0642,87.8640,0.0003,-0.0003,-0.0018
138.0002,0.0163,-0.0181,0.1919,-0.0196,-0.0192,0.0026,0.0800,-0.0642,87.8640,0.0003,-0.0003,-0.0018
138.1003,0.0162,-0.0178,0.1906,-0.0199,-0.0191,0.0026,0.0797,-0.0638,87.8616,0.0003,-0.0002,-0.0019
138.2002,0.0162,-0.0178,0.1906,-0.0199,-0.0191,0.0026,0.0797,-0.0638,87.8616,0.0003,-0.0002,-0.0019
138.3002,0.0162,-0.0178,0.1906,-0.0199,-0.0191,0.0026,0.0797,-0.0638,87.8616,0.0003,-0.0002,-0.0019
138.4003,0.0162,-0.0178,0.1906,-0.0199,-0.0191,0.0026,0.0797,-0.0638,87.8616,0.0003,-0.0002,-0.0019
138.5003,0.0162,-0.0178,0.1906,-0.0199,-0.0191,0.0026,0.0797,-0.0638,87.8616,0.0003,-0.0002,-0.0019
138.6003,0.0164,-0.0181,0.1878,-0.0192,-0.0193,0.0013,0.0794,-0.0638,87.8591,0.0003,-0.0003,-0.0019
138.7003,0.0164,-0.0181,0.1878,-0.0192,-0.0193,0.0013,0.0794,-0.0638,87.8591,0.0003,-0.0003,-0.0019
138.8004,0.0164,-0.0181,0.1878,-0.0192,-0.0193,0.0013,0.0794,-0.0638,87.8591,0.0003,-0.0003,-0.0019
138.9003,0.0164,-0.0181,0.1878,-0.0192,-0.0193,0.0013,0.0794,-0.0638,87.8591,0.0003,-0.0003,-0.0019
139.0002,0.0164,-0.0181,0.1878,-0.0192,-0.0193,0.0013,0.0794,-0.0638,87.8591,0.0003,-0.0003,-0.0019
139.1002,0.0162,-0.0179,0.1850,-0.0196,-0.0192,0.0010,0.0792,-0.0635,87.8570,0.0003,-0.0003,-0.0018
139.2003,0.0162,-0.0179,0.1850,-0.0196,-0.0192,0.0010,0.0792,-0.0635,87.8570,0.0003,-0.0003,-0.0018
139.3002,0.0162,-0.0179,0.1850,-0.0196,-0.0192,0.0010,0.0792,-0.0635,87.8570,0.0003,-0.0003,-0.0018
139.4003,0.0162,-0.0179,0.1850,-0.0196,-0.0192,0.0010,0.0792,-0.0635,87.8570,0.0003,-0.0003,-0.0018
139.5003,0.0162,-0.0179,0.1850,-0.0196,-0.0192,0.0010,0.0792,-0.0635,87.8570,0.0003,-0.0003,-0.0018
139.6003,0.0162,-0.0179,0.1850,-0.0196,-0.0192,0.0010,0.0792,-0.0635,87.8570,0.0003,-0.0003,-0.0018
139.7003,0.0165,-0.0181,0.1828,-0.0201,-0.0193,0.0008,0.0790,-0.0630,87.8543,0.0003,-0.0002,-0.0019
139.8003,0.0165,-0.0181,0.1828,-0.0201,-0.0193,0.0008,0.0790,-0.0630,87.8543,0.0003,-0.0002,-0.0019
139.9003,0.0165,-0.0181,0.1828,-0.0201,-0.0193,0.0008,0.0790,-0.0630,87.8543,0.0003,-0.0002,-0.0019
140.0002,0.0165,-0.0181,0.1828,-0.0201,-0.0193,0.0008,0.0790,-0.0630,87.8543,0.0003,-0.0002,-0.0019
140.1002,0.0165,-0.0181,0.1828,-0.0201,-0.0193,0.0008,0.0790,-0.0630,87.8543,0.0003,-0.0002,-0.0019
140.2003,0.0163,-0.0179,0.1799,-0.0191,-0.0192,-0.0004,0.0788,-0.0628,87.8516,0.0003,-0.0003,-0.0019
140.3003,0.0163,-0.0179,0.1799,-0.0191,-0.0192,-0.0004,0.0788,-0.0628,87.8516,0.0003,-0.0003,-0.0019
140.4002,0.0163,-0.0179,0.1799,-0.0191,-0.0192,-0.0004,0.0788,-0.0628,87.8516,0.0003,-0.0003,-0.0019
140.5002,0.0163,-0.0179,0.1799,-0.0191,-0.0192,-0.0004,0.0788,-0.0628,87.8516,0.0003,-0.0003,-0.0019
140.6003,0.0163,-0.0179,0.1799,-0.0191,-0.0192,-0.0004,0.0788,-0.0628,87.8516,0.0003,-0.0003,-0.0019
140.7002,0.0165,-0.0182,0.1776,-0.0197,-0.0192,-0.0007,0.0788,-0.0628,87.8494,0.0003,-0.0003,-0.0018
140.8002,0.0165,-0.0182,0.1776,-0.0197,-0.0192,-0.0007,0.0788,-0.0628,87.8494,0.0003,-0.0003,-0.0018
140.9002,0.0165,-0.0182,0.1776,-0.0197,-0.0192,-0.0007,0.0788,-0.0628,87.8494,0.0003,-0.0003,-0.0018
141.0002,0.0165,-0.0182,0.1776,-0.0197,-0.0192,-0.0007,0.0788,-0.0628,87.8494,0.0003,-0.0003,-0.0018
141.1002,0.0165,-0.0182,0.1776,-0.0197,-0.0192,-0.0007,0.0788,-0.0628,87.8494,0.0003,-0.0003,-0.0018
141.2002,0.0163,-0.0179,0.1764,-0.0200,-0.0190,-0.0006,0.0787,-0.0626,87.8471,0.0004,-0.0003,-0.0018
141.3002,0.0163,-0.0179,0.1764,-0.0200,-0.0190,-0.0006,0.0787,-0.0626,87.8471,0.0004,-0.0003,-0.0018
141.4002,0.0163,-0.0179,0.1764,-0.0200,-0.0190,-0.0006,0.0787,-0.0626,87.8471,0.0004,-0.0003,-0.0018
141.5002,0.0163,-0.0179,0.1764,-0.0200,-0.0190,-0.0006,0.0787,-0.0626,87.8471,0.0004,-0.0003,-0.0018
141.6003,0.0163,-0.0179,0.1764,-0.0200,-0.0190,-0.0006,0.0787,-0.0626,87.8471,0.0004,-0.0003,-0.0018
141.7003,0.0163,-0.0179,0.1764,-0.0200,-0.0190,-0.0006,0.0787,-0.0626,87.8471,0.0004,-0.0003,-0.0018
141.8002,0.0165,-0.0182,0.1743,-0.0193,-0.0191,-0.0015,0.0788,-0.0626,87.8449,0.0004,-0.0003,-0.0018
141.9002,0.0165,-0.0182,0.1743,-0.0193,-0.0191,-0.0015,0.0788,-0.0626,87.8449,0.0004,-0.0003,-0.0018
142.0003,0.0165,-0.0182,0.1743,-0.0193,-0.0191,-0.0015,0.0788,-0.0626,87.8449,0.0004,-0.0003,-0.0018
142.1003,0.0165,-0.0182,0.1743,-0.0193,-0.0191,-0.0015,0.0788,-0.0626,87.8449,0.0004,-0.0003,-0.0018
142.2003,0.0165,-0.0182,0.1743,-0.0193,-0.0191,-0.0015,0.0788,-0.0626,87.8449,0.0004,-0.0003,-0.0018
142.3002,0.0163,-0.0180,0.1717,-0.0196,-0.0190,-0.0016,0.0789,-0.0625,87.8424,0.0004,-0.0003,-0.0019
142.4002,0.0163,-0.0180,0.1717,-0.0196,-0.0190,-0.0016,0.0789,-0.0625,87.8424,0.0004,-0.0003,-0.0019
142.5002,0.0163,-0.0180,0.1717,-0.0196,-0.0190,-0.0016,0.0789,-0.0625,87.8424,0.0004,-0.0003,-0.0019
142.6003,0.0163,-0.0180,0.1717,-0.0196,-0.0190,-0.0016,0.0789,-0.0625,87.8424,0.0004,-0.0003,-0.0019
142.7003,0.0163,-0.0180,0.1717,-0.0196,-0.0190,-0.0016,0.0789,-0.0625,87.8424,0.0004,-0.0003,-0.0019
142.8002,0.0165,-0.0182,0.1697,-0.0201,-0.0191,-0.0019,0.0789,-0.0624,87.8401,0.0004,-0.0003,-0.0018
142.9002,0.0165,-0.0182,0.1697,-0.0201,-0.0191,-0.0019,0.0789,-0.0624,87.8401,0.0004,-0.0003,-0.0018
143.0002,0.0165,-0.0182,0.1697,-0.0201,-0.0191,-0.0019,0.0789,-0.0624,87.8401,0.0004,-0.0003,-0.0018
143.1002,0.0165,-0.0182,0.1697,-0.0201,-0.0191,-0.0019,0.0789,-0.0624,87.8401,0.0004,-0.0003,-0.0018
143.2002,0.0165,-0.0182,0.1697,-0.0201,-0.0191,-0.0019,0.0789,-0.0624,87.8401,0.0004,-0.0003,-0.0018
143.3002,0.0163,-0.0180,0.1682,-0.0191,-0.0190,-0.0026,0.0788,-0.0621,87.8379,0.0003,-0.0003,-0.0018
143.4002,0.0163,-0.0180,0.1682,-0.0191,-0.0190,-0.0026,0.0788,-0.0621,87.8379,0.0003,-0.0003,-0.0018
143.5002,0.0163,-0.0180,0.1682,-0.0191,-0.0190,-0.0026,0.0788,-0.0621,87.8379,0.0003,-0.0003,-0.0018
143.6002,0.0163,-0.0180,0.1682,-0.0191,-0.0190,-0.0026,0.0788,-0.0621,87.8379,0.0003,-0.0003,-0.0018
143.7002,0.0163,-0.0180,0.1682,-0.0191,-0.0190,-0.0026,0.0788,-0.0621,87.8379,0.0003,-0.0003,-0.0018
143.8002,0.0163,-0.0180,0.1682,-0.0191,-0.0190,-0.0026,0.0788,-0.0621,87.8379,0.0003,-0.0003,-0.0018
143.9002,0.0165,-0.0182,0.1671,-0.0195,-0.0191,-0.0025,0.0791,-0.0619,87.8357,0.0004,-0.0003,-0.0018
144.0003,0.0165,-0.0182,0.1671,-0.0195,-0.0191,-0.0025,0.0791,-0.0619,87.8357,0.0004,-0.0003,-0.0018
144.1002,0.0165,-0.0182,0.1671,-0.0195,-0.0191,-0.0025,0.0791,-0.0619,87.8357,0.0004,-0.0003,-0.0018
144.2002,0.0165,-0.0182,0.1671,-0.0195,-0.0191,-0.0025,0.0791,-0.0619,87.8357,0.0004,-0.0003,-0.0018
144.3002,0.0165,-0.0182,0.1671,-0.0195,-0.0191,-0.0025,0.0791,-0.0619,87.8357,0.0004,-0.0003,-0.0018
144.4002,0.0163,-0.0180,0.1682,-0.0197,-0.0190,-0.0020,0.0788,-0.0617,87.8332,0.0003,-0.0003,-0.0019
144.5002,0.0163,-0.0180,0.1682,-0.0197,-0.0190,-0.0020,0.0788,-0.0617,87.8332,0.0003,-0.0003,-0.0019
144.6003,0.0163,-0.0180,0.1682,-0.0197,-0.0190,-0.0020,0.0788,-0.0617,87.8332,0.0003,-0.0003,-0.0019
144.7003,0.0163,-0.0180,0.1682,-0.0197,-0.0190,-0.0020,0.0788,-0.0617,87.8332,0.0003,-0.0003,-0.0019
144.8003,0.0163,-0.0180,0.1682,-0.0197,-0.0190,-0.0020,0.0788,-0.0617,87.8332,0.0003,-0.0003,-0.0019
144.9003,0.0165,-0.0182,0.1705,-0.0190,-0.0191,-0.0020,0.0788,-0.0614,87.8308,0.0004,-0.0003,-0.0018
145.0002,0.0165,-0.0182,0.1705,-0.0190,-0.0191,-0.0020,0.0788,-0.0614,87.8308,0.0004,-0.0003,-0.0018
145.1003,0.0165,-0.0182,0.1705,-0.0190,-0.0191,-0.0020,0.0788,-0.0614,87.8308,0.0004,-0.0003,-0.0018
145.2002,0.0165,-0.0182,0.1705,-0.0190,-0.0191,-0.0020,0.0788,-0.0614,87.8308,0.0004,-0.0003,-0.0018
145.3002,0.0165,-0.0182,0.1705,-0.0190,-0.0191,-0.0020,0.0788,-0.0614,87.8308,0.0004,-0.0003,-0.0018
145.4003,0.0163,-0.0180,0.1730,-0.0193,-0.0189,-0.0012,0.0788,-0.0611,87.8284,0.0004,-0.0002,-0.0018
145.5002,0.0163,-0.0180,0.1730,-0.0193,-0.0189,-0.0012,0.0788,-0.0611,87.8284,0.0004,-0.0002,-0.0018
145.6003,0.0163,-0.0180,0.1730,-0.0193,-0.0189,-0.0012,0.0788,-0.0611,87.8284,0.0004,-0.0002,-0.0018
145.7003,0.0163,-0.0180,0.1730,-0.0193,-0.0189,-0.0012,0.0788,-0.0611,87.8284,0.0004,-0.0002,-0.0018
145.8002,0.0163,-0.0180,0.1730,-0.0193,-0.0189,-0.0012,0.0788,-0.0611,87.8284,0.0004,-0.0002,-0.0018
145.9002,0.0165,-0.0182,0.1755,-0.0198,-0.0191,-0.0004,0.0786,-0.0611,87.8260,0.0003,-0.0003,-0.0018
146.0002,0.0165,-0.0182,0.1755,-0.0198,-0.0191,-0.0004,0.0786,-0.0611,87.8260,0.0003,-0.0003,-0.0018
146.1003,0.0165,-0.0182,0.1755,-0.0198,-0.0191,-0.0004,0.0786,-0.0611,87.8260,0.0003,-0.0003,-0.0018
146.2002,0.0165,-0.0182,0.1755,-0.0198,-0.0191,-0.0004,0.0786,-0.0611,87.8260,0.0003,-0.0003,-0.0018
146.3002,0.0165,-0.0182,0.1755,-0.0198,-0.0191,-0.0004,0.0786,-0.0611,87.8260,0.0003,-0.0003,-0.0018
146.4003,0.0165,-0.0182,0.1755,-0.0198,-0.0191,-0.0004,0.0786,-0.0611,87.8260,0.0003,-0.0003,-0.0018
146.5002,0.0162,-0.0179,0.1780,-0.0189,-0.0189,-0.0004,0.0783,-0.0607,87.8238,0.0003,-0.0003,-0.0018
146.6002,0.0162,-0.0179,0.1780,-0.0189,-0.0189,-0.0004,0.0783,-0.0607,87.8238,0.0003,-0.0003,-0.0018
146.7002,0.0162,-0.0179,0.1780,-0.0189,-0.0189,-0.0004,0.0783,-0.0607,87.8238,0.0003,-0.0003,-0.0018
146.8002,0.0162,-0.0179,0.1780,-0.0189,-0.0189,-0.0004,0.0783,-0.0607,87.8238,0.0003,-0.0003,-0.0018
146.9003,0.0162,-0.0179,0.1780,-0.0189,-0.0189,-0.0004,0.0783,-0.0607,87.8238,0.0003,-0.0003,-0.0018
147.0003,0.0164,-0.0182,0.1794,-0.0195,-0.0190,0.0002,0.0784,-0.0609,87.8216,0.0004,-0.0003,-0.0018
147.1002,0.0164,-0.0182,0.1794,-0.0195,-0.0190,0.0002,0.0784,-0.0609,87.8216,0.0004,-0.0003,-0.0018
147.2002,0.0164,-0.0182,0.1794,-0.0195,-0.0190,0.0002,0.0784,-0.0609,87.8216,0.0004,-0.0003,-0.0018
147.3002,0.0164,-0.0182,0.1794,-0.0195,-0.0190,0.0002,0.0784,-0.0609,87.8216,0.0004,-0.0003,-0.0018
147.4002,0.0164,-0.0182,0.1794,-0.0195,-0.0190,0.0002,0.0784,-0.0609,87.8216,0.0004,-0.0003,-0.0018
147.5003,0.0162,-0.0179,0.1801,-0.0198,-0.0188,0.0005,0.0784,-0.0605,87.8194,0.0004,-0.0002,-0.0018
147.6003,0.0162,-0.0179,0.1801,-0.0198,-0.0188,0.0005,0.0784,-0.0605,87.8194,0.0004,-0.0002,-0.0018
147.7002,0.0162,-0.0179,0.1801,-0.0198,-0.0188,0.0005,0.0784,-0.0605,87.8194,0.0004,-0.0002,-0.0018
147.8003,0.0162,-0.0179,0.1801,-0.0198,-0.0188,0.0005,0.0784,-0.0605,87.8194,0.0004,-0.0002,-0.0018
147.9002,0.0162,-0.0179,0.1801,-0.0198,-0.0188,0.0005,0.0784,-0.0605,87.8194,0.0004,-0.0002,-0.0018
148.0002,0.0164,-0.0182,0.1810,-0.0190,-0.0190,0.0002,0.0785,-0.0605,87.8170,0.0004,-0.0003,-0.0018
148.1003,0.0164,-0.0182,0.1810,-0.0190,-0.0190,0.0002,0.0785,-0.0605,87.8170,0.0004,-0.0003,-0.0018
148.2002,0.0164,-0.0182,0.1810,-0.0190,-0.0190,0.0002,0.0785,-0.0605,87.8170,0.0004,-0.0003,-0.0018
148.3002,0.0164,-0.0182,0.1810,-0.0190,-0.0190,0.0002,0.0785,-0.0605,87.8170,0.0004,-0.0003,-0.0018
148.4002,0.0164,-0.0182,0.1810,-0.0190,-0.0190,0.0002,0.0785,-0.0605,87.8170,0.0004,-0.0003,-0.0018
148.5003,0.0164,-0.0182,0.1810,-0.0190,-0.0190,0.0002,0.0785,-0.0605,87.8170,0.0004,-0.0003,-0.0018
148.6002,0.0162,-0.0179,0.1815,-0.0193,-0.0190,0.0006,0.0785,-0.0604,87.8151,0.0004,-0.0003,-0.0017
148.7003,0.0162,-0.0179,0.1815,-0.0193,-0.0190,0.0006,0.0785,-0.0604,87.8151,0.0004,-0.0003,-0.0017
148.8002,0.0162,-0.0179,0.1815,-0.0193,-0.0190,0.0006,0.0785,-0.0604,87.8151,0.0004,-0.0003,-0.0017
148.9002,0.0162,-0.0179,0.1815,-0.0193,-0.0190,0.0006,0.0785,-0.0604,87.8151,0.0004,-0.0003,-0.0017
149.0003,0.0162,-0.0179,0.1815,-0.0193,-0.0190,0.0006,0.0785,-0.0604,87.8151,0.0004,-0.0003,-0.0017
149.1002,0.0164,-0.0181,0.1815,-0.0199,-0.0192,0.0008,0.0785,-0.0601,87.8124,0.0004,-0.0003,-0.0018
149.2002,0.0164,-0.0181,0.1815,-0.0199,-0.0192,0.0008,0.0785,-0.0601,87.8124,0.0004,-0.0003,-0.0018
149.3002,0.0164,-0.0181,0.1815,-0.0199,-0.0192,0.0008,0.0785,-0.0601,87.8124,0.0004,-0.0003,-0.0018
149.4002,0.0164,-0.0181,0.1815,-0.0199,-0.0192,0.0008,0.0785,-0.0601,87.8124,0.0004,-0.0003,-0.0018
149.5002,0.0164,-0.0181,0.1815,-0.0199,-0.0192,0.0008,0.0785,-0.0601,87.8124,0.0004,-0.0003,-0.0018
149.6003,0.0162,-0.0179,0.1795,-0.0188,-0.0191,-0.0000,0.0782,-0.0597,87.8102,0.0003,-0.0002,-0.0018
149.7003,0.0162,-0.0179,0.1795,-0.0188,-0.0191,-0.0000,0.0782,-0.0597,87.8102,0.0003,-0.0002,-0.0018
149.8003,0.0162,-0.0179,0.1795,-0.0188,-0.0191,-0.0000,0.0782,-0.0597,87.8102,0.0003,-0.0002,-0.0018
149.9003,0.0162,-0.0179,0.1795,-0.0188,-0.0191,-0.0000,0.0782,-0.0597,87.8102,0.0003,-0.0002,-0.0018
150.0003,0.0162,-0.0179,0.1795,-0.0188,-0.0191,-0.0000,0.0782,-0.0597,87.8102,0.0003,-0.0002,-0.0018
150.1002,0.0165,-0.0181,0.1771,-0.0194,-0.0193,-0.0002,0.0782,-0.0596,87.8080,0.0003,-0.0003,-0.0018
150.2003,0.0165,-0.0181,0.1771,-0.0194,-0.0193,-0.0002,0.0782,-0.0596,87.8080,0.0003,-0.0003,-0.0018
150.3002,0.0165,-0.0181,0.1771,-0.0194,-0.0193,-0.0002,0.0782,-0.0596,87.8080,0.0003,-0.0003,-0.0018
150.4002,0.0165,-0.0181,0.1771,-0.0194,-0.0193,-0.0002,0.0782,-0.0596,87.8080,0.0003,-0.0003,-0.0018
150.5002,0.0165,-0.0181,0.1771,-0.0194,-0.0193,-0.0002,0.0782,-0.0596,87.8080,0.0003,-0.0003,-0.0018
150.6002,0.0163,-0.0179,0.1748,-0.0197,-0.0190,-0.0005,0.0781,-0.0593,87.8056,0.0004,-0.0003,-0.0018
150.7003,0.0163,-0.0179,0.1748,-0.0197,-0.0190,-0.0005,0.0781,-0.0593,87.8056,0.0004,-0.0003,-0.0018
150.8002,0.0163,-0.0179,0.1748,-0.0197,-0.0190,-0.0005,0.0781,-0.0593,87.8056,0.0004,-0.0003,-0.0018
150.9003,0.0163,-0.0179,0.1748,-0.0197,-0.0190,-0.0005,0.0781,-0.0593,87.8056,0.0004,-0.0003,-0.0018
151.0002,0.0163,-0.0179,0.1748,-0.0197,-0.0190,-0.0005,0.0781,-0.0593,87.8056,0.0004,-0.0003,-0.0018
151.1002,0.0163,-0.0179,0.1748,-0.0197,-0.0190,-0.0005,0.0781,-0.0593,87.8056,0.0004,-0.0003,-0.0018
151.2003,0.0165,-0.0181,0.1727,-0.0189,-0.0193,-0.0014,0.0778,-0.0593,87.8031,0.0003,-0.0003,-0.0018
151.3003,0.0165,-0.0181,0.1727,-0.0189,-0.0193,-0.0014,0.0778,-0.0593,87.8031,0.0003,-0.0003,-0.0018
151.4003,0.0165,-0.0181,0.1727,-0.0189,-0.0193,-0.0014,0.0778,-0.0593,87.8031,0.0003,-0.0003,-0.0018
151.5003,0.0165,-0.0181,0.1727,-0.0189,-0.0193,-0.0014,0.0778,-0.0593,87.8031,0.0003,-0.0003,-0.0018
151.6002,0.0165,-0.0181,0.1727,-0.0189,-0.0193,-0.0014,0.0778,-0.0593,87.8031,0.0003,-0.0003,-0.0018
151.7002,0.0163,-0.0179,0.1712,-0.0192,-0.0192,-0.0015,0.0774,-0.0590,87.8007,0.0003,-0.0003,-0.0018
151.8002,0.0163,-0.0179,0.1712,-0.0192,-0.0192,-0.0015,0.0774,-0.0590,87.8007,0.0003,-0.0003,-0.0018
151.9002,0.0163,-0.0179,0.1712,-0.0192,-0.0192,-0.0015,0.0774,-0.0590,87.8007,0.0003,-0.0003,-0.0018
152.0002,0.0163,-0.0179,0.1712,-0.0192,-0.0192,-0.0015,0.0774,-0.0590,87.8007,0.0003,-0.0003,-0.0018
152.1002,0.0163,-0.0179,0.1712,-0.0192,-0.0192,-0.0015,0.0774,-0.0590,87.8007,0.0003,-0.0003,-0.0018
152.2002,0.0166,-0.0181,0.1695,-0.0198,-0.0194,-0.0014,0.0776,-0.0589,87.7979,0.0004,-0.0003,-0.0019
152.3002,0.0166,-0.0181,0.1695,-0.0198,-0.0194,-0.0014,0.0776,-0.0589,87.7979,0.0004,-0.0003,-0.0019
152.4003,0.0166,-0.0181,0.1695,-0.0198,-0.0194,-0.0014,0.0776,-0.0589,87.7979,0.0004,-0.0003,-0.0019
152.5002,0.0166,-0.0181,0.1695,-0.0198,-0.0194,-0.0014,0.0776,-0.0589,87.7979,0.0004,-0.0003,-0.0019
152.6002,0.0166,-0.0181,0.1695,-0.0198,-0.0194,-0.0014,0.0776,-0.0589,87.7979,0.0004,-0.0003,-0.0019
152.7002,0.0164,-0.0178,0.1696,-0.0186,-0.0192,-0.0018,0.0773,-0.0584,87.7955,0.0003,-0.0002,-0.0018
152.8002,0.0164,-0.0178,0.1696,-0.0186,-0.0192,-0.0018,0.0773,-0.0584,87.7955,0.0003,-0.0002,-0.0018
152.9003,0.0164,-0.0178,0.1696,-0.0186,-0.0192,-0.0018,0.0773,-0.0584,87.7955,0.0003,-0.0002,-0.0018
153.0002,0.0164,-0.0178,0.1696,-0.0186,-0.0192,-0.0018,0.0773,-0.0584,87.7955,0.0003,-0.0002,-0.0018
153.1002,0.0164,-0.0178,0.1696,-0.0186,-0.0192,-0.0018,0.0773,-0.0584,87.7955,0.0003,-0.0002,-0.0018
153.2002,0.0166,-0.0180,0.1719,-0.0191,-0.0194,-0.0010,0.0774,-0.0582,87.7931,0.0004,-0.0002,-0.0018
153.3002,0.0166,-0.0180,0.1719,-0.0191,-0.0194,-0.0010,0.0774,-0.0582,87.7931,0.0004,-0.0002,-0.0018
153.4002,0.0166,-0.0180,0.1719,-0.0191,-0.0194,-0.0010,0.0774,-0.0582,87.7931,0.0004,-0.0002,-0.0018
153.5003,0.0166,-0.0180,0.1719,-0.0191,-0.0194,-0.0010,0.0774,-0.0582,87.7931,0.0004,-0.0002,-0.0018
153.6002,0.0166,-0.0180,0.1719,-0.0191,-0.0194,-0.0010,0.0774,-0.0582,87.7931,0.0004,-0.0002,-0.0018
153.7002,0.0166,-0.0180,0.1719,-0.0191,-0.0194,-0.0010,0.0774,-0.0582,87.7931,0.0004,-0.0002,-0.0018
153.8002,0.0164,-0.0178,0.1747,-0.0194,-0.0193,-0.0002,0.0773,-0.0581,87.7904,0.0004,-0.0003,-0.0018
153.9002,0.0164,-0.0178,0.1747,-0.0194,-0.0193,-0.0002,0.0773,-0.0581,87.7904,0.0004,-0.0003,-0.0018
154.0002,0.0164,-0.0178,0.1747,-0.0194,-0.0193,-0.0002,0.0773,-0.0581,87.7904,0.0004,-0.0003,-0.0018
154.1002,0.0164,-0.0178,0.1747,-0.0194,-0.0193,-0.0002,0.0773,-0.0581,87.7904,0.0004,-0.0003,-0.0018
154.2002,0.0164,-0.0178,0.1747,-0.0194,-0.0193,-0.0002,0.0773,-0.0581,87.7904,0.0004,-0.0003,-0.0018
154.3003,0.0166,-0.0180,0.1771,-0.0188,-0.0195,-0.0001,0.0772,-0.0578,87.7879,0.0003,-0.0002,-0.0018
154.4003,0.0166,-0.0180,0.1771,-0.0188,-0.0195,-0.0001,0.0772,-0.0578,87.7879,0.0003,-0.0002,-0.0018
154.5003,0.0166,-0.0180,0.1771,-0.0188,-0.0195,-0.0001,0.0772,-0.0578,87.7879,0.0003,-0.0002,-0.0018
154.6003,0.0166,-0.0180,0.1771,-0.0188,-0.0195,-0.0001,0.0772,-0.0578,87.7879,0.0003,-0.0002,-0.0018
154.7003,0.0166,-0.0180,0.1771,-0.0188,-0.0195,-0.0001,0.0772,-0.0578,87.7879,0.0003,-0.0002,-0.0018
154.8002,0.0164,-0.0177,0.1785,-0.0191,-0.0193,0.0005,0.0770,-0.0577,87.7857,0.0003,-0.0003,-0.0018
154.9002,0.0164,-0.0177,0.1785,-0.0191,-0.0193,0.0005,0.0770,-0.0577,87.7857,0.0003,-0.0003,-0.0018
155.0003,0.0164,-0.0177,0.1785,-0.0191,-0.0193,0.0005,0.0770,-0.0577,87.7857,0.0003,-0.0003,-0.0018
155.1002,0.0164,-0.0177,0.1785,-0.0191,-0.0193,0.0005,0.0770,-0.0577,87.7857,0.0003,-0.0003,-0.0018
155.2002,0.0164,-0.0177,0.1785,-0.0191,-0.0193,0.0005,0.0770,-0.0577,87.7857,0.0003,-0.0003,-0.0018
155.3002,0.0167,-0.0180,0.1792,-0.0197,-0.0195,0.0009,0.0771,-0.0576,87.7833,0.0004,-0.0003,-0.0018
155.4002,0.0167,-0.0180,0.1792,-0.0197,-0.0195,0.0009,0.0771,-0.0576,87.7833,0.0004,-0.0003,-0.0018
155.5002,0.0167,-0.0180,0.1792,-0.0197,-0.0195,0.0009,0.0771,-0.0576,87.7833,0.0004,-0.0003,-0.0018
155.6002,0.0167,-0.0180,0.1792,-0.0197,-0.0195,0.0009,0.0771,-0.0576,87.7833,0.0004,-0.0003,-0.0018
155.7002,0.0167,-0.0180,0.1792,-0.0197,-0.0195,0.0009,0.0771,-0.0576,87.7833,0.0004,-0.0003,-0.0018
155.8002,0.0165,-0.0177,0.1808,-0.0187,-0.0192,0.0007,0.0770,-0.0573,87.7810,0.0003,-0.0003,-0.0018
155.9002,0.0165,-0.0177,0.1808,-0.0187,-0.0192,0.0007,0.0770,-0.0573,87.7810,0.0003,-0.0003,-0.0018
156.0002,0.0165,-0.0177,0.1808,-0.0187,-0.0192,0.0007,0.0770,-0.0573,87.7810,0.0003,-0.0003,-0.0018
156.1002,0.0165,-0.0177,0.1808,-0.0187,-0.0192,0.0007,0.0770,-0.0573,87.7810,0.0003,-0.0003,-0.0018
156.2002,0.0165,-0.0177,0.1808,-0.0187,-0.0192,0.0007,0.0770,-0.0573,87.7810,0.0003,-0.0003,-0.0018
156.3002,0.0165,-0.0177,0.1808,-0.0187,-0.0192,0.0007,0.0770,-0.0573,87.7810,0.0003,-0.0003,-0.0018
156.4002,0.0167,-0.0180,0.1823,-0.0193,-0.0195,0.0013,0.0770,-0.0573,87.7789,0.0004,-0.0003,-0.0018
156.5002,0.0167,-0.0180,0.1823,-0.0193,-0.0195,0.0013,0.0770,-0.0573,87.7789,0.0004,-0.0003,-0.0018
156.6003,0.0167,-0.0180,0.1823,-0.0193,-0.0195,0.0013,0.0770,-0.0573,87.7789,0.0004,-0.0003,-0.0018
156.7002,0.0167,-0.0180,0.1823,-0.0193,-0.0195,0.0013,0.0770,-0.0573,87.7789,0.0004,-0.0003,-0.0018
156.8002,0.0167,-0.0180,0.1823,-0.0193,-0.0195,0.0013,0.0770,-0.0573,87.7789,0.0004,-0.0003,-0.0018
156.9003,0.0165,-0.0177,0.1821,-0.0196,-0.0193,0.0014,0.0769,-0.0568,87.7763,0.0004,-0.0002,-0.0018
157.0002,0.0165,-0.0177,0.1821,-0.0196,-0.0193,0.0014,0.0769,-0.0568,87.7763,0.0004,-0.0002,-0.0018
157.1002,0.0165,-0.0177,0.1821,-0.0196,-0.0193,0.0014,0.0769,-0.0568,87.7763,0.0004,-0.0002,-0.0018
157.2002,0.0165,-0.0177,0.1821,-0.0196,-0.0193,0.0014,0.0769,-0.0568,87.7763,0.0004,-0.0002,-0.0018
157.3002,0.0165,-0.0177,0.1821,-0.0196,-0.0193,0.0014,0.0769,-0.0568,87.7763,0.0004,-0.0002,-0.0018
157.4003,0.0167,-0.0180,0.1815,-0.0188,-0.0195,0.0008,0.0768,-0.0569,87.7736,0.0003,-0.0003,-0.0018
157.5004,0.0167,-0.0180,0.1815,-0.0188,-0.0195,0.0008,0.0768,-0.0569,87.7736,0.0003,-0.0003,-0.0018
157.6003,0.0167,-0.0180,0.1815,-0.0188,-0.0195,0.0008,0.0768,-0.0569,87.7736,0.0003,-0.0003,-0.0018
157.7002,0.0167,-0.0180,0.1815,-0.0188,-0.0195,0.0008,0.0768,-0.0569,87.7736,0.0003,-0.0003,-0.0018
157.8002,0.0167,-0.0180,0.1815,-0.0188,-0.0195,0.0008,0.0768,-0.0569,87.7736,0.0003,-0.0003,-0.0018
157.9002,0.0165,-0.0177,0.1811,-0.0192,-0.0193,0.0009,0.0766,-0.0568,87.7709,0.0004,-0.0003,-0.0018
158.0002,0.0165,-0.0177,0.1811,-0.0192,-0.0193,0.0009,0.0766,-0.0568,87.7709,0.0004,-0.0003,-0.0018
158.1003,0.0165,-0.0177,0.1811,-0.0192,-0.0193,0.0009,0.0766,-0.0568,87.7709,0.0004,-0.0003,-0.0018
158.2003,0.0165,-0.0177,0.1811,-0.0192,-0.0193,0.0009,0.0766,-0.0568,87.7709,0.0004,-0.0003,-0.0018
158.3003,0.0165,-0.0177,0.1811,-0.0192,-0.0193,0.0009,0.0766,-0.0568,87.7709,0.0004,-0.0003,-0.0018
158.4002,0.0165,-0.0177,0.1811,-0.0192,-0.0193,0.0009,0.0766,-0.0568,87.7709,0.0004,-0.0003,-0.0018
158.5002,0.0167,-0.0180,0.1793,-0.0198,-0.0194,0.0008,0.0762,-0.0565,87.7684,0.0003,-0.0002,-0.0018
158.6002,0.0167,-0.0180,0.1793,-0.0198,-0.0194,0.0008,0.0762,-0.0565,87.7684,0.0003,-0.0002,-0.0018
158.7002,0.0167,-0.0180,0.1793,-0.0198,-0.0194,0.0008,0.0762,-0.0565,87.7684,0.0003,-0.0002,-0.0018
158.8002,0.0167,-0.0180,0.1793,-0.0198,-0.0194,0.0008,0.0762,-0.0565,87.7684,0.0003,-0.0002,-0.0018
158.9002,0.0167,-0.0180,0.1793,-0.0198,-0.0194,0.0008,0.0762,-0.0565,87.7684,0.0003,-0.0002,-0.0018
159.0002,0.0165,-0.0178,0.1766,-0.0188,-0.0194,-0.0004,0.0762,-0.0567,87.7661,0.0004,-0.0003,-0.0018
159.1003,0.0165,-0.0178,0.1766,-0.0188,-0.0194,-0.0004,0.0762,-0.0567,87.7661,0.0004,-0.0003,-0.0018
159.2003,0.0165,-0.0178,0.1766,-0.0188,-0.0194,-0.0004,0.0762,-0.0567,87.7661,0.0004,-0.0003,-0.0018
159.3003,0.0165,-0.0178,0.1766,-0.0188,-0.0194,-0.0004,0.0762,-0.0567,87.7661,0.0004,-0.0003,-0.0018
159.4003,0.0165,-0.0178,0.1766,-0.0188,-0.0194,-0.0004,0.0762,-0.0567,87.7661,0.0004,-0.0003,-0.0018
159.5002,0.0167,-0.0180,0.1737,-0.0194,-0.0195,-0.0007,0.0760,-0.0567,87.7638,0.0003,-0.0003,-0.0018
159.6003,0.0167,-0.0180,0.1737,-0.0194,-0.0195,-0.0007,0.0760,-0.0567,87.7638,0.0003,-0.0003,-0.0018
159.7003,0.0167,-0.0180,0.1737,-0.0194,-0.0195,-0.0007,0.0760,-0.0567,87.7638,0.0003,-0.0003,-0.0018
159.8002,0.0167,-0.0180,0.1737,-0.0194,-0.0195,-0.0007,0.0760,-0.0567,87.7638,0.0003,-0.0003,-0.0018
159.9002,0.0167,-0.0180,0.1737,-0.0194,-0.0195,-0.0007,0.0760,-0.0567,87.7638,0.0003,-0.0003,-0.0018
160.0002,0.0165,-0.0178,0.1711,-0.0197,-0.0193,-0.0009,0.0756,-0.0566,87.7611,0.0003,-0.0003,-0.0018
160.1003,0.0165,-0.0178,0.1711,-0.0197,-0.0193,-0.0009,0.0756,-0.0566,87.7611,0.0003,-0.0003,-0.0018
160.2002,0.0165,-0.0178,0.1711,-0.0197,-0.0193,-0.0009,0.0756,-0.0566,87.7611,0.0003,-0.0003,-0.0018
160.3002,0.0165,-0.0178,0.1711,-0.0197,-0.0193,-0.0009,0.0756,-0.0566,87.7611,0.0003,-0.0003,-0.0018
160.4002,0.0165,-0.0178,0.1711,-0.0197,-0.0193,-0.0009,0.0756,-0.0566,87.7611,0.0003,-0.0003,-0.0018
160.5002,0.0167,-0.0180,0.1690,-0.0189,-0.0195,-0.0018,0.0752,-0.0566,87.7586,0.0003,-0.0003,-0.0018
160.6003,0.0167,-0.0180,0.1690,-0.0189,-0.0195,-0.0018,0.0752,-0.0566,87.7586,0.0003,-0.0003,-0.0018
160.7002,0.0167,-0.0180,0.1690,-0.0189,-0.0195,-0.0018,0.0752,-0.0566,87.7586,0.0003,-0.0003,-0.0018
160.8002,0.0167,-0.0180,0.1690,-0.0189,-0.0195,-0.0018,0.0752,-0.0566,87.7586,0.0003,-0.0003,-0.0018
160.9002,0.0167,-0.0180,0.1690,-0.0189,-0.0195,-0.0018,0.0752,-0.0566,87.7586,0.0003,-0.0003,-0.0018
161.0003,0.0167,-0.0180,0.1690,-0.0189,-0.0195,-0.0018,0.0752,-0.0566,87.7586,0.0003,-0.0003,-0.0018
161.1003,0.0165,-0.0178,0.1672,-0.0192,-0.0192,-0.0019,0.0748,-0.0565,87.7559,0.0003,-0.0003,-0.0018
161.2002,0.0165,-0.0178,0.1672,-0.0192,-0.0192,-0.0019,0.0748,-0.0565,87.7559,0.0003,-0.0003,-0.0018
161.3002,0.0165,-0.0178,0.1672,-0.0192,-0.0192,-0.0019,0.0748,-0.0565,87.7559,0.0003,-0.0003,-0.0018
161.4002,0.0165,-0.0178,0.1672,-0.0192,-0.0192,-0.0019,0.0748,-0.0565,87.7559,0.0003,-0.0003,-0.0018
161.5002,0.0165,-0.0178,0.1672,-0.0192,-0.0192,-0.0019,0.0748,-0.0565,87.7559,0.0003,-0.0003,-0.0018
161.6002,0.0167,-0.0180,0.1657,-0.0197,-0.0193,-0.0019,0.0746,-0.0567,87.7534,0.0003,-0.0003,-0.0018
161.7002,0.0167,-0.0180,0.1657,-0.0197,-0.0193,-0.0019,0.0746,-0.0567,87.7534,0.0003,-0.0003,-0.0018
161.8002,0.0167,-0.0180,0.1657,-0.0197,-0.0193,-0.0019,0.0746,-0.0567,87.7534,0.0003,-0.0003,-0.0018
161.9002,0.0167,-0.0180,0.1657,-0.0197,-0.0193,-0.0019,0.0746,-0.0567,87.7534,0.0003,-0.0003,-0.0018
162.0002,0.0167,-0.0180,0.1657,-0.0197,-0.0193,-0.0019,0.0746,-0.0567,87.7534,0.0003,-0.0003,-0.0018
162.1003,0.0165,-0.0178,0.1632,-0.0187,-0.0191,-0.0028,0.0743,-0.0568,87.7509,0.0003,-0.0003,-0.0018
162.2003,0.0165,-0.0178,0.1632,-0.0187,-0.0191,-0.0028,0.0743,-0.0568,87.7509,0.0003,-0.0003,-0.0018
162.3002,0.0165,-0.0178,0.1632,-0.0187,-0.0191,-0.0028,0.0743,-0.0568,87.7509,0.0003,-0.0003,-0.0018
162.4002,0.0165,-0.0178,0.1632,-0.0187,-0.0191,-0.0028,0.0743,-0.0568,87.7509,0.0003,-0.0003,-0.0018
162.5002,0.0165,-0.0178,0.1632,-0.0187,-0.0191,-0.0028,0.0743,-0.0568,87.7509,0.0003,-0.0003,-0.0018
162.6002,0.0167,-0.0180,0.1614,-0.0193,-0.0191,-0.0029,0.0742,-0.0568,87.7484,0.0003,-0.0003,-0.0018
162.7002,0.0167,-0.0180,0.1614,-0.0193,-0.0191,-0.0029,0.0742,-0.0568,87.7484,0.0003,-0.0003,-0.0018
162.8002,0.0167,-0.0180,0.1614,-0.0193,-0.0191,-0.0029,0.0742,-0.0568,87.7484,0.0003,-0.0003,-0.0018
162.9003,0.0167,-0.0180,0.1614,-0.0193,-0.0191,-0.0029,0.0742,-0.0568,87.7484,0.0003,-0.0003,-0.0018
163.0003,0.0167,-0.0180,0.1614,-0.0193,-0.0191,-0.0029,0.0742,-0.0568,87.7484,0.0003,-0.0003,-0.0018
163.1002,0.0164,-0.0177,0.1608,-0.0196,-0.0190,-0.0027,0.0739,-0.0567,87.7458,0.0003,-0.0003,-0.0018
163.2002,0.0164,-0.0177,0.1608,-0.0196,-0.0190,-0.0027,0.0739,-0.0567,87.7458,0.0003,-0.0003,-0.0018
163.3002,0.0164,-0.0177,0.1608,-0.0196,-0.0190,-0.0027,0.0739,-0.0567,87.7458,0.0003,-0.0003,-0.0018
163.4002,0.0164,-0.0177,0.1608,-0.0196,-0.0190,-0.0027,0.0739,-0.0567,87.7458,0.0003,-0.0003,-0.0018
163.5002,0.0164,-0.0177,0.1608,-0.0196,-0.0190,-0.0027,0.0739,-0.0567,87.7458,0.0003,-0.0003,-0.0018
163.6003,0.0164,-0.0177,0.1608,-0.0196,-0.0190,-0.0027,0.0739,-0.0567,87.7458,0.0003,-0.0003,-0.0018
163.7003,0.0166,-0.0180,0.1611,-0.0189,-0.0191,-0.0031,0.0736,-0.0567,87.7432,0.0003,-0.0003,-0.0018
163.8002,0.0166,-0.0180,0.1611,-0.0189,-0.0191,-0.0031,0.0736,-0.0567,87.7432,0.0003,-0.0003,-0.0018
163.9002,0.0166,-0.0180,0.1611,-0.0189,-0.0191,-0.0031,0.0736,-0.0567,87.7432,0.0003,-0.0003,-0.0018
164.0003,0.0166,-0.0180,0.1611,-0.0189,-0.0191,-0.0031,0.0736,-0.0567,87.7432,0.0003,-0.0003,-0.0018
164.1002,0.0166,-0.0180,0.1611,-0.0189,-0.0191,-0.0031,0.0736,-0.0567,87.7432,0.0003,-0.0003,-0.0018
164.2003,0.0164,-0.0178,0.1630,-0.0193,-0.0190,-0.0024,0.0736,-0.0565,87.7410,0.0004,-0.0003,-0.0017
164.3003,0.0164,-0.0178,0.1630,-0.0193,-0.0190,-0.0024,0.0736,-0.0565,87.7410,0.0004,-0.0003,-0.0017
164.4003,0.0164,-0.0178,0.1630,-0.0193,-0.0190,-0.0024,0.0736,-0.0565,87.7410,0.0004,-0.0003,-0.0017
164.5002,0.0164,-0.0178,0.1630,-0.0193,-0.0190,-0.0024,0.0736,-0.0565,87.7410,0.0004,-0.0003,-0.0017
164.6002,0.0164,-0.0178,0.1630,-0.0193,-0.0190,-0.0024,0.0736,-0.0565,87.7410,0.0004,-0.0003,-0.0017
164.7003,0.0166,-0.0180,0.1652,-0.0198,-0.0191,-0.0015,0.0737,-0.0564,87.7383,0.0004,-0.0003,-0.0018
164.8002,0.0166,-0.0180,0.1652,-0.0198,-0.0191,-0.0015,0.0737,-0.0564,87.7383,0.0004,-0.0003,-0.0018
164.9002,0.0166,-0.0180,0.1652,-0.0198,-0.0191,-0.0015,0.0737,-0.0564,87.7383,0.0004,-0.0003,-0.0018
165.0003,0.0166,-0.0180,0.1652,-0.0198,-0.0191,-0.0015,0.0737,-0.0564,87.7383,0.0004,-0.0003,-0.0018
165.1002,0.0166,-0.0180,0.1652,-0.0198,-0.0191,-0.0015,0.0737,-0.0564,87.7383,0.0004,-0.0003,-0.0018
165.2003,0.0164,-0.0178,0.1665,-0.0189,-0.0189,-0.0018,0.0734,-0.0564,87.7356,0.0003,-0.0003,-0.0018
165.3002,0.0164,-0.0178,0.1665,-0.0189,-0.0189,-0.0018,0.0734,-0.0564,87.7356,0.0003,-0.0003,-0.0018
165.4002,0.0164,-0.0178,0.1665,-0.0189,-0.0189,-0.0018,0.0734,-0.0564,87.7356,0.0003,-0.0003,-0.0018
165.5002,0.0164,-0.0178,0.1665,-0.0189,-0.0189,-0.0018,0.0734,-0.0564,87.7356,0.0003,-0.0003,-0.0018
165.6002,0.0164,-0.0178,0.1665,-0.0189,-0.0189,-0.0018,0.0734,-0.0564,87.7356,0.0003,-0.0003,-0.0018
165.7002,0.0166,-0.0180,0.1656,-0.0196,-0.0192,-0.0017,0.0732,-0.0561,87.7333,0.0003,-0.0002,-0.0017
165.8002,0.0166,-0.0180,0.1656,-0.0196,-0.0192,-0.0017,0.0732,-0.0561,87.7333,0.0003,-0.0002,-0.0017
165.9002,0.0166,-0.0180,0.1656,-0.0196,-0.0192,-0.0017,0.0732,-0.0561,87.7333,0.0003,-0.0002,-0.0017
166.0003,0.0166,-0.0180,0.1656,-0.0196,-0.0192,-0.0017,0.0732,-0.0561,87.7333,0.0003,-0.0002,-0.0017
166.1002,0.0166,-0.0180,0.1656,-0.0196,-0.0192,-0.0017,0.0732,-0.0561,87.7333,0.0003,-0.0002,-0.0017
166.2002,0.0163,-0.0178,0.1648,-0.0197,-0.0190,-0.0016,0.0732,-0.0561,87.7309,0.0004,-0.0003,-0.0017
166.3003,0.0163,-0.0178,0.1648,-0.0197,-0.0190,-0.0016,0.0732,-0.0561,87.7309,0.0004,-0.0003,-0.0017
166.4002,0.0163,-0.0178,0.1648,-0.0197,-0.0190,-0.0016,0.0732,-0.0561,87.7309,0.0004,-0.0003,-0.0017
166.5002,0.0163,-0.0178,0.1648,-0.0197,-0.0190,-0.0016,0.0732,-0.0561,87.7309,0.0004,-0.0003,-0.0017
166.6002,0.0163,-0.0178,0.1648,-0.0197,-0.0190,-0.0016,0.0732,-0.0561,87.7309,0.0004,-0.0003,-0.0017
166.7002,0.0163,-0.0178,0.1648,-0.0197,-0.0190,-0.0016,0.0732,-0.0561,87.7309,0.0004,-0.0003,-0.0017
166.8003,0.0166,-0.0181,0.1646,-0.0190,-0.0192,-0.0023,0.0732,-0.0562,87.7281,0.0004,-0.0003,-0.0018
166.9004,0.0166,-0.0181,0.1646,-0.0190,-0.0192,-0.0023,0.0732,-0.0562,87.7281,0.0004,-0.0003,-0.0018
167.0003,0.0166,-0.0181,0.1646,-0.0190,-0.0192,-0.0023,0.0732,-0.0562,87.7281,0.0004,-0.0003,-0.0018
167.1004,0.0166,-0.0181,0.1646,-0.0190,-0.0192,-0.0023,0.0732,-0.0562,87.7281,0.0004,-0.0003,-0.0018
167.2003,0.0166,-0.0181,0.1646,-0.0190,-0.0192,-0.0023,0.0732,-0.0562,87.7281,0.0004,-0.0003,-0.0018
167.3003,0.0163,-0.0178,0.1644,-0.0193,-0.0189,-0.0020,0.0733,-0.0558,87.7255,0.0004,-0.0002,-0.0018
167.4002,0.0163,-0.0178,0.1644,-0.0193,-0.0189,-0.0020,0.0733,-0.0558,87.7255,0.0004,-0.0002,-0.0018
167.5002,0.0163,-0.0178,0.1644,-0.0193,-0.0189,-0.0020,0.0733,-0.0558,87.7255,0.0004,-0.0002,-0.0018
167.6002,0.0163,-0.0178,0.1644,-0.0193,-0.0189,-0.0020,0.0733,-0.0558,87.7255,0.0004,-0.0002,-0.0018
167.7003,0.0163,-0.0178,0.1644,-0.0193,-0.0189,-0.0020,0.0733,-0.0558,87.7255,0.0004,-0.0002,-0.0018
167.8003,0.0165,-0.0181,0.1651,-0.0199,-0.0191,-0.0016,0.0730,-0.0557,87.7230,0.0003,-0.0003,-0.0018
167.9003,0.0165,-0.0181,0.1651,-0.0199,-0.0191,-0.0016,0.0730,-0.0557,87.7230,0.0003,-0.0003,-0.0018
168.0003,0.0165,-0.0181,0.1651,-0.0199,-0.0191,-0.0016,0.0730,-0.0557,87.7230,0.0003,-0.0003,-0.0018
168.1002,0.0165,-0.0181,0.1651,-0.0199,-0.0191,-0.0016,0.0730,-0.0557,87.7230,0.0003,-0.0003,-0.0018
168.2003,0.0165,-0.0181,0.1651,-0.0199,-0.0191,-0.0016,0.0730,-0.0557,87.7230,0.0003,-0.0003,-0.0018
168.3003,0.0163,-0.0178,0.1641,-0.0188,-0.0189,-0.0023,0.0726,-0.0556,87.7204,0.0003,-0.0003,-0.0018
168.4002,0.0163,-0.0178,0.1641,-0.0188,-0.0189,-0.0023,0.0726,-0.0556,87.7204,0.0003,-0.0003,-0.0018
168.5002,0.0163,-0.0178,0.1641,-0.0188,-0.0189,-0.0023,0.0726,-0.0556,87.7204,0.0003,-0.0003,-0.0018
168.6002,0.0163,-0.0178,0.1641,-0.0188,-0.0189,-0.0023,0.0726,-0.0556,87.7204,0.0003,-0.0003,-0.0018
168.7002,0.0163,-0.0178,0.1641,-0.0188,-0.0189,-0.0023,0.0726,-0.0556,87.7204,0.0003,-0.0003,-0.0018
168.8002,0.0163,-0.0178,0.1641,-0.0188,-0.0189,-0.0023,0.0726,-0.0556,87.7204,0.0003,-0.0003,-0.0018
168.9003,0.0165,-0.0181,0.1622,-0.0193,-0.0190,-0.0025,0.0724,-0.0556,87.7178,0.0003,-0.0003,-0.0018
169.0003,0.0165,-0.0181,0.1622,-0.0193,-0.0190,-0.0025,0.0724,-0.0556,87.7178,0.0003,-0.0003,-0.0018
169.1003,0.0165,-0.0181,0.1622,-0.0193,-0.0190,-0.0025,0.0724,-0.0556,87.7178,0.0003,-0.0003,-0.0018
169.2003,0.0165,-0.0181,0.1622,-0.0193,-0.0190,-0.0025,0.0724,-0.0556,87.7178,0.0003,-0.0003,-0.0018
169.3002,0.0165,-0.0181,0.1622,-0.0193,-0.0190,-0.0025,0.0724,-0.0556,87.7178,0.0003,-0.0003,-0.0018
169.4003,0.0163,-0.0178,0.1605,-0.0197,-0.0188,-0.0024,0.0722,-0.0552,87.7149,0.0003,-0.0002,-0.0018
169.5002,0.0163,-0.0178,0.1605,-0.0197,-0.0188,-0.0024,0.0722,-0.0552,87.7149,0.0003,-0.0002,-0.0018
169.6003,0.0163,-0.0178,0.1605,-0.0197,-0.0188,-0.0024,0.0722,-0.0552,87.7149,0.0003,-0.0002,-0.0018
169.7002,0.0163,-0.0178,0.1605,-0.0197,-0.0188,-0.0024,0.0722,-0.0552,87.7149,0.0003,-0.0002,-0.0018
169.8002,0.0163,-0.0178,0.1605,-0.0197,-0.0188,-0.0024,0.0722,-0.0552,87.7149,0.0003,-0.0002,-0.0018
169.9003,0.0164,-0.0181,0.1589,-0.0189,-0.0189,-0.0033,0.0723,-0.0550,87.7123,0.0004,-0.0002,-0.0018
170.0003,0.0164,-0.0181,0.1589,-0.0189,-0.0189,-0.0033,0.0723,-0.0550,87.7123,0.0004,-0.0002,-0.0018
170.1003,0.0164,-0.0181,0.1589,-0.0189,-0.0189,-0.0033,0.0723,-0.0550,87.7123,0.0004,-0.0002,-0.0018
170.2003,0.0164,-0.0181,0.1589,-0.0189,-0.0189,-0.0033,0.0723,-0.0550,87.7123,0.0004,-0.0002,-0.0018
170.3003,0.0164,-0.0181,0.1589,-0.0189,-0.0189,-0.0033,0.0723,-0.0550,87.7123,0.0004,-0.0002,-0.0018
170.4002,0.0162,-0.0178,0.1570,-0.0192,-0.0188,-0.0033,0.0714,-0.0547,87.7099,0.0002,-0.0003,-0.0017
170.5002,0.0162,-0.0178,0.1570,-0.0192,-0.0188,-0.0033,0.0714,-0.0547,87.7099,0.0002,-0.0003,-0.0017
170.6002,0.0162,-0.0178,0.1570,-0.0192,-0.0188,-0.0033,0.0714,-0.0547,87.7099,0.0002,-0.0003,-0.0017
170.7002,0.0162,-0.0178,0.1570,-0.0192,-0.0188,-0.0033,0.0714,-0.0547,87.7099,0.0002,-0.0003,-0.0017
170.8002,0.0162,-0.0178,0.1570,-0.0192,-0.0188,-0.0033,0.0714,-0.0547,87.7099,0.0002,-0.0003,-0.0017
170.9002,0.0164,-0.0181,0.1551,-0.0197,-0.0190,-0.0034,0.0711,-0.0548,87.7072,0.0003,-0.0003,-0.0018
171.0002,0.0164,-0.0181,0.1551,-0.0197,-0.0190,-0.0034,0.0711,-0.0548,87.7072,0.0003,-0.0003,-0.0018
171.1002,0.0164,-0.0181,0.1551,-0.0197,-0.0190,-0.0034,0.0711,-0.0548,87.7072,0.0003,-0.0003,-0.0018
171.2002,0.0164,-0.0181,0.1551,-0.0197,-0.0190,-0.0034,0.0711,-0.0548,87.7072,0.0003,-0.0003,-0.0018
171.3002,0.0164,-0.0181,0.1551,-0.0197,-0.0190,-0.0034,0.0711,-0.0548,87.7072,0.0003,-0.0003,-0.0018
171.4002,0.0164,-0.0181,0.1551,-0.0197,-0.0190,-0.0034,0.0711,-0.0548,87.7072,0.0003,-0.0003,-0.0018
171.5002,0.0162,-0.0178,0.1540,-0.0186,-0.0189,-0.0039,0.0709,-0.0545,87.7043,0.0003,-0.0003,-0.0018
171.6002,0.0162,-0.0178,0.1540,-0.0186,-0.0189,-0.0039,0.0709,-0.0545,87.7043,0.0003,-0.0003,-0.0018
171.7002,0.0162,-0.0178,0.1540,-0.0186,-0.0189,-0.0039,0.0709,-0.0545,87.7043,0.0003,-0.0003,-0.0018
171.8002,0.0162,-0.0178,0.1540,-0.0186,-0.0189,-0.0039,0.0709,-0.0545,87.7043,0.0003,-0.0003,-0.0018
171.9002,0.0162,-0.0178,0.1540,-0.0186,-0.0189,-0.0039,0.0709,-0.0545,87.7043,0.0003,-0.0003,-0.0018
172.0002,0.0164,-0.0180,0.1547,-0.0192,-0.0190,-0.0033,0.0710,-0.0544,87.7019,0.0004,-0.0003,-0.0017
172.1002,0.0164,-0.0180,0.1547,-0.0192,-0.0190,-0.0033,0.0710,-0.0544,87.7019,0.0004,-0.0003,-0.0017
172.2002,0.0164,-0.0180,0.1547,-0.0192,-0.0190,-0.0033,0.0710,-0.0544,87.7019,0.0004,-0.0003,-0.0017
172.3002,0.0164,-0.0180,0.1547,-0.0192,-0.0190,-0.0033,0.0710,-0.0544,87.7019,0.0004,-0.0003,-0.0017
172.4002,0.0164,-0.0180,0.1547,-0.0192,-0.0190,-0.0033,0.0710,-0.0544,87.7019,0.0004,-0.0003,-0.0017
172.5004,0.0162,-0.0178,0.1564,-0.0195,-0.0189,-0.0027,0.0708,-0.0541,87.6990,0.0003,-0.0003,-0.0018
172.6002,0.0162,-0.0178,0.1564,-0.0195,-0.0189,-0.0027,0.0708,-0.0541,87.6990,0.0003,-0.0003,-0.0018
172.7003,0.0162,-0.0178,0.1564,-0.0195,-0.0189,-0.0027,0.0708,-0.0541,87.6990,0.0003,-0.0003,-0.0018
172.8003,0.0162,-0.0178,0.1564,-0.0195,-0.0189,-0.0027,0.0708,-0.0541,87.6990,0.0003,-0.0003,-0.0018
172.9003,0.0162,-0.0178,0.1564,-0.0195,-0.0189,-0.0027,0.0708,-0.0541,87.6990,0.0003,-0.0003,-0.0018
173.0003,0.0164,-0.0180,0.1583,-0.0188,-0.0191,-0.0028,0.0708,-0.0542,87.6964,0.0003,-0.0003,-0.0018
173.1003,0.0164,-0.0180,0.1583,-0.0188,-0.0191,-0.0028,0.0708,-0.0542,87.6964,0.0003,-0.0003,-0.0018
173.2003,0.0164,-0.0180,0.1583,-0.0188,-0.0191,-0.0028,0.0708,-0.0542,87.6964,0.0003,-0.0003,-0.0018
173.3002,0.0164,-0.0180,0.1583,-0.0188,-0.0191,-0.0028,0.0708,-0.0542,87.6964,0.0003,-0.0003,-0.0018
173.4002,0.0164,-0.0180,0.1583,-0.0188,-0.0191,-0.0028,0.0708,-0.0542,87.6964,0.0003,-0.0003,-0.0018
173.5002,0.0164,-0.0180,0.1583,-0.0188,-0.0191,-0.0028,0.0708,-0.0542,87.6964,0.0003,-0.0003,-0.0018
173.6003,0.0162,-0.0177,0.1595,-0.0190,-0.0189,-0.0023,0.0710,-0.0542,87.6939,0.0004,-0.0003,-0.0017
173.7003,0.0162,-0.0177,0.1595,-0.0190,-0.0189,-0.0023,0.0710,-0.0542,87.6939,0.0004,-0.0003,-0.0017
173.8003,0.0162,-0.0177,0.1595,-0.0190,-0.0189,-0.0023,0.0710,-0.0542,87.6939,0.0004,-0.0003,-0.0017
173.9003,0.0162,-0.0177,0.1595,-0.0190,-0.0189,-0.0023,0.0710,-0.0542,87.6939,0.0004,-0.0003,-0.0017
174.0003,0.0162,-0.0177,0.1595,-0.0190,-0.0189,-0.0023,0.0710,-0.0542,87.6939,0.0004,-0.0003,-0.0017
174.1003,0.0164,-0.0180,0.1596,-0.0195,-0.0191,-0.0020,0.0707,-0.0544,87.6912,0.0003,-0.0003,-0.0018
174.2003,0.0164,-0.0180,0.1596,-0.0195,-0.0191,-0.0020,0.0707,-0.0544,87.6912,0.0003,-0.0003,-0.0018
174.3002,0.0164,-0.0180,0.1596,-0.0195,-0.0191,-0.0020,0.0707,-0.0544,87.6912,0.0003,-0.0003,-0.0018
174.4002,0.0164,-0.0180,0.1596,-0.0195,-0.0191,-0.0020,0.0707,-0.0544,87.6912,0.0003,-0.0003,-0.0018
174.5002,0.0164,-0.0180,0.1596,-0.0195,-0.0191,-0.0020,0.0707,-0.0544,87.6912,0.0003,-0.0003,-0.0018
174.6003,0.0162,-0.0177,0.1583,-0.0183,-0.0189,-0.0028,0.0705,-0.0544,87.6887,0.0003,-0.0003,-0.0017
174.7002,0.0162,-0.0177,0.1583,-0.0183,-0.0189,-0.0028,0.0705,-0.0544,87.6887,0.0003,-0.0003,-0.0017
174.8002,0.0162,-0.0177,0.1583,-0.0183,-0.0189,-0.0028,0.0705,-0.0544,87.6887,0.0003,-0.0003,-0.0017
174.9002,0.0162,-0.0177,0.1583,-0.0183,-0.0189,-0.0028,0.0705,-0.0544,87.6887,0.0003,-0.0003,-0.0017
175.0002,0.0162,-0.0177,0.1583,-0.0183,-0.0189,-0.0028,0.0705,-0.0544,87.6887,0.0003,-0.0003,-0.0017
175.1003,0.0164,-0.0179,0.1570,-0.0189,-0.0189,-0.0029,0.0704,-0.0545,87.6861,0.0003,-0.0003,-0.0017
175.2002,0.0164,-0.0179,0.1570,-0.0189,-0.0189,-0.0029,0.0704,-0.0545,87.6861,0.0003,-0.0003,-0.0017
175.3002,0.0164,-0.0179,0.1570,-0.0189,-0.0189,-0.0029,0.0704,-0.0545,87.6861,0.0003,-0.0003,-0.0017
175.4002,0.0164,-0.0179,0.1570,-0.0189,-0.0189,-0.0029,0.0704,-0.0545,87.6861,0.0003,-0.0003,-0.0017
175.5002,0.0164,-0.0179,0.1570,-0.0189,-0.0189,-0.0029,0.0704,-0.0545,87.6861,0.0003,-0.0003,-0.0017
175.6003,0.0162,-0.0176,0.1573,-0.0191,-0.0187,-0.0025,0.0706,-0.0543,87.6835,0.0004,-0.0003,-0.0017
175.7003,0.0162,-0.0176,0.1573,-0.0191,-0.0187,-0.0025,0.0706,-0.0543,87.6835,0.0004,-0.0003,-0.0017
175.8003,0.0162,-0.0176,0.1573,-0.0191,-0.0187,-0.0025,0.0706,-0.0543,87.6835,0.0004,-0.0003,-0.0017
175.9003,0.0162,-0.0176,0.1573,-0.0191,-0.0187,-0.0025,0.0706,-0.0543,87.6835,0.0004,-0.0003,-0.0017
176.0002,0.0162,-0.0176,0.1573,-0.0191,-0.0187,-0.0025,0.0706,-0.0543,87.6835,0.0004,-0.0003,-0.0017
176.1002,0.0162,-0.0176,0.1573,-0.0191,-0.0187,-0.0025,0.0706,-0.0543,87.6835,0.0004,-0.0003,-0.0017
176.2002,0.0164,-0.0178,0.1593,-0.0183,-0.0188,-0.0026,0.0707,-0.0543,87.6811,0.0004,-0.0003,-0.0017
176.3002,0.0164,-0.0178,0.1593,-0.0183,-0.0188,-0.0026,0.0707,-0.0543,87.6811,0.0004,-0.0003,-0.0017
176.4002,0.0164,-0.0178,0.1593,-0.0183,-0.0188,-0.0026,0.0707,-0.0543,87.6811,0.0004,-0.0003,-0.0017
176.5002,0.0164,-0.0178,0.1593,-0.0183,-0.0188,-0.0026,0.0707,-0.0543,87.6811,0.0004,-0.0003,-0.0017
176.6002,0.0164,-0.0178,0.1593,-0.0183,-0.0188,-0.0026,0.0707,-0.0543,87.6811,0.0004,-0.0003,-0.0017
176.7002,0.0161,-0.0176,0.1620,-0.0186,-0.0187,-0.0017,0.0710,-0.0546,87.6786,0.0004,-0.0004,-0.0017
176.8002,0.0161,-0.0176,0.1620,-0.0186,-0.0187,-0.0017,0.0710,-0.0546,87.6786,0.0004,-0.0004,-0.0017
176.9002,0.0161,-0.0176,0.1620,-0.0186,-0.0187,-0.0017,0.0710,-0.0546,87.6786,0.0004,-0.0004,-0.0017
177.0002,0.0161,-0.0176,0.1620,-0.0186,-0.0187,-0.0017,0.0710,-0.0546,87.6786,0.0004,-0.0004,-0.0017
177.1003,0.0161,-0.0176,0.1620,-0.0186,-0.0187,-0.0017,0.0710,-0.0546,87.6786,0.0004,-0.0004,-0.0017
177.2003,0.0163,-0.0178,0.1649,-0.0191,-0.0187,-0.0008,0.0709,-0.0546,87.6759,0.0003,-0.0003,-0.0017
177.3002,0.0163,-0.0178,0.1649,-0.0191,-0.0187,-0.0008,0.0709,-0.0546,87.6759,0.0003,-0.0003,-0.0017
177.4002,0.0163,-0.0178,0.1649,-0.0191,-0.0187,-0.0008,0.0709,-0.0546,87.6759,0.0003,-0.0003,-0.0017
177.5003,0.0163,-0.0178,0.1649,-0.0191,-0.0187,-0.0008,0.0709,-0.0546,87.6759,0.0003,-0.0003,-0.0017
177.6003,0.0163,-0.0178,0.1649,-0.0191,-0.0187,-0.0008,0.0709,-0.0546,87.6759,0.0003,-0.0003,-0.0017
177.7003,0.0161,-0.0175,0.1669,-0.0181,-0.0186,-0.0008,0.0711,-0.0545,87.6732,0.0004,-0.0003,-0.0017
177.8002,0.0161,-0.0175,0.1669,-0.0181,-0.0186,-0.0008,0.0711,-0.0545,87.6732,0.0004,-0.0003,-0.0017
177.9002,0.0161,-0.0175,0.1669,-0.0181,-0.0186,-0.0008,0.0711,-0.0545,87.6732,0.0004,-0.0003,-0.0017
178.0002,0.0161,-0.0175,0.1669,-0.0181,-0.0186,-0.0008,0.0711,-0.0545,87.6732,0.0004,-0.0003,-0.0017
178.1002,0.0161,-0.0175,0.1669,-0.0181,-0.0186,-0.0008,0.0711,-0.0545,87.6732,0.0004,-0.0003,-0.0017
178.2002,0.0163,-0.0177,0.1696,-0.0187,-0.0188,-0.0001,0.0712,-0.0547,87.6705,0.0004,-0.0003,-0.0018
178.3003,0.0163,-0.0177,0.1696,-0.0187,-0.0188,-0.0001,0.0712,-0.0547,87.6705,0.0004,-0.0003,-0.0018
178.4003,0.0163,-0.0177,0.1696,-0.0187,-0.0188,-0.0001,0.0712,-0.0547,87.6705,0.0004,-0.0003,-0.0018
178.5004,0.0163,-0.0177,0.1696,-0.0187,-0.0188,-0.0001,0.0712,-0.0547,87.6705,0.0004,-0.0003,-0.0018
178.6002,0.0163,-0.0177,0.1696,-0.0187,-0.0188,-0.0001,0.0712,-0.0547,87.6705,0.0004,-0.0003,-0.0018
178.7002,0.0163,-0.0177,0.1696,-0.0187,-0.0188,-0.0001,0.0712,-0.0547,87.6705,0.0004,-0.0003,-0.0018
178.8002,0.0161,-0.0174,0.1735,-0.0192,-0.0188,0.0010,0.0713,-0.0545,87.6680,0.0004,-0.0003,-0.0017
178.9002,0.0161,-0.0174,0.1735,-0.0192,-0.0188,0.0010,0.0713,-0.0545,87.6680,0.0004,-0.0003,-0.0017
179.0002,0.0161,-0.0174,0.1735,-0.0192,-0.0188,0.0010,0.0713,-0.0545,87.6680,0.0004,-0.0003,-0.0017
179.1002,0.0161,-0.0174,0.1735,-0.0192,-0.0188,0.0010,0.0713,-0.0545,87.6680,0.0004,-0.0003,-0.0017
179.2003,0.0161,-0.0174,0.1735,-0.0192,-0.0188,0.0010,0.0713,-0.0545,87.6680,0.0004,-0.0003,-0.0017
179.3003,0.0163,-0.0177,0.1786,-0.0184,-0.0190,0.0015,0.0714,-0.0546,87.6654,0.0004,-0.0003,-0.0017
179.4002,0.0163,-0.0177,0.1786,-0.0184,-0.0190,0.0015,0.0714,-0.0546,87.6654,0.0004,-0.0003,-0.0017
179.5002,0.0163,-0.0177,0.1786,-0.0184,-0.0190,0.0015,0.0714,-0.0546,87.6654,0.0004,-0.0003,-0.0017
179.6002,0.0163,-0.0177,0.1786,-0.0184,-0.0190,0.0015,0.0714,-0.0546,87.6654,0.0004,-0.0003,-0.0017
179.7003,0.0163,-0.0177,0.1786,-0.0184,-0.0190,0.0015,0.0714,-0.0546,87.6654,0.0004,-0.0003,-0.0017
179.8003,0.0161,-0.0174,0.1831,-0.0188,-0.0187,0.0026,0.0714,-0.0546,87.6629,0.0004,-0.0003,-0.0017
179.9003,0.0161,-0.0174,0.1831,-0.0188,-0.0187,0.0026,0.0714,-0.0546,87.6629,0.0004,-0.0003,-0.0017
180.0002,0.0161,-0.0174,0.1831,-0.0188,-0.0187,0.0026,0.0714,-0.0546,87.6629,0.0004,-0.0003,-0.0017
