t,x,y,z,vx,vy,vz,roll_deg,pitch_deg,yaw_deg,roll_rate,pitch_rate,yaw_rate
0.0000,0.0123,-0.0112,-1.7997,-0.0147,-0.0151,-0.0038,0.0876,-0.0666,91.0892,0.0002,-0.0003,-0.0001
0.1001,0.0123,-0.0112,-1.7997,-0.0147,-0.0151,-0.0038,0.0876,-0.0666,91.0892,0.0002,-0.0003,-0.0001
0.2000,0.0123,-0.0112,-1.7997,-0.0147,-0.0151,-0.0038,0.0876,-0.0666,91.0892,0.0002,-0.0003,-0.0001
0.2999,0.0123,-0.0112,-1.7997,-0.0147,-0.0151,-0.0038,0.0876,-0.0666,91.0892,0.0002,-0.0003,-0.0001
0.4000,0.0123,-0.0112,-1.7997,-0.0147,-0.0151,-0.0038,0.0876,-0.0666,91.0892,0.0002,-0.0003,-0.0001
0.4999,0.0123,-0.0112,-1.7997,-0.0147,-0.0151,-0.0038,0.0876,-0.0666,91.0892,0.0002,-0.0003,-0.0001
0.6001,0.0123,-0.0112,-1.7997,-0.0147,-0.0151,-0.0038,0.0876,-0.0666,91.0892,0.0002,-0.0003,-0.0001
0.6999,0.0123,-0.0112,-1.7997,-0.0147,-0.0151,-0.0038,0.0876,-0.0666,91.0892,0.0002,-0.0003,-0.0001
0.7999,0.0123,-0.0112,-1.7997,-0.0147,-0.0151,-0.0038,0.0876,-0.0666,91.0892,0.0002,-0.0003,-0.0001
0.8999,0.0123,-0.0112,-1.7997,-0.0147,-0.0151,-0.0038,0.0876,-0.0666,91.0892,0.0002,-0.0003,-0.0001
1.0001,0.0123,-0.0112,-1.7997,-0.0147,-0.0151,-0.0038,0.0876,-0.0666,91.0892,0.0002,-0.0003,-0.0001
1.1000,0.0123,-0.0112,-1.7997,-0.0147,-0.0151,-0.0038,0.0876,-0.0666,91.0892,0.0002,-0.0003,-0.0001
1.2000,0.0123,-0.0112,-1.7997,-0.0147,-0.0151,-0.0038,0.0876,-0.0666,91.0892,0.0002,-0.0003,-0.0001
1.3000,0.0123,-0.0112,-1.7997,-0.0147,-0.0151,-0.0038,0.0876,-0.0666,91.0892,0.0002,-0.0003,-0.0001
1.4000,0.0123,-0.0112,-1.7997,-0.0147,-0.0151,-0.0038,0.0876,-0.0666,91.0892,0.0002,-0.0003,-0.0001
1.5001,0.0123,-0.0112,-1.7997,-0.0147,-0.0151,-0.0038,0.0876,-0.0666,91.0892,0.0002,-0.0003,-0.0001
1.6000,0.0123,-0.0112,-1.7997,-0.0147,-0.0151,-0.0038,0.0876,-0.0666,91.0892,0.0002,-0.0003,-0.0001
1.6999,0.0123,-0.0112,-1.7997,-0.0147,-0.0151,-0.0038,0.0876,-0.0666,91.0892,0.0002,-0.0003,-0.0001
1.8000,0.0123,-0.0112,-1.7997,-0.0147,-0.0151,-0.0038,0.0876,-0.0666,91.0892,0.0002,-0.0003,-0.0001
1.8999,0.0123,-0.0112,-1.7997,-0.0147,-0.0151,-0.0038,0.0876,-0.0666,91.0892,0.0002,-0.0003,-0.0001
2.0000,0.0123,-0.0112,-1.7997,-0.0147,-0.0151,-0.0038,0.0876,-0.0666,91.0892,0.0002,-0.0003,-0.0001
2.0999,0.0123,-0.0112,-1.7997,-0.0147,-0.0151,-0.0038,0.0876,-0.0666,91.0892,0.0002,-0.0003,-0.0001
2.2000,0.0123,-0.0112,-1.7997,-0.0147,-0.0151,-0.0038,0.0876,-0.0666,91.0892,0.0002,-0.0003,-0.0001
2.3000,0.0123,-0.0112,-1.7997,-0.0147,-0.0151,-0.0038,0.0876,-0.0666,91.0892,0.0002,-0.0003,-0.0001
2.4000,0.0123,-0.0112,-1.7997,-0.0147,-0.0151,-0.0038,0.0876,-0.0666,91.0892,0.0002,-0.0003,-0.0001
2.5000,0.0123,-0.0112,-1.7997,-0.0147,-0.0151,-0.0038,0.0876,-0.0666,91.0892,0.0002,-0.0003,-0.0001
2.6000,0.0123,-0.0112,-1.7997,-0.0147,-0.0151,-0.0038,0.0876,-0.0666,91.0892,0.0002,-0.0003,-0.0001
2.7000,0.0123,-0.0112,-1.7997,-0.0147,-0.0151,-0.0038,0.0876,-0.0666,91.0892,0.0002,-0.0003,-0.0001
2.8000,0.0123,-0.0112,-1.7997,-0.0147,-0.0151,-0.0038,0.0876,-0.0666,91.0892,0.0002,-0.0003,-0.0001
2.9000,0.0123,-0.0112,-1.7997,-0.0147,-0.0151,-0.0038,0.0876,-0.0666,91.0892,0.0002,-0.0003,-0.0001
3.0001,0.0123,-0.0112,-1.7997,-0.0147,-0.0151,-0.0038,0.0876,-0.0666,91.0892,0.0002,-0.0003,-0.0001
3.1000,0.0123,-0.0112,-1.7997,-0.0147,-0.0151,-0.0038,0.0876,-0.0666,91.0892,0.0002,-0.0003,-0.0001
3.2000,0.0123,-0.0112,-1.7997,-0.0147,-0.0151,-0.0038,0.0876,-0.0666,91.0892,0.0002,-0.0003,-0.0001
3.3000,0.0123,-0.0112,-1.7997,-0.0147,-0.0151,-0.0038,0.0876,-0.0666,91.0892,0.0002,-0.0003,-0.0001
3.4000,0.0123,-0.0112,-1.7997,-0.0147,-0.0151,-0.0038,0.0876,-0.0666,91.0892,0.0002,-0.0003,-0.0001
3.5000,0.0123,-0.0112,-1.7997,-0.0147,-0.0151,-0.0038,0.0876,-0.0666,91.0892,0.0002,-0.0003,-0.0001
3.6000,0.0123,-0.0112,-1.7997,-0.0147,-0.0151,-0.0038,0.0876,-0.0666,91.0892,0.0002,-0.0003,-0.0001
3.7000,0.0123,-0.0112,-1.7997,-0.0147,-0.0151,-0.0038,0.0876,-0.0666,91.0892,0.0002,-0.0003,-0.0001
3.8000,0.0123,-0.0112,-1.7997,-0.0147,-0.0151,-0.0038,0.0876,-0.0666,91.0892,0.0002,-0.0003,-0.0001
3.9000,0.0123,-0.0112,-1.7997,-0.0147,-0.0151,-0.0038,0.0876,-0.0666,91.0892,0.0002,-0.0003,-0.0001
4.0001,0.0123,-0.0112,-1.7997,-0.0147,-0.0151,-0.0038,0.0876,-0.0666,91.0892,0.0002,-0.0003,-0.0001
4.0999,0.0123,-0.0112,-1.7997,-0.0147,-0.0151,-0.0038,0.0876,-0.0666,91.0892,0.0002,-0.0003,-0.0001
4.2000,0.0123,-0.0112,-1.7997,-0.0147,-0.0151,-0.0038,0.0876,-0.0666,91.0892,0.0002,-0.0003,-0.0001
4.3000,0.0122,-0.0113,-1.7743,-0.0148,-0.0149,-0.0040,0.0874,-0.0667,91.0809,0.0004,-0.0003,-0.0001
4.3999,0.0122,-0.0113,-1.7743,-0.0148,-0.0149,-0.0040,0.0874,-0.0667,91.0809,0.0004,-0.0003,-0.0001
4.4999,0.0122,-0.0113,-1.7743,-0.0148,-0.0149,-0.0040,0.0874,-0.0667,91.0809,0.0004,-0.0003,-0.0001
4.5999,0.0122,-0.0113,-1.7743,-0.0148,-0.0149,-0.0040,0.0874,-0.0667,91.0809,0.0004,-0.0003,-0.0001
4.6999,0.0122,-0.0113,-1.7743,-0.0148,-0.0149,-0.0040,0.0874,-0.0667,91.0809,0.0004,-0.0003,-0.0001
4.7999,0.0122,-0.0113,-1.7743,-0.0148,-0.0149,-0.0040,0.0874,-0.0667,91.0809,0.0004,-0.0003,-0.0001
4.9000,0.0122,-0.0113,-1.7743,-0.0148,-0.0149,-0.0040,0.0874,-0.0667,91.0809,0.0004,-0.0003,-0.0001
5.0000,0.0122,-0.0113,-1.7743,-0.0148,-0.0149,-0.0040,0.0874,-0.0667,91.0809,0.0004,-0.0003,-0.0001
5.0999,0.0122,-0.0113,-1.7743,-0.0148,-0.0149,-0.0040,0.0874,-0.0667,91.0809,0.0004,-0.0003,-0.0001
5.1999,0.0122,-0.0113,-1.7743,-0.0148,-0.0149,-0.0040,0.0874,-0.0667,91.0809,0.0004,-0.0003,-0.0001
5.2999,0.0122,-0.0113,-1.7743,-0.0148,-0.0149,-0.0040,0.0874,-0.0667,91.0809,0.0004,-0.0003,-0.0001
5.4000,0.0122,-0.0113,-1.7743,-0.0148,-0.0149,-0.0040,0.0874,-0.0667,91.0809,0.0004,-0.0003,-0.0001
5.5000,0.0122,-0.0113,-1.7743,-0.0148,-0.0149,-0.0040,0.0874,-0.0667,91.0809,0.0004,-0.0003,-0.0001
5.6000,0.0122,-0.0113,-1.7743,-0.0148,-0.0149,-0.0040,0.0874,-0.0667,91.0809,0.0004,-0.0003,-0.0001
5.6999,0.0122,-0.0113,-1.7743,-0.0148,-0.0149,-0.0040,0.0874,-0.0667,91.0809,0.0004,-0.0003,-0.0001
5.8000,0.0122,-0.0113,-1.7743,-0.0148,-0.0149,-0.0040,0.0874,-0.0667,91.0809,0.0004,-0.0003,-0.0001
5.9000,0.0122,-0.0113,-1.7743,-0.0148,-0.0149,-0.0040,0.0874,-0.0667,91.0809,0.0004,-0.0003,-0.0001
5.9999,0.0122,-0.0113,-1.7743,-0.0148,-0.0149,-0.0040,0.0874,-0.0667,91.0809,0.0004,-0.0003,-0.0001
6.1000,0.0122,-0.0113,-1.7743,-0.0148,-0.0149,-0.0040,0.0874,-0.0667,91.0809,0.0004,-0.0003,-0.0001
6.1999,0.0122,-0.0113,-1.7743,-0.0148,-0.0149,-0.0040,0.0874,-0.0667,91.0809,0.0004,-0.0003,-0.0001
6.3000,0.0122,-0.0113,-1.7743,-0.0148,-0.0149,-0.0040,0.0874,-0.0667,91.0809,0.0004,-0.0003,-0.0001
6.4000,0.0122,-0.0113,-1.7743,-0.0148,-0.0149,-0.0040,0.0874,-0.0667,91.0809,0.0004,-0.0003,-0.0001
6.5000,0.0122,-0.0113,-1.7743,-0.0148,-0.0149,-0.0040,0.0874,-0.0667,91.0809,0.0004,-0.0003,-0.0001
6.5999,0.0122,-0.0113,-1.7743,-0.0148,-0.0149,-0.0040,0.0874,-0.0667,91.0809,0.0004,-0.0003,-0.0001
6.6999,0.0122,-0.0113,-1.7743,-0.0148,-0.0149,-0.0040,0.0874,-0.0667,91.0809,0.0004,-0.0003,-0.0001
6.8000,0.0122,-0.0113,-1.7743,-0.0148,-0.0149,-0.0040,0.0874,-0.0667,91.0809,0.0004,-0.0003,-0.0001
6.9000,0.0122,-0.0113,-1.7743,-0.0148,-0.0149,-0.0040,0.0874,-0.0667,91.0809,0.0004,-0.0003,-0.0001
7.0000,0.0122,-0.0113,-1.7743,-0.0148,-0.0149,-0.0040,0.0874,-0.0667,91.0809,0.0004,-0.0003,-0.0001
7.1000,0.0122,-0.0113,-1.7743,-0.0148,-0.0149,-0.0040,0.0874,-0.0667,91.0809,0.0004,-0.0003,-0.0001
7.2000,0.0122,-0.0113,-1.7743,-0.0148,-0.0149,-0.0040,0.0874,-0.0667,91.0809,0.0004,-0.0003,-0.0001
7.3000,0.0122,-0.0113,-1.7743,-0.0148,-0.0149,-0.0040,0.0874,-0.0667,91.0809,0.0004,-0.0003,-0.0001
7.4000,0.0122,-0.0113,-1.7743,-0.0148,-0.0149,-0.0040,0.0874,-0.0667,91.0809,0.0004,-0.0003,-0.0001
7.5000,0.0122,-0.0113,-1.7743,-0.0148,-0.0149,-0.0040,0.0874,-0.0667,91.0809,0.0004,-0.0003,-0.0001
7.5999,0.0122,-0.0113,-1.7743,-0.0148,-0.0149,-0.0040,0.0874,-0.0667,91.0809,0.0004,-0.0003,-0.0001
7.6999,0.0122,-0.0113,-1.7743,-0.0148,-0.0149,-0.0040,0.0874,-0.0667,91.0809,0.0004,-0.0003,-0.0001
7.8000,0.0122,-0.0113,-1.7743,-0.0148,-0.0149,-0.0040,0.0874,-0.0667,91.0809,0.0004,-0.0003,-0.0001
7.9000,0.0122,-0.0113,-1.7743,-0.0148,-0.0149,-0.0040,0.0874,-0.0667,91.0809,0.0004,-0.0003,-0.0001
7.9999,0.0122,-0.0113,-1.7743,-0.0148,-0.0149,-0.0040,0.0874,-0.0667,91.0809,0.0004,-0.0003,-0.0001
8.1000,0.0122,-0.0113,-1.7743,-0.0148,-0.0149,-0.0040,0.0874,-0.0667,91.0809,0.0004,-0.0003,-0.0001
8.1999,0.0122,-0.0113,-1.7743,-0.0148,-0.0149,-0.0040,0.0874,-0.0667,91.0809,0.0004,-0.0003,-0.0001
8.3000,0.0122,-0.0113,-1.7743,-0.0148,-0.0149,-0.0040,0.0874,-0.0667,91.0809,0.0004,-0.0003,-0.0001
8.3999,0.0122,-0.0113,-1.7743,-0.0148,-0.0149,-0.0040,0.0874,-0.0667,91.0809,0.0004,-0.0003,-0.0001
8.5000,0.0122,-0.0113,-1.7743,-0.0148,-0.0149,-0.0040,0.0874,-0.0667,91.0809,0.0004,-0.0003,-0.0001
8.6000,0.0121,-0.0113,-1.7494,-0.0148,-0.0147,-0.0039,0.0869,-0.0668,91.0737,0.0004,-0.0003,-0.0002
8.7000,0.0121,-0.0113,-1.7494,-0.0148,-0.0147,-0.0039,0.0869,-0.0668,91.0737,0.0004,-0.0003,-0.0002
8.8002,0.0121,-0.0113,-1.7494,-0.0148,-0.0147,-0.0039,0.0869,-0.0668,91.0737,0.0004,-0.0003,-0.0002
8.9000,0.0121,-0.0113,-1.7494,-0.0148,-0.0147,-0.0039,0.0869,-0.0668,91.0737,0.0004,-0.0003,-0.0002
9.0000,0.0121,-0.0113,-1.7494,-0.0148,-0.0147,-0.0039,0.0869,-0.0668,91.0737,0.0004,-0.0003,-0.0002
9.1000,0.0121,-0.0113,-1.7494,-0.0148,-0.0147,-0.0039,0.0869,-0.0668,91.0737,0.0004,-0.0003,-0.0002
9.1999,0.0121,-0.0113,-1.7494,-0.0148,-0.0147,-0.0039,0.0869,-0.0668,91.0737,0.0004,-0.0003,-0.0002
9.2999,0.0121,-0.0113,-1.7494,-0.0148,-0.0147,-0.0039,0.0869,-0.0668,91.0737,0.0004,-0.0003,-0.0002
9.4000,0.0121,-0.0113,-1.7494,-0.0148,-0.0147,-0.0039,0.0869,-0.0668,91.0737,0.0004,-0.0003,-0.0002
9.4999,0.0121,-0.0113,-1.7494,-0.0148,-0.0147,-0.0039,0.0869,-0.0668,91.0737,0.0004,-0.0003,-0.0002
9.6001,0.0121,-0.0113,-1.7494,-0.0148,-0.0147,-0.0039,0.0869,-0.0668,91.0737,0.0004,-0.0003,-0.0002
9.7000,0.0121,-0.0113,-1.7494,-0.0148,-0.0147,-0.0039,0.0869,-0.0668,91.0737,0.0004,-0.0003,-0.0002
9.8001,0.0121,-0.0113,-1.7494,-0.0148,-0.0147,-0.0039,0.0869,-0.0668,91.0737,0.0004,-0.0003,-0.0002
9.9001,0.0121,-0.0113,-1.7494,-0.0148,-0.0147,-0.0039,0.0869,-0.0668,91.0737,0.0004,-0.0003,-0.0002
9.9999,0.0121,-0.0113,-1.7494,-0.0148,-0.0147,-0.0039,0.0869,-0.0668,91.0737,0.0004,-0.0003,-0.0002
10.0999,0.0121,-0.0113,-1.7494,-0.0148,-0.0147,-0.0039,0.0869,-0.0668,91.0737,0.0004,-0.0003,-0.0002
10.1999,0.0121,-0.0113,-1.7494,-0.0148,-0.0147,-0.0039,0.0869,-0.0668,91.0737,0.0004,-0.0003,-0.0002
10.3001,0.0121,-0.0113,-1.7494,-0.0148,-0.0147,-0.0039,0.0869,-0.0668,91.0737,0.0004,-0.0003,-0.0002
10.4001,0.0121,-0.0113,-1.7494,-0.0148,-0.0147,-0.0039,0.0869,-0.0668,91.0737,0.0004,-0.0003,-0.0002
10.5001,0.0121,-0.0113,-1.7494,-0.0148,-0.0147,-0.0039,0.0869,-0.0668,91.0737,0.0004,-0.0003,-0.0002
10.5999,0.0121,-0.0113,-1.7494,-0.0148,-0.0147,-0.0039,0.0869,-0.0668,91.0737,0.0004,-0.0003,-0.0002
10.7000,0.0121,-0.0113,-1.7494,-0.0148,-0.0147,-0.0039,0.0869,-0.0668,91.0737,0.0004,-0.0003,-0.0002
10.8000,0.0121,-0.0113,-1.7494,-0.0148,-0.0147,-0.0039,0.0869,-0.0668,91.0737,0.0004,-0.0003,-0.0002
10.8999,0.0121,-0.0113,-1.7494,-0.0148,-0.0147,-0.0039,0.0869,-0.0668,91.0737,0.0004,-0.0003,-0.0002
11.0000,0.0121,-0.0113,-1.7494,-0.0148,-0.0147,-0.0039,0.0869,-0.0668,91.0737,0.0004,-0.0003,-0.0002
11.1000,0.0121,-0.0113,-1.7494,-0.0148,-0.0147,-0.0039,0.0869,-0.0668,91.0737,0.0004,-0.0003,-0.0002
11.1999,0.0121,-0.0113,-1.7494,-0.0148,-0.0147,-0.0039,0.0869,-0.0668,91.0737,0.0004,-0.0003,-0.0002
11.3001,0.0121,-0.0113,-1.7494,-0.0148,-0.0147,-0.0039,0.0869,-0.0668,91.0737,0.0004,-0.0003,-0.0002
11.4000,0.0121,-0.0113,-1.7494,-0.0148,-0.0147,-0.0039,0.0869,-0.0668,91.0737,0.0004,-0.0003,-0.0002
11.5000,0.0121,-0.0113,-1.7494,-0.0148,-0.0147,-0.0039,0.0869,-0.0668,91.0737,0.0004,-0.0003,-0.0002
11.5999,0.0121,-0.0113,-1.7494,-0.0148,-0.0147,-0.0039,0.0869,-0.0668,91.0737,0.0004,-0.0003,-0.0002
11.7000,0.0121,-0.0113,-1.7494,-0.0148,-0.0147,-0.0039,0.0869,-0.0668,91.0737,0.0004,-0.0003,-0.0002
11.8000,0.0121,-0.0113,-1.7494,-0.0148,-0.0147,-0.0039,0.0869,-0.0668,91.0737,0.0004,-0.0003,-0.0002
11.9001,0.0121,-0.0113,-1.7494,-0.0148,-0.0147,-0.0039,0.0869,-0.0668,91.0737,0.0004,-0.0003,-0.0002
11.9999,0.0121,-0.0113,-1.7494,-0.0148,-0.0147,-0.0039,0.0869,-0.0668,91.0737,0.0004,-0.0003,-0.0002
12.0999,0.0121,-0.0113,-1.7494,-0.0148,-0.0147,-0.0039,0.0869,-0.0668,91.0737,0.0004,-0.0003,-0.0002
12.2000,0.0121,-0.0113,-1.7494,-0.0148,-0.0147,-0.0039,0.0869,-0.0668,91.0737,0.0004,-0.0003,-0.0002
12.3000,0.0121,-0.0113,-1.7494,-0.0148,-0.0147,-0.0039,0.0869,-0.0668,91.0737,0.0004,-0.0003,-0.0002
12.4000,0.0121,-0.0113,-1.7494,-0.0148,-0.0147,-0.0039,0.0869,-0.0668,91.0737,0.0004,-0.0003,-0.0002
12.4999,0.0121,-0.0113,-1.7494,-0.0148,-0.0147,-0.0039,0.0869,-0.0668,91.0737,0.0004,-0.0003,-0.0002
12.5999,0.0121,-0.0113,-1.7494,-0.0148,-0.0147,-0.0039,0.0869,-0.0668,91.0737,0.0004,-0.0003,-0.0002
12.6999,0.0121,-0.0113,-1.7494,-0.0148,-0.0147,-0.0039,0.0869,-0.0668,91.0737,0.0004,-0.0003,-0.0002
12.8000,0.0121,-0.0113,-1.7494,-0.0148,-0.0147,-0.0039,0.0869,-0.0668,91.0737,0.0004,-0.0003,-0.0002
12.9000,0.0120,-0.0113,-1.7247,-0.0148,-0.0148,-0.0038,0.0875,-0.0668,91.0656,0.0004,-0.0002,-0.0002
12.9999,0.0120,-0.0113,-1.7247,-0.0148,-0.0148,-0.0038,0.0875,-0.0668,91.0656,0.0004,-0.0002,-0.0002
13.0999,0.0120,-0.0113,-1.7247,-0.0148,-0.0148,-0.0038,0.0875,-0.0668,91.0656,0.0004,-0.0002,-0.0002
13.2000,0.0120,-0.0113,-1.7247,-0.0148,-0.0148,-0.0038,0.0875,-0.0668,91.0656,0.0004,-0.0002,-0.0002
13.3000,0.0120,-0.0113,-1.7247,-0.0148,-0.0148,-0.0038,0.0875,-0.0668,91.0656,0.0004,-0.0002,-0.0002
13.4000,0.0120,-0.0113,-1.7247,-0.0148,-0.0148,-0.0038,0.0875,-0.0668,91.0656,0.0004,-0.0002,-0.0002
13.5000,0.0120,-0.0113,-1.7247,-0.0148,-0.0148,-0.0038,0.0875,-0.0668,91.0656,0.0004,-0.0002,-0.0002
13.6000,0.0120,-0.0113,-1.7247,-0.0148,-0.0148,-0.0038,0.0875,-0.0668,91.0656,0.0004,-0.0002,-0.0002
13.7000,0.0120,-0.0113,-1.7247,-0.0148,-0.0148,-0.0038,0.0875,-0.0668,91.0656,0.0004,-0.0002,-0.0002
13.8000,0.0120,-0.0113,-1.7247,-0.0148,-0.0148,-0.0038,0.0875,-0.0668,91.0656,0.0004,-0.0002,-0.0002
13.9000,0.0120,-0.0113,-1.7247,-0.0148,-0.0148,-0.0038,0.0875,-0.0668,91.0656,0.0004,-0.0002,-0.0002
13.9999,0.0120,-0.0113,-1.7247,-0.0148,-0.0148,-0.0038,0.0875,-0.0668,91.0656,0.0004,-0.0002,-0.0002
14.0999,0.0120,-0.0113,-1.7247,-0.0148,-0.0148,-0.0038,0.0875,-0.0668,91.0656,0.0004,-0.0002,-0.0002
14.1999,0.0120,-0.0113,-1.7247,-0.0148,-0.0148,-0.0038,0.0875,-0.0668,91.0656,0.0004,-0.0002,-0.0002
14.3000,0.0120,-0.0113,-1.7247,-0.0148,-0.0148,-0.0038,0.0875,-0.0668,91.0656,0.0004,-0.0002,-0.0002
14.4000,0.0120,-0.0113,-1.7247,-0.0148,-0.0148,-0.0038,0.0875,-0.0668,91.0656,0.0004,-0.0002,-0.0002
14.4999,0.0120,-0.0113,-1.7247,-0.0148,-0.0148,-0.0038,0.0875,-0.0668,91.0656,0.0004,-0.0002,-0.0002
14.6000,0.0120,-0.0113,-1.7247,-0.0148,-0.0148,-0.0038,0.0875,-0.0668,91.0656,0.0004,-0.0002,-0.0002
14.7000,0.0120,-0.0113,-1.7247,-0.0148,-0.0148,-0.0038,0.0875,-0.0668,91.0656,0.0004,-0.0002,-0.0002
14.8000,0.0120,-0.0113,-1.7247,-0.0148,-0.0148,-0.0038,0.0875,-0.0668,91.0656,0.0004,-0.0002,-0.0002
14.8999,0.0120,-0.0113,-1.7247,-0.0148,-0.0148,-0.0038,0.0875,-0.0668,91.0656,0.0004,-0.0002,-0.0002
15.0001,0.0120,-0.0113,-1.7247,-0.0148,-0.0148,-0.0038,0.0875,-0.0668,91.0656,0.0004,-0.0002,-0.0002
15.0999,0.0120,-0.0113,-1.7247,-0.0148,-0.0148,-0.0038,0.0875,-0.0668,91.0656,0.0004,-0.0002,-0.0002
15.2000,0.0120,-0.0113,-1.7247,-0.0148,-0.0148,-0.0038,0.0875,-0.0668,91.0656,0.0004,-0.0002,-0.0002
15.2999,0.0120,-0.0113,-1.7247,-0.0148,-0.0148,-0.0038,0.0875,-0.0668,91.0656,0.0004,-0.0002,-0.0002
15.3999,0.0120,-0.0113,-1.7247,-0.0148,-0.0148,-0.0038,0.0875,-0.0668,91.0656,0.0004,-0.0002,-0.0002
15.5000,0.0120,-0.0113,-1.7247,-0.0148,-0.0148,-0.0038,0.0875,-0.0668,91.0656,0.0004,-0.0002,-0.0002
15.6000,0.0120,-0.0113,-1.7247,-0.0148,-0.0148,-0.0038,0.0875,-0.0668,91.0656,0.0004,-0.0002,-0.0002
15.7000,0.0120,-0.0113,-1.7247,-0.0148,-0.0148,-0.0038,0.0875,-0.0668,91.0656,0.0004,-0.0002,-0.0002
15.8001,0.0120,-0.0113,-1.7247,-0.0148,-0.0148,-0.0038,0.0875,-0.0668,91.0656,0.0004,-0.0002,-0.0002
15.9000,0.0120,-0.0113,-1.7247,-0.0148,-0.0148,-0.0038,0.0875,-0.0668,91.0656,0.0004,-0.0002,-0.0002
16.0000,0.0120,-0.0113,-1.7247,-0.0148,-0.0148,-0.0038,0.0875,-0.0668,91.0656,0.0004,-0.0002,-0.0002
16.1000,0.0120,-0.0113,-1.7247,-0.0148,-0.0148,-0.0038,0.0875,-0.0668,91.0656,0.0004,-0.0002,-0.0002
16.2000,0.0120,-0.0113,-1.7247,-0.0148,-0.0148,-0.0038,0.0875,-0.0668,91.0656,0.0004,-0.0002,-0.0002
16.3000,0.0120,-0.0113,-1.7247,-0.0148,-0.0148,-0.0038,0.0875,-0.0668,91.0656,0.0004,-0.0002,-0.0002
16.3999,0.0120,-0.0113,-1.7247,-0.0148,-0.0148,-0.0038,0.0875,-0.0668,91.0656,0.0004,-0.0002,-0.0002
16.5000,0.0120,-0.0113,-1.7247,-0.0148,-0.0148,-0.0038,0.0875,-0.0668,91.0656,0.0004,-0.0002,-0.0002
16.6000,0.0120,-0.0113,-1.7247,-0.0148,-0.0148,-0.0038,0.0875,-0.0668,91.0656,0.0004,-0.0002,-0.0002
16.7001,0.0120,-0.0113,-1.7247,-0.0148,-0.0148,-0.0038,0.0875,-0.0668,91.0656,0.0004,-0.0002,-0.0002
16.8000,0.0120,-0.0113,-1.7247,-0.0148,-0.0148,-0.0038,0.0875,-0.0668,91.0656,0.0004,-0.0002,-0.0002
16.9000,0.0120,-0.0113,-1.7247,-0.0148,-0.0148,-0.0038,0.0875,-0.0668,91.0656,0.0004,-0.0002,-0.0002
17.0000,0.0120,-0.0113,-1.7247,-0.0148,-0.0148,-0.0038,0.0875,-0.0668,91.0656,0.0004,-0.0002,-0.0002
17.0999,0.0120,-0.0113,-1.7247,-0.0148,-0.0148,-0.0038,0.0875,-0.0668,91.0656,0.0004,-0.0002,-0.0002
17.2000,0.0120,-0.0113,-1.7004,-0.0148,-0.0147,-0.0038,0.0878,-0.0667,91.0579,0.0004,-0.0002,-0.0000
17.3000,0.0120,-0.0113,-1.7004,-0.0148,-0.0147,-0.0038,0.0878,-0.0667,91.0579,0.0004,-0.0002,-0.0000
17.4000,0.0120,-0.0113,-1.7004,-0.0148,-0.0147,-0.0038,0.0878,-0.0667,91.0579,0.0004,-0.0002,-0.0000
17.5000,0.0120,-0.0113,-1.7004,-0.0148,-0.0147,-0.0038,0.0878,-0.0667,91.0579,0.0004,-0.0002,-0.0000
17.6000,0.0120,-0.0113,-1.7004,-0.0148,-0.0147,-0.0038,0.0878,-0.0667,91.0579,0.0004,-0.0002,-0.0000
17.6999,0.0120,-0.0113,-1.7004,-0.0148,-0.0147,-0.0038,0.0878,-0.0667,91.0579,0.0004,-0.0002,-0.0000
17.8000,0.0120,-0.0113,-1.7004,-0.0148,-0.0147,-0.0038,0.0878,-0.0667,91.0579,0.0004,-0.0002,-0.0000
17.9001,0.0120,-0.0113,-1.7004,-0.0148,-0.0147,-0.0038,0.0878,-0.0667,91.0579,0.0004,-0.0002,-0.0000
18.0000,0.0120,-0.0113,-1.7004,-0.0148,-0.0147,-0.0038,0.0878,-0.0667,91.0579,0.0004,-0.0002,-0.0000
18.1000,0.0120,-0.0113,-1.7004,-0.0148,-0.0147,-0.0038,0.0878,-0.0667,91.0579,0.0004,-0.0002,-0.0000
18.2000,0.0120,-0.0113,-1.7004,-0.0148,-0.0147,-0.0038,0.0878,-0.0667,91.0579,0.0004,-0.0002,-0.0000
18.3000,0.0120,-0.0113,-1.7004,-0.0148,-0.0147,-0.0038,0.0878,-0.0667,91.0579,0.0004,-0.0002,-0.0000
18.4001,0.0120,-0.0113,-1.7004,-0.0148,-0.0147,-0.0038,0.0878,-0.0667,91.0579,0.0004,-0.0002,-0.0000
18.5000,0.0120,-0.0113,-1.7004,-0.0148,-0.0147,-0.0038,0.0878,-0.0667,91.0579,0.0004,-0.0002,-0.0000
18.6000,0.0120,-0.0113,-1.7004,-0.0148,-0.0147,-0.0038,0.0878,-0.0667,91.0579,0.0004,-0.0002,-0.0000
18.7000,0.0120,-0.0113,-1.7004,-0.0148,-0.0147,-0.0038,0.0878,-0.0667,91.0579,0.0004,-0.0002,-0.0000
18.7999,0.0120,-0.0113,-1.7004,-0.0148,-0.0147,-0.0038,0.0878,-0.0667,91.0579,0.0004,-0.0002,-0.0000
18.9000,0.0120,-0.0113,-1.7004,-0.0148,-0.0147,-0.0038,0.0878,-0.0667,91.0579,0.0004,-0.0002,-0.0000
18.9999,0.0120,-0.0113,-1.7004,-0.0148,-0.0147,-0.0038,0.0878,-0.0667,91.0579,0.0004,-0.0002,-0.0000
19.1000,0.0120,-0.0113,-1.7004,-0.0148,-0.0147,-0.0038,0.0878,-0.0667,91.0579,0.0004,-0.0002,-0.0000
19.1999,0.0120,-0.0113,-1.7004,-0.0148,-0.0147,-0.0038,0.0878,-0.0667,91.0579,0.0004,-0.0002,-0.0000
19.2999,0.0120,-0.0113,-1.7004,-0.0148,-0.0147,-0.0038,0.0878,-0.0667,91.0579,0.0004,-0.0002,-0.0000
19.4000,0.0120,-0.0113,-1.7004,-0.0148,-0.0147,-0.0038,0.0878,-0.0667,91.0579,0.0004,-0.0002,-0.0000
19.4999,0.0120,-0.0113,-1.7004,-0.0148,-0.0147,-0.0038,0.0878,-0.0667,91.0579,0.0004,-0.0002,-0.0000
19.6000,0.0120,-0.0113,-1.7004,-0.0148,-0.0147,-0.0038,0.0878,-0.0667,91.0579,0.0004,-0.0002,-0.0000
19.6999,0.0120,-0.0113,-1.7004,-0.0148,-0.0147,-0.0038,0.0878,-0.0667,91.0579,0.0004,-0.0002,-0.0000
19.7999,0.0120,-0.0113,-1.7004,-0.0148,-0.0147,-0.0038,0.0878,-0.0667,91.0579,0.0004,-0.0002,-0.0000
19.8999,0.0120,-0.0113,-1.7004,-0.0148,-0.0147,-0.0038,0.0878,-0.0667,91.0579,0.0004,-0.0002,-0.0000
20.0000,0.0120,-0.0113,-1.7004,-0.0148,-0.0147,-0.0038,0.0878,-0.0667,91.0579,0.0004,-0.0002,-0.0000
20.1000,0.0120,-0.0113,-1.7004,-0.0148,-0.0147,-0.0038,0.0878,-0.0667,91.0579,0.0004,-0.0002,-0.0000
20.2000,0.0120,-0.0113,-1.7004,-0.0148,-0.0147,-0.0038,0.0878,-0.0667,91.0579,0.0004,-0.0002,-0.0000
20.2999,0.0120,-0.0113,-1.7004,-0.0148,-0.0147,-0.0038,0.0878,-0.0667,91.0579,0.0004,-0.0002,-0.0000
20.4000,0.0120,-0.0113,-1.7004,-0.0148,-0.0147,-0.0038,0.0878,-0.0667,91.0579,0.0004,-0.0002,-0.0000
20.5000,0.0120,-0.0113,-1.7004,-0.0148,-0.0147,-0.0038,0.0878,-0.0667,91.0579,0.0004,-0.0002,-0.0000
20.6000,0.0120,-0.0113,-1.7004,-0.0148,-0.0147,-0.0038,0.0878,-0.0667,91.0579,0.0004,-0.0002,-0.0000
20.6999,0.0120,-0.0113,-1.7004,-0.0148,-0.0147,-0.0038,0.0878,-0.0667,91.0579,0.0004,-0.0002,-0.0000
20.8000,0.0120,-0.0113,-1.7004,-0.0148,-0.0147,-0.0038,0.0878,-0.0667,91.0579,0.0004,-0.0002,-0.0000
20.9000,0.0120,-0.0113,-1.7004,-0.0148,-0.0147,-0.0038,0.0878,-0.0667,91.0579,0.0004,-0.0002,-0.0000
20.9999,0.0120,-0.0113,-1.7004,-0.0148,-0.0147,-0.0038,0.0878,-0.0667,91.0579,0.0004,-0.0002,-0.0000
21.1000,0.0120,-0.0113,-1.7004,-0.0148,-0.0147,-0.0038,0.0878,-0.0667,91.0579,0.0004,-0.0002,-0.0000
21.1999,0.0120,-0.0113,-1.7004,-0.0148,-0.0147,-0.0038,0.0878,-0.0667,91.0579,0.0004,-0.0002,-0.0000
21.2999,0.0120,-0.0113,-1.7004,-0.0148,-0.0147,-0.0038,0.0878,-0.0667,91.0579,0.0004,-0.0002,-0.0000
21.4000,0.0120,-0.0113,-1.7004,-0.0148,-0.0147,-0.0038,0.0878,-0.0667,91.0579,0.0004,-0.0002,-0.0000
21.5000,0.0119,-0.0114,-1.6765,-0.0150,-0.0147,-0.0041,0.0882,-0.0666,91.0503,0.0004,-0.0003,-0.0002
21.6000,0.0119,-0.0114,-1.6765,-0.0150,-0.0147,-0.0041,0.0882,-0.0666,91.0503,0.0004,-0.0003,-0.0002
21.7000,0.0119,-0.0114,-1.6765,-0.0150,-0.0147,-0.0041,0.0882,-0.0666,91.0503,0.0004,-0.0003,-0.0002
21.8000,0.0119,-0.0114,-1.6765,-0.0150,-0.0147,-0.0041,0.0882,-0.0666,91.0503,0.0004,-0.0003,-0.0002
21.9000,0.0119,-0.0114,-1.6765,-0.0150,-0.0147,-0.0041,0.0882,-0.0666,91.0503,0.0004,-0.0003,-0.0002
22.0000,0.0119,-0.0114,-1.6765,-0.0150,-0.0147,-0.0041,0.0882,-0.0666,91.0503,0.0004,-0.0003,-0.0002
22.1000,0.0119,-0.0114,-1.6765,-0.0150,-0.0147,-0.0041,0.0882,-0.0666,91.0503,0.0004,-0.0003,-0.0002
22.2000,0.0119,-0.0114,-1.6765,-0.0150,-0.0147,-0.0041,0.0882,-0.0666,91.0503,0.0004,-0.0003,-0.0002
22.3000,0.0119,-0.0114,-1.6765,-0.0150,-0.0147,-0.0041,0.0882,-0.0666,91.0503,0.0004,-0.0003,-0.0002
22.4000,0.0119,-0.0114,-1.6765,-0.0150,-0.0147,-0.0041,0.0882,-0.0666,91.0503,0.0004,-0.0003,-0.0002
22.5000,0.0119,-0.0114,-1.6765,-0.0150,-0.0147,-0.0041,0.0882,-0.0666,91.0503,0.0004,-0.0003,-0.0002
22.6001,0.0119,-0.0114,-1.6765,-0.0150,-0.0147,-0.0041,0.0882,-0.0666,91.0503,0.0004,-0.0003,-0.0002
22.7000,0.0119,-0.0114,-1.6765,-0.0150,-0.0147,-0.0041,0.0882,-0.0666,91.0503,0.0004,-0.0003,-0.0002
22.8000,0.0119,-0.0114,-1.6765,-0.0150,-0.0147,-0.0041,0.0882,-0.0666,91.0503,0.0004,-0.0003,-0.0002
22.9000,0.0119,-0.0114,-1.6765,-0.0150,-0.0147,-0.0041,0.0882,-0.0666,91.0503,0.0004,-0.0003,-0.0002
22.9999,0.0119,-0.0114,-1.6765,-0.0150,-0.0147,-0.0041,0.0882,-0.0666,91.0503,0.0004,-0.0003,-0.0002
23.1000,0.0119,-0.0114,-1.6765,-0.0150,-0.0147,-0.0041,0.0882,-0.0666,91.0503,0.0004,-0.0003,-0.0002
23.2000,0.0119,-0.0114,-1.6765,-0.0150,-0.0147,-0.0041,0.0882,-0.0666,91.0503,0.0004,-0.0003,-0.0002
23.3000,0.0119,-0.0114,-1.6765,-0.0150,-0.0147,-0.0041,0.0882,-0.0666,91.0503,0.0004,-0.0003,-0.0002
23.4000,0.0119,-0.0114,-1.6765,-0.0150,-0.0147,-0.0041,0.0882,-0.0666,91.0503,0.0004,-0.0003,-0.0002
23.5000,0.0119,-0.0114,-1.6765,-0.0150,-0.0147,-0.0041,0.0882,-0.0666,91.0503,0.0004,-0.0003,-0.0002
23.5999,0.0119,-0.0114,-1.6765,-0.0150,-0.0147,-0.0041,0.0882,-0.0666,91.0503,0.0004,-0.0003,-0.0002
23.7001,0.0119,-0.0114,-1.6765,-0.0150,-0.0147,-0.0041,0.0882,-0.0666,91.0503,0.0004,-0.0003,-0.0002
23.7999,0.0119,-0.0114,-1.6765,-0.0150,-0.0147,-0.0041,0.0882,-0.0666,91.0503,0.0004,-0.0003,-0.0002
23.9000,0.0119,-0.0114,-1.6765,-0.0150,-0.0147,-0.0041,0.0882,-0.0666,91.0503,0.0004,-0.0003,-0.0002
24.0000,0.0119,-0.0114,-1.6765,-0.0150,-0.0147,-0.0041,0.0882,-0.0666,91.0503,0.0004,-0.0003,-0.0002
24.1000,0.0119,-0.0114,-1.6765,-0.0150,-0.0147,-0.0041,0.0882,-0.0666,91.0503,0.0004,-0.0003,-0.0002
24.2000,0.0119,-0.0114,-1.6765,-0.0150,-0.0147,-0.0041,0.0882,-0.0666,91.0503,0.0004,-0.0003,-0.0002
24.3000,0.0119,-0.0114,-1.6765,-0.0150,-0.0147,-0.0041,0.0882,-0.0666,91.0503,0.0004,-0.0003,-0.0002
24.4000,0.0119,-0.0114,-1.6765,-0.0150,-0.0147,-0.0041,0.0882,-0.0666,91.0503,0.0004,-0.0003,-0.0002
24.5000,0.0119,-0.0114,-1.6765,-0.0150,-0.0147,-0.0041,0.0882,-0.0666,91.0503,0.0004,-0.0003,-0.0002
24.6000,0.0119,-0.0114,-1.6765,-0.0150,-0.0147,-0.0041,0.0882,-0.0666,91.0503,0.0004,-0.0003,-0.0002
24.7000,0.0119,-0.0114,-1.6765,-0.0150,-0.0147,-0.0041,0.0882,-0.0666,91.0503,0.0004,-0.0003,-0.0002
24.8000,0.0119,-0.0114,-1.6765,-0.0150,-0.0147,-0.0041,0.0882,-0.0666,91.0503,0.0004,-0.0003,-0.0002
24.9000,0.0119,-0.0114,-1.6765,-0.0150,-0.0147,-0.0041,0.0882,-0.0666,91.0503,0.0004,-0.0003,-0.0002
24.9999,0.0119,-0.0114,-1.6765,-0.0150,-0.0147,-0.0041,0.0882,-0.0666,91.0503,0.0004,-0.0003,-0.0002
25.1000,0.0119,-0.0114,-1.6765,-0.0150,-0.0147,-0.0041,0.0882,-0.0666,91.0503,0.0004,-0.0003,-0.0002
25.2000,0.0119,-0.0114,-1.6765,-0.0150,-0.0147,-0.0041,0.0882,-0.0666,91.0503,0.0004,-0.0003,-0.0002
25.2999,0.0119,-0.0114,-1.6765,-0.0150,-0.0147,-0.0041,0.0882,-0.0666,91.0503,0.0004,-0.0003,-0.0002
25.4000,0.0119,-0.0114,-1.6765,-0.0150,-0.0147,-0.0041,0.0882,-0.0666,91.0503,0.0004,-0.0003,-0.0002
25.5001,0.0119,-0.0114,-1.6765,-0.0150,-0.0147,-0.0041,0.0882,-0.0666,91.0503,0.0004,-0.0003,-0.0002
25.5999,0.0119,-0.0114,-1.6765,-0.0150,-0.0147,-0.0041,0.0882,-0.0666,91.0503,0.0004,-0.0003,-0.0002
25.7000,0.0119,-0.0114,-1.6765,-0.0150,-0.0147,-0.0041,0.0882,-0.0666,91.0503,0.0004,-0.0003,-0.0002
25.8000,0.0119,-0.0114,-1.6765,-0.0150,-0.0147,-0.0041,0.0882,-0.0666,91.0503,0.0004,-0.0003,-0.0002
25.9000,0.0118,-0.0114,-1.6530,-0.0150,-0.0146,-0.0039,0.0867,-0.0667,91.0422,0.0003,-0.0002,-0.0002
26.0000,0.0118,-0.0114,-1.6530,-0.0150,-0.0146,-0.0039,0.0867,-0.0667,91.0422,0.0003,-0.0002,-0.0002
26.1000,0.0118,-0.0114,-1.6530,-0.0150,-0.0146,-0.0039,0.0867,-0.0667,91.0422,0.0003,-0.0002,-0.0002
26.2001,0.0118,-0.0114,-1.6530,-0.0150,-0.0146,-0.0039,0.0867,-0.0667,91.0422,0.0003,-0.0002,-0.0002
26.2999,0.0118,-0.0114,-1.6530,-0.0150,-0.0146,-0.0039,0.0867,-0.0667,91.0422,0.0003,-0.0002,-0.0002
26.3999,0.0118,-0.0114,-1.6530,-0.0150,-0.0146,-0.0039,0.0867,-0.0667,91.0422,0.0003,-0.0002,-0.0002
26.5000,0.0118,-0.0114,-1.6530,-0.0150,-0.0146,-0.0039,0.0867,-0.0667,91.0422,0.0003,-0.0002,-0.0002
26.5999,0.0118,-0.0114,-1.6530,-0.0150,-0.0146,-0.0039,0.0867,-0.0667,91.0422,0.0003,-0.0002,-0.0002
26.7000,0.0118,-0.0114,-1.6530,-0.0150,-0.0146,-0.0039,0.0867,-0.0667,91.0422,0.0003,-0.0002,-0.0002
26.8000,0.0118,-0.0114,-1.6530,-0.0150,-0.0146,-0.0039,0.0867,-0.0667,91.0422,0.0003,-0.0002,-0.0002
26.9000,0.0118,-0.0114,-1.6530,-0.0150,-0.0146,-0.0039,0.0867,-0.0667,91.0422,0.0003,-0.0002,-0.0002
26.9999,0.0118,-0.0114,-1.6530,-0.0150,-0.0146,-0.0039,0.0867,-0.0667,91.0422,0.0003,-0.0002,-0.0002
27.1000,0.0118,-0.0114,-1.6530,-0.0150,-0.0146,-0.0039,0.0867,-0.0667,91.0422,0.0003,-0.0002,-0.0002
27.2000,0.0118,-0.0114,-1.6530,-0.0150,-0.0146,-0.0039,0.0867,-0.0667,91.0422,0.0003,-0.0002,-0.0002
27.2999,0.0118,-0.0114,-1.6530,-0.0150,-0.0146,-0.0039,0.0867,-0.0667,91.0422,0.0003,-0.0002,-0.0002
27.4000,0.0118,-0.0114,-1.6530,-0.0150,-0.0146,-0.0039,0.0867,-0.0667,91.0422,0.0003,-0.0002,-0.0002
27.5000,0.0118,-0.0114,-1.6530,-0.0150,-0.0146,-0.0039,0.0867,-0.0667,91.0422,0.0003,-0.0002,-0.0002
27.6000,0.0118,-0.0114,-1.6530,-0.0150,-0.0146,-0.0039,0.0867,-0.0667,91.0422,0.0003,-0.0002,-0.0002
27.7000,0.0118,-0.0114,-1.6530,-0.0150,-0.0146,-0.0039,0.0867,-0.0667,91.0422,0.0003,-0.0002,-0.0002
27.8001,0.0118,-0.0114,-1.6530,-0.0150,-0.0146,-0.0039,0.0867,-0.0667,91.0422,0.0003,-0.0002,-0.0002
27.9000,0.0118,-0.0114,-1.6530,-0.0150,-0.0146,-0.0039,0.0867,-0.0667,91.0422,0.0003,-0.0002,-0.0002
28.0000,0.0118,-0.0114,-1.6530,-0.0150,-0.0146,-0.0039,0.0867,-0.0667,91.0422,0.0003,-0.0002,-0.0002
28.1000,0.0118,-0.0114,-1.6530,-0.0150,-0.0146,-0.0039,0.0867,-0.0667,91.0422,0.0003,-0.0002,-0.0002
28.1999,0.0118,-0.0114,-1.6530,-0.0150,-0.0146,-0.0039,0.0867,-0.0667,91.0422,0.0003,-0.0002,-0.0002
28.2999,0.0118,-0.0114,-1.6530,-0.0150,-0.0146,-0.0039,0.0867,-0.0667,91.0422,0.0003,-0.0002,-0.0002
28.3999,0.0118,-0.0114,-1.6530,-0.0150,-0.0146,-0.0039,0.0867,-0.0667,91.0422,0.0003,-0.0002,-0.0002
28.4999,0.0118,-0.0114,-1.6530,-0.0150,-0.0146,-0.0039,0.0867,-0.0667,91.0422,0.0003,-0.0002,-0.0002
28.6000,0.0118,-0.0114,-1.6530,-0.0150,-0.0146,-0.0039,0.0867,-0.0667,91.0422,0.0003,-0.0002,-0.0002
28.6999,0.0118,-0.0114,-1.6530,-0.0150,-0.0146,-0.0039,0.0867,-0.0667,91.0422,0.0003,-0.0002,-0.0002
28.8000,0.0118,-0.0114,-1.6530,-0.0150,-0.0146,-0.0039,0.0867,-0.0667,91.0422,0.0003,-0.0002,-0.0002
28.9000,0.0118,-0.0114,-1.6530,-0.0150,-0.0146,-0.0039,0.0867,-0.0667,91.0422,0.0003,-0.0002,-0.0002
28.9999,0.0118,-0.0114,-1.6530,-0.0150,-0.0146,-0.0039,0.0867,-0.0667,91.0422,0.0003,-0.0002,-0.0002
29.0999,0.0118,-0.0114,-1.6530,-0.0150,-0.0146,-0.0039,0.0867,-0.0667,91.0422,0.0003,-0.0002,-0.0002
29.2000,0.0118,-0.0114,-1.6530,-0.0150,-0.0146,-0.0039,0.0867,-0.0667,91.0422,0.0003,-0.0002,-0.0002
29.2999,0.0118,-0.0114,-1.6530,-0.0150,-0.0146,-0.0039,0.0867,-0.0667,91.0422,0.0003,-0.0002,-0.0002
29.4000,0.0118,-0.0114,-1.6530,-0.0150,-0.0146,-0.0039,0.0867,-0.0667,91.0422,0.0003,-0.0002,-0.0002
29.5000,0.0118,-0.0114,-1.6530,-0.0150,-0.0146,-0.0039,0.0867,-0.0667,91.0422,0.0003,-0.0002,-0.0002
29.6001,0.0118,-0.0114,-1.6530,-0.0150,-0.0146,-0.0039,0.0867,-0.0667,91.0422,0.0003,-0.0002,-0.0002
29.7000,0.0118,-0.0114,-1.6530,-0.0150,-0.0146,-0.0039,0.0867,-0.0667,91.0422,0.0003,-0.0002,-0.0002
29.7999,0.0118,-0.0114,-1.6530,-0.0150,-0.0146,-0.0039,0.0867,-0.0667,91.0422,0.0003,-0.0002,-0.0002
29.8999,0.0118,-0.0114,-1.6530,-0.0150,-0.0146,-0.0039,0.0867,-0.0667,91.0422,0.0003,-0.0002,-0.0002
30.0000,0.0118,-0.0114,-1.6530,-0.0150,-0.0146,-0.0039,0.0867,-0.0667,91.0422,0.0003,-0.0002,-0.0002
30.1000,0.0118,-0.0114,-1.6530,-0.0150,-0.0146,-0.0039,0.0867,-0.0667,91.0422,0.0003,-0.0002,-0.0002
30.2000,0.0118,-0.0115,-1.6297,-0.0149,-0.0146,-0.0039,0.0871,-0.0658,91.0338,0.0002,-0.0002,-0.0002
30.3000,0.0118,-0.0115,-1.6297,-0.0149,-0.0146,-0.0039,0.0871,-0.0658,91.0338,0.0002,-0.0002,-0.0002
30.3999,0.0118,-0.0115,-1.6297,-0.0149,-0.0146,-0.0039,0.0871,-0.0658,91.0338,0.0002,-0.0002,-0.0002
30.4999,0.0118,-0.0115,-1.6297,-0.0149,-0.0146,-0.0039,0.0871,-0.0658,91.0338,0.0002,-0.0002,-0.0002
30.6000,0.0118,-0.0115,-1.6297,-0.0149,-0.0146,-0.0039,0.0871,-0.0658,91.0338,0.0002,-0.0002,-0.0002
30.6999,0.0118,-0.0115,-1.6297,-0.0149,-0.0146,-0.0039,0.0871,-0.0658,91.0338,0.0002,-0.0002,-0.0002
30.8000,0.0118,-0.0115,-1.6297,-0.0149,-0.0146,-0.0039,0.0871,-0.0658,91.0338,0.0002,-0.0002,-0.0002
30.9000,0.0118,-0.0115,-1.6297,-0.0149,-0.0146,-0.0039,0.0871,-0.0658,91.0338,0.0002,-0.0002,-0.0002
31.0000,0.0118,-0.0115,-1.6297,-0.0149,-0.0146,-0.0039,0.0871,-0.0658,91.0338,0.0002,-0.0002,-0.0002
31.1000,0.0118,-0.0115,-1.6297,-0.0149,-0.0146,-0.0039,0.0871,-0.0658,91.0338,0.0002,-0.0002,-0.0002
31.2000,0.0118,-0.0115,-1.6297,-0.0149,-0.0146,-0.0039,0.0871,-0.0658,91.0338,0.0002,-0.0002,-0.0002
31.2999,0.0118,-0.0115,-1.6297,-0.0149,-0.0146,-0.0039,0.0871,-0.0658,91.0338,0.0002,-0.0002,-0.0002
31.3999,0.0118,-0.0115,-1.6297,-0.0149,-0.0146,-0.0039,0.0871,-0.0658,91.0338,0.0002,-0.0002,-0.0002
31.4999,0.0118,-0.0115,-1.6297,-0.0149,-0.0146,-0.0039,0.0871,-0.0658,91.0338,0.0002,-0.0002,-0.0002
31.5999,0.0118,-0.0115,-1.6297,-0.0149,-0.0146,-0.0039,0.0871,-0.0658,91.0338,0.0002,-0.0002,-0.0002
31.7000,0.0118,-0.0115,-1.6297,-0.0149,-0.0146,-0.0039,0.0871,-0.0658,91.0338,0.0002,-0.0002,-0.0002
31.8000,0.0118,-0.0115,-1.6297,-0.0149,-0.0146,-0.0039,0.0871,-0.0658,91.0338,0.0002,-0.0002,-0.0002
31.9000,0.0118,-0.0115,-1.6297,-0.0149,-0.0146,-0.0039,0.0871,-0.0658,91.0338,0.0002,-0.0002,-0.0002
32.0001,0.0118,-0.0115,-1.6297,-0.0149,-0.0146,-0.0039,0.0871,-0.0658,91.0338,0.0002,-0.0002,-0.0002
32.1000,0.0118,-0.0115,-1.6297,-0.0149,-0.0146,-0.0039,0.0871,-0.0658,91.0338,0.0002,-0.0002,-0.0002
32.2000,0.0118,-0.0115,-1.6297,-0.0149,-0.0146,-0.0039,0.0871,-0.0658,91.0338,0.0002,-0.0002,-0.0002
32.2999,0.0118,-0.0115,-1.6297,-0.0149,-0.0146,-0.0039,0.0871,-0.0658,91.0338,0.0002,-0.0002,-0.0002
32.4001,0.0118,-0.0115,-1.6297,-0.0149,-0.0146,-0.0039,0.0871,-0.0658,91.0338,0.0002,-0.0002,-0.0002
32.5000,0.0118,-0.0115,-1.6297,-0.0149,-0.0146,-0.0039,0.0871,-0.0658,91.0338,0.0002,-0.0002,-0.0002
32.6000,0.0118,-0.0115,-1.6297,-0.0149,-0.0146,-0.0039,0.0871,-0.0658,91.0338,0.0002,-0.0002,-0.0002
32.7000,0.0118,-0.0115,-1.6297,-0.0149,-0.0146,-0.0039,0.0871,-0.0658,91.0338,0.0002,-0.0002,-0.0002
32.8000,0.0118,-0.0115,-1.6297,-0.0149,-0.0146,-0.0039,0.0871,-0.0658,91.0338,0.0002,-0.0002,-0.0002
32.9001,0.0118,-0.0115,-1.6297,-0.0149,-0.0146,-0.0039,0.0871,-0.0658,91.0338,0.0002,-0.0002,-0.0002
32.9999,0.0118,-0.0115,-1.6297,-0.0149,-0.0146,-0.0039,0.0871,-0.0658,91.0338,0.0002,-0.0002,-0.0002
33.1000,0.0118,-0.0115,-1.6297,-0.0149,-0.0146,-0.0039,0.0871,-0.0658,91.0338,0.0002,-0.0002,-0.0002
33.2000,0.0118,-0.0115,-1.6297,-0.0149,-0.0146,-0.0039,0.0871,-0.0658,91.0338,0.0002,-0.0002,-0.0002
33.3000,0.0118,-0.0115,-1.6297,-0.0149,-0.0146,-0.0039,0.0871,-0.0658,91.0338,0.0002,-0.0002,-0.0002
33.4000,0.0118,-0.0115,-1.6297,-0.0149,-0.0146,-0.0039,0.0871,-0.0658,91.0338,0.0002,-0.0002,-0.0002
33.4999,0.0118,-0.0115,-1.6297,-0.0149,-0.0146,-0.0039,0.0871,-0.0658,91.0338,0.0002,-0.0002,-0.0002
33.6001,0.0118,-0.0115,-1.6297,-0.0149,-0.0146,-0.0039,0.0871,-0.0658,91.0338,0.0002,-0.0002,-0.0002
33.7001,0.0118,-0.0115,-1.6297,-0.0149,-0.0146,-0.0039,0.0871,-0.0658,91.0338,0.0002,-0.0002,-0.0002
33.8001,0.0118,-0.0115,-1.6297,-0.0149,-0.0146,-0.0039,0.0871,-0.0658,91.0338,0.0002,-0.0002,-0.0002
33.9000,0.0118,-0.0115,-1.6297,-0.0149,-0.0146,-0.0039,0.0871,-0.0658,91.0338,0.0002,-0.0002,-0.0002
34.0000,0.0118,-0.0115,-1.6297,-0.0149,-0.0146,-0.0039,0.0871,-0.0658,91.0338,0.0002,-0.0002,-0.0002
34.0999,0.0118,-0.0115,-1.6297,-0.0149,-0.0146,-0.0039,0.0871,-0.0658,91.0338,0.0002,-0.0002,-0.0002
34.2000,0.0118,-0.0115,-1.6297,-0.0149,-0.0146,-0.0039,0.0871,-0.0658,91.0338,0.0002,-0.0002,-0.0002
34.3000,0.0118,-0.0115,-1.6297,-0.0149,-0.0146,-0.0039,0.0871,-0.0658,91.0338,0.0002,-0.0002,-0.0002
34.4001,0.0118,-0.0115,-1.6297,-0.0149,-0.0146,-0.0039,0.0871,-0.0658,91.0338,0.0002,-0.0002,-0.0002
34.5001,0.0118,-0.0115,-1.6068,-0.0150,-0.0149,-0.0039,0.0876,-0.0656,91.0258,0.0002,-0.0002,-0.0002
34.6000,0.0118,-0.0115,-1.6068,-0.0150,-0.0149,-0.0039,0.0876,-0.0656,91.0258,0.0002,-0.0002,-0.0002
34.7000,0.0118,-0.0115,-1.6068,-0.0150,-0.0149,-0.0039,0.0876,-0.0656,91.0258,0.0002,-0.0002,-0.0002
34.8000,0.0118,-0.0115,-1.6068,-0.0150,-0.0149,-0.0039,0.0876,-0.0656,91.0258,0.0002,-0.0002,-0.0002
34.9000,0.0118,-0.0115,-1.6068,-0.0150,-0.0149,-0.0039,0.0876,-0.0656,91.0258,0.0002,-0.0002,-0.0002
34.9999,0.0118,-0.0115,-1.6068,-0.0150,-0.0149,-0.0039,0.0876,-0.0656,91.0258,0.0002,-0.0002,-0.0002
35.0999,0.0118,-0.0115,-1.6068,-0.0150,-0.0149,-0.0039,0.0876,-0.0656,91.0258,0.0002,-0.0002,-0.0002
35.2001,0.0118,-0.0115,-1.6068,-0.0150,-0.0149,-0.0039,0.0876,-0.0656,91.0258,0.0002,-0.0002,-0.0002
35.3000,0.0118,-0.0115,-1.6068,-0.0150,-0.0149,-0.0039,0.0876,-0.0656,91.0258,0.0002,-0.0002,-0.0002
35.4000,0.0118,-0.0115,-1.6068,-0.0150,-0.0149,-0.0039,0.0876,-0.0656,91.0258,0.0002,-0.0002,-0.0002
35.4999,0.0118,-0.0115,-1.6068,-0.0150,-0.0149,-0.0039,0.0876,-0.0656,91.0258,0.0002,-0.0002,-0.0002
35.5999,0.0118,-0.0115,-1.6068,-0.0150,-0.0149,-0.0039,0.0876,-0.0656,91.0258,0.0002,-0.0002,-0.0002
35.7000,0.0118,-0.0115,-1.6068,-0.0150,-0.0149,-0.0039,0.0876,-0.0656,91.0258,0.0002,-0.0002,-0.0002
35.8000,0.0118,-0.0115,-1.6068,-0.0150,-0.0149,-0.0039,0.0876,-0.0656,91.0258,0.0002,-0.0002,-0.0002
35.9000,0.0118,-0.0115,-1.6068,-0.0150,-0.0149,-0.0039,0.0876,-0.0656,91.0258,0.0002,-0.0002,-0.0002
36.0000,0.0118,-0.0115,-1.6068,-0.0150,-0.0149,-0.0039,0.0876,-0.0656,91.0258,0.0002,-0.0002,-0.0002
36.1000,0.0118,-0.0115,-1.6068,-0.0150,-0.0149,-0.0039,0.0876,-0.0656,91.0258,0.0002,-0.0002,-0.0002
36.2000,0.0118,-0.0115,-1.6068,-0.0150,-0.0149,-0.0039,0.0876,-0.0656,91.0258,0.0002,-0.0002,-0.0002
36.3000,0.0118,-0.0115,-1.6068,-0.0150,-0.0149,-0.0039,0.0876,-0.0656,91.0258,0.0002,-0.0002,-0.0002
36.4000,0.0118,-0.0115,-1.6068,-0.0150,-0.0149,-0.0039,0.0876,-0.0656,91.0258,0.0002,-0.0002,-0.0002
36.4999,0.0118,-0.0115,-1.6068,-0.0150,-0.0149,-0.0039,0.0876,-0.0656,91.0258,0.0002,-0.0002,-0.0002
36.5999,0.0118,-0.0115,-1.6068,-0.0150,-0.0149,-0.0039,0.0876,-0.0656,91.0258,0.0002,-0.0002,-0.0002
36.7000,0.0118,-0.0115,-1.6068,-0.0150,-0.0149,-0.0039,0.0876,-0.0656,91.0258,0.0002,-0.0002,-0.0002
36.7999,0.0118,-0.0115,-1.6068,-0.0150,-0.0149,-0.0039,0.0876,-0.0656,91.0258,0.0002,-0.0002,-0.0002
36.8999,0.0118,-0.0115,-1.6068,-0.0150,-0.0149,-0.0039,0.0876,-0.0656,91.0258,0.0002,-0.0002,-0.0002
37.0000,0.0118,-0.0115,-1.6068,-0.0150,-0.0149,-0.0039,0.0876,-0.0656,91.0258,0.0002,-0.0002,-0.0002
37.0999,0.0118,-0.0115,-1.6068,-0.0150,-0.0149,-0.0039,0.0876,-0.0656,91.0258,0.0002,-0.0002,-0.0002
37.2000,0.0118,-0.0115,-1.6068,-0.0150,-0.0149,-0.0039,0.0876,-0.0656,91.0258,0.0002,-0.0002,-0.0002
37.3000,0.0118,-0.0115,-1.6068,-0.0150,-0.0149,-0.0039,0.0876,-0.0656,91.0258,0.0002,-0.0002,-0.0002
37.4000,0.0118,-0.0115,-1.6068,-0.0150,-0.0149,-0.0039,0.0876,-0.0656,91.0258,0.0002,-0.0002,-0.0002
37.4999,0.0118,-0.0115,-1.6068,-0.0150,-0.0149,-0.0039,0.0876,-0.0656,91.0258,0.0002,-0.0002,-0.0002
37.6000,0.0118,-0.0115,-1.6068,-0.0150,-0.0149,-0.0039,0.0876,-0.0656,91.0258,0.0002,-0.0002,-0.0002
37.7000,0.0118,-0.0115,-1.6068,-0.0150,-0.0149,-0.0039,0.0876,-0.0656,91.0258,0.0002,-0.0002,-0.0002
37.7999,0.0118,-0.0115,-1.6068,-0.0150,-0.0149,-0.0039,0.0876,-0.0656,91.0258,0.0002,-0.0002,-0.0002
37.9000,0.0118,-0.0115,-1.6068,-0.0150,-0.0149,-0.0039,0.0876,-0.0656,91.0258,0.0002,-0.0002,-0.0002
38.0000,0.0118,-0.0115,-1.6068,-0.0150,-0.0149,-0.0039,0.0876,-0.0656,91.0258,0.0002,-0.0002,-0.0002
38.0999,0.0118,-0.0115,-1.6068,-0.0150,-0.0149,-0.0039,0.0876,-0.0656,91.0258,0.0002,-0.0002,-0.0002
38.1999,0.0118,-0.0115,-1.6068,-0.0150,-0.0149,-0.0039,0.0876,-0.0656,91.0258,0.0002,-0.0002,-0.0002
38.3000,0.0118,-0.0115,-1.6068,-0.0150,-0.0149,-0.0039,0.0876,-0.0656,91.0258,0.0002,-0.0002,-0.0002
38.4000,0.0118,-0.0115,-1.6068,-0.0150,-0.0149,-0.0039,0.0876,-0.0656,91.0258,0.0002,-0.0002,-0.0002
38.5000,0.0118,-0.0115,-1.6068,-0.0150,-0.0149,-0.0039,0.0876,-0.0656,91.0258,0.0002,-0.0002,-0.0002
38.6000,0.0118,-0.0115,-1.6068,-0.0150,-0.0149,-0.0039,0.0876,-0.0656,91.0258,0.0002,-0.0002,-0.0002
38.6999,0.0118,-0.0115,-1.6068,-0.0150,-0.0149,-0.0039,0.0876,-0.0656,91.0258,0.0002,-0.0002,-0.0002
38.7999,0.0118,-0.0115,-1.6068,-0.0150,-0.0149,-0.0039,0.0876,-0.0656,91.0258,0.0002,-0.0002,-0.0002
38.9000,0.0118,-0.0114,-1.5842,-0.0148,-0.0149,-0.0039,0.0881,-0.0647,91.0176,0.0003,-0.0002,-0.0002
39.0000,0.0118,-0.0114,-1.5842,-0.0148,-0.0149,-0.0039,0.0881,-0.0647,91.0176,0.0003,-0.0002,-0.0002
39.1000,0.0118,-0.0114,-1.5842,-0.0148,-0.0149,-0.0039,0.0881,-0.0647,91.0176,0.0003,-0.0002,-0.0002
39.2000,0.0118,-0.0114,-1.5842,-0.0148,-0.0149,-0.0039,0.0881,-0.0647,91.0176,0.0003,-0.0002,-0.0002
39.3000,0.0118,-0.0114,-1.5842,-0.0148,-0.0149,-0.0039,0.0881,-0.0647,91.0176,0.0003,-0.0002,-0.0002
39.4000,0.0118,-0.0114,-1.5842,-0.0148,-0.0149,-0.0039,0.0881,-0.0647,91.0176,0.0003,-0.0002,-0.0002
39.5000,0.0118,-0.0114,-1.5842,-0.0148,-0.0149,-0.0039,0.0881,-0.0647,91.0176,0.0003,-0.0002,-0.0002
39.6000,0.0118,-0.0114,-1.5842,-0.0148,-0.0149,-0.0039,0.0881,-0.0647,91.0176,0.0003,-0.0002,-0.0002
39.7000,0.0118,-0.0114,-1.5842,-0.0148,-0.0149,-0.0039,0.0881,-0.0647,91.0176,0.0003,-0.0002,-0.0002
39.8000,0.0118,-0.0114,-1.5842,-0.0148,-0.0149,-0.0039,0.0881,-0.0647,91.0176,0.0003,-0.0002,-0.0002
39.9000,0.0118,-0.0114,-1.5842,-0.0148,-0.0149,-0.0039,0.0881,-0.0647,91.0176,0.0003,-0.0002,-0.0002
40.0001,0.0118,-0.0114,-1.5842,-0.0148,-0.0149,-0.0039,0.0881,-0.0647,91.0176,0.0003,-0.0002,-0.0002
40.1000,0.0118,-0.0114,-1.5842,-0.0148,-0.0149,-0.0039,0.0881,-0.0647,91.0176,0.0003,-0.0002,-0.0002
40.2000,0.0118,-0.0114,-1.5842,-0.0148,-0.0149,-0.0039,0.0881,-0.0647,91.0176,0.0003,-0.0002,-0.0002
40.3000,0.0118,-0.0114,-1.5842,-0.0148,-0.0149,-0.0039,0.0881,-0.0647,91.0176,0.0003,-0.0002,-0.0002
40.4000,0.0118,-0.0114,-1.5842,-0.0148,-0.0149,-0.0039,0.0881,-0.0647,91.0176,0.0003,-0.0002,-0.0002
40.4999,0.0118,-0.0114,-1.5842,-0.0148,-0.0149,-0.0039,0.0881,-0.0647,91.0176,0.0003,-0.0002,-0.0002
40.6000,0.0118,-0.0114,-1.5842,-0.0148,-0.0149,-0.0039,0.0881,-0.0647,91.0176,0.0003,-0.0002,-0.0002
40.6999,0.0118,-0.0114,-1.5842,-0.0148,-0.0149,-0.0039,0.0881,-0.0647,91.0176,0.0003,-0.0002,-0.0002
40.7999,0.0118,-0.0114,-1.5842,-0.0148,-0.0149,-0.0039,0.0881,-0.0647,91.0176,0.0003,-0.0002,-0.0002
40.9001,0.0118,-0.0114,-1.5842,-0.0148,-0.0149,-0.0039,0.0881,-0.0647,91.0176,0.0003,-0.0002,-0.0002
40.9999,0.0118,-0.0114,-1.5842,-0.0148,-0.0149,-0.0039,0.0881,-0.0647,91.0176,0.0003,-0.0002,-0.0002
41.1000,0.0118,-0.0114,-1.5842,-0.0148,-0.0149,-0.0039,0.0881,-0.0647,91.0176,0.0003,-0.0002,-0.0002
41.2000,0.0118,-0.0114,-1.5842,-0.0148,-0.0149,-0.0039,0.0881,-0.0647,91.0176,0.0003,-0.0002,-0.0002
41.3000,0.0118,-0.0114,-1.5842,-0.0148,-0.0149,-0.0039,0.0881,-0.0647,91.0176,0.0003,-0.0002,-0.0002
41.4000,0.0118,-0.0114,-1.5842,-0.0148,-0.0149,-0.0039,0.0881,-0.0647,91.0176,0.0003,-0.0002,-0.0002
41.4999,0.0118,-0.0114,-1.5842,-0.0148,-0.0149,-0.0039,0.0881,-0.0647,91.0176,0.0003,-0.0002,-0.0002
41.5999,0.0118,-0.0114,-1.5842,-0.0148,-0.0149,-0.0039,0.0881,-0.0647,91.0176,0.0003,-0.0002,-0.0002
41.6999,0.0118,-0.0114,-1.5842,-0.0148,-0.0149,-0.0039,0.0881,-0.0647,91.0176,0.0003,-0.0002,-0.0002
41.7999,0.0118,-0.0114,-1.5842,-0.0148,-0.0149,-0.0039,0.0881,-0.0647,91.0176,0.0003,-0.0002,-0.0002
41.9000,0.0118,-0.0114,-1.5842,-0.0148,-0.0149,-0.0039,0.0881,-0.0647,91.0176,0.0003,-0.0002,-0.0002
42.0001,0.0118,-0.0114,-1.5842,-0.0148,-0.0149,-0.0039,0.0881,-0.0647,91.0176,0.0003,-0.0002,-0.0002
42.1000,0.0118,-0.0114,-1.5842,-0.0148,-0.0149,-0.0039,0.0881,-0.0647,91.0176,0.0003,-0.0002,-0.0002
42.2000,0.0118,-0.0114,-1.5842,-0.0148,-0.0149,-0.0039,0.0881,-0.0647,91.0176,0.0003,-0.0002,-0.0002
42.3000,0.0118,-0.0114,-1.5842,-0.0148,-0.0149,-0.0039,0.0881,-0.0647,91.0176,0.0003,-0.0002,-0.0002
42.4000,0.0118,-0.0114,-1.5842,-0.0148,-0.0149,-0.0039,0.0881,-0.0647,91.0176,0.0003,-0.0002,-0.0002
42.5000,0.0118,-0.0114,-1.5842,-0.0148,-0.0149,-0.0039,0.0881,-0.0647,91.0176,0.0003,-0.0002,-0.0002
42.6001,0.0118,-0.0114,-1.5842,-0.0148,-0.0149,-0.0039,0.0881,-0.0647,91.0176,0.0003,-0.0002,-0.0002
42.7000,0.0118,-0.0114,-1.5842,-0.0148,-0.0149,-0.0039,0.0881,-0.0647,91.0176,0.0003,-0.0002,-0.0002
42.8000,0.0118,-0.0114,-1.5842,-0.0148,-0.0149,-0.0039,0.0881,-0.0647,91.0176,0.0003,-0.0002,-0.0002
42.9001,0.0118,-0.0114,-1.5842,-0.0148,-0.0149,-0.0039,0.0881,-0.0647,91.0176,0.0003,-0.0002,-0.0002
43.0000,0.0118,-0.0114,-1.5842,-0.0148,-0.0149,-0.0039,0.0881,-0.0647,91.0176,0.0003,-0.0002,-0.0002
43.1000,0.0118,-0.0114,-1.5842,-0.0148,-0.0149,-0.0039,0.0881,-0.0647,91.0176,0.0003,-0.0002,-0.0002
43.2000,0.0119,-0.0114,-1.5619,-0.0146,-0.0150,-0.0039,0.0887,-0.0642,91.0099,0.0003,-0.0002,-0.0002
43.3001,0.0119,-0.0114,-1.5619,-0.0146,-0.0150,-0.0039,0.0887,-0.0642,91.0099,0.0003,-0.0002,-0.0002
43.4000,0.0119,-0.0114,-1.5619,-0.0146,-0.0150,-0.0039,0.0887,-0.0642,91.0099,0.0003,-0.0002,-0.0002
43.5000,0.0119,-0.0114,-1.5619,-0.0146,-0.0150,-0.0039,0.0887,-0.0642,91.0099,0.0003,-0.0002,-0.0002
43.6001,0.0119,-0.0114,-1.5619,-0.0146,-0.0150,-0.0039,0.0887,-0.0642,91.0099,0.0003,-0.0002,-0.0002
43.7000,0.0119,-0.0114,-1.5619,-0.0146,-0.0150,-0.0039,0.0887,-0.0642,91.0099,0.0003,-0.0002,-0.0002
43.7999,0.0119,-0.0114,-1.5619,-0.0146,-0.0150,-0.0039,0.0887,-0.0642,91.0099,0.0003,-0.0002,-0.0002
43.8999,0.0119,-0.0114,-1.5619,-0.0146,-0.0150,-0.0039,0.0887,-0.0642,91.0099,0.0003,-0.0002,-0.0002
43.9999,0.0119,-0.0114,-1.5619,-0.0146,-0.0150,-0.0039,0.0887,-0.0642,91.0099,0.0003,-0.0002,-0.0002
44.0999,0.0119,-0.0114,-1.5619,-0.0146,-0.0150,-0.0039,0.0887,-0.0642,91.0099,0.0003,-0.0002,-0.0002
44.2000,0.0119,-0.0114,-1.5619,-0.0146,-0.0150,-0.0039,0.0887,-0.0642,91.0099,0.0003,-0.0002,-0.0002
44.3000,0.0119,-0.0114,-1.5619,-0.0146,-0.0150,-0.0039,0.0887,-0.0642,91.0099,0.0003,-0.0002,-0.0002
44.4000,0.0119,-0.0114,-1.5619,-0.0146,-0.0150,-0.0039,0.0887,-0.0642,91.0099,0.0003,-0.0002,-0.0002
44.4999,0.0119,-0.0114,-1.5619,-0.0146,-0.0150,-0.0039,0.0887,-0.0642,91.0099,0.0003,-0.0002,-0.0002
44.6000,0.0119,-0.0114,-1.5619,-0.0146,-0.0150,-0.0039,0.0887,-0.0642,91.0099,0.0003,-0.0002,-0.0002
44.7000,0.0119,-0.0114,-1.5619,-0.0146,-0.0150,-0.0039,0.0887,-0.0642,91.0099,0.0003,-0.0002,-0.0002
44.7999,0.0119,-0.0114,-1.5619,-0.0146,-0.0150,-0.0039,0.0887,-0.0642,91.0099,0.0003,-0.0002,-0.0002
44.9000,0.0119,-0.0114,-1.5619,-0.0146,-0.0150,-0.0039,0.0887,-0.0642,91.0099,0.0003,-0.0002,-0.0002
45.0000,0.0119,-0.0114,-1.5619,-0.0146,-0.0150,-0.0039,0.0887,-0.0642,91.0099,0.0003,-0.0002,-0.0002
45.1000,0.0119,-0.0114,-1.5619,-0.0146,-0.0150,-0.0039,0.0887,-0.0642,91.0099,0.0003,-0.0002,-0.0002
45.2000,0.0119,-0.0114,-1.5619,-0.0146,-0.0150,-0.0039,0.0887,-0.0642,91.0099,0.0003,-0.0002,-0.0002
45.3000,0.0119,-0.0114,-1.5619,-0.0146,-0.0150,-0.0039,0.0887,-0.0642,91.0099,0.0003,-0.0002,-0.0002
45.3999,0.0119,-0.0114,-1.5619,-0.0146,-0.0150,-0.0039,0.0887,-0.0642,91.0099,0.0003,-0.0002,-0.0002
45.5000,0.0119,-0.0114,-1.5619,-0.0146,-0.0150,-0.0039,0.0887,-0.0642,91.0099,0.0003,-0.0002,-0.0002
45.6000,0.0119,-0.0114,-1.5619,-0.0146,-0.0150,-0.0039,0.0887,-0.0642,91.0099,0.0003,-0.0002,-0.0002
45.7000,0.0119,-0.0114,-1.5619,-0.0146,-0.0150,-0.0039,0.0887,-0.0642,91.0099,0.0003,-0.0002,-0.0002
45.7999,0.0119,-0.0114,-1.5619,-0.0146,-0.0150,-0.0039,0.0887,-0.0642,91.0099,0.0003,-0.0002,-0.0002
45.8999,0.0119,-0.0114,-1.5619,-0.0146,-0.0150,-0.0039,0.0887,-0.0642,91.0099,0.0003,-0.0002,-0.0002
46.0001,0.0119,-0.0114,-1.5619,-0.0146,-0.0150,-0.0039,0.0887,-0.0642,91.0099,0.0003,-0.0002,-0.0002
46.1000,0.0119,-0.0114,-1.5619,-0.0146,-0.0150,-0.0039,0.0887,-0.0642,91.0099,0.0003,-0.0002,-0.0002
46.1999,0.0119,-0.0114,-1.5619,-0.0146,-0.0150,-0.0039,0.0887,-0.0642,91.0099,0.0003,-0.0002,-0.0002
46.3000,0.0119,-0.0114,-1.5619,-0.0146,-0.0150,-0.0039,0.0887,-0.0642,91.0099,0.0003,-0.0002,-0.0002
46.3999,0.0119,-0.0114,-1.5619,-0.0146,-0.0150,-0.0039,0.0887,-0.0642,91.0099,0.0003,-0.0002,-0.0002
46.5000,0.0119,-0.0114,-1.5619,-0.0146,-0.0150,-0.0039,0.0887,-0.0642,91.0099,0.0003,-0.0002,-0.0002
46.6000,0.0119,-0.0114,-1.5619,-0.0146,-0.0150,-0.0039,0.0887,-0.0642,91.0099,0.0003,-0.0002,-0.0002
46.6999,0.0119,-0.0114,-1.5619,-0.0146,-0.0150,-0.0039,0.0887,-0.0642,91.0099,0.0003,-0.0002,-0.0002
46.7999,0.0119,-0.0114,-1.5619,-0.0146,-0.0150,-0.0039,0.0887,-0.0642,91.0099,0.0003,-0.0002,-0.0002
46.8999,0.0119,-0.0114,-1.5619,-0.0146,-0.0150,-0.0039,0.0887,-0.0642,91.0099,0.0003,-0.0002,-0.0002
46.9999,0.0119,-0.0114,-1.5619,-0.0146,-0.0150,-0.0039,0.0887,-0.0642,91.0099,0.0003,-0.0002,-0.0002
47.1000,0.0119,-0.0114,-1.5619,-0.0146,-0.0150,-0.0039,0.0887,-0.0642,91.0099,0.0003,-0.0002,-0.0002
47.1999,0.0119,-0.0114,-1.5619,-0.0146,-0.0150,-0.0039,0.0887,-0.0642,91.0099,0.0003,-0.0002,-0.0002
47.3000,0.0119,-0.0114,-1.5619,-0.0146,-0.0150,-0.0039,0.0887,-0.0642,91.0099,0.0003,-0.0002,-0.0002
47.4000,0.0119,-0.0114,-1.5619,-0.0146,-0.0150,-0.0039,0.0887,-0.0642,91.0099,0.0003,-0.0002,-0.0002
47.5000,0.0119,-0.0114,-1.5400,-0.0146,-0.0151,-0.0038,0.0887,-0.0636,91.0019,0.0002,-0.0002,-0.0002
47.6000,0.0119,-0.0114,-1.5400,-0.0146,-0.0151,-0.0038,0.0887,-0.0636,91.0019,0.0002,-0.0002,-0.0002
47.7000,0.0119,-0.0114,-1.5400,-0.0146,-0.0151,-0.0038,0.0887,-0.0636,91.0019,0.0002,-0.0002,-0.0002
47.8000,0.0119,-0.0114,-1.5400,-0.0146,-0.0151,-0.0038,0.0887,-0.0636,91.0019,0.0002,-0.0002,-0.0002
47.9000,0.0119,-0.0114,-1.5400,-0.0146,-0.0151,-0.0038,0.0887,-0.0636,91.0019,0.0002,-0.0002,-0.0002
48.0000,0.0119,-0.0114,-1.5400,-0.0146,-0.0151,-0.0038,0.0887,-0.0636,91.0019,0.0002,-0.0002,-0.0002
48.0999,0.0119,-0.0114,-1.5400,-0.0146,-0.0151,-0.0038,0.0887,-0.0636,91.0019,0.0002,-0.0002,-0.0002
48.2000,0.0119,-0.0114,-1.5400,-0.0146,-0.0151,-0.0038,0.0887,-0.0636,91.0019,0.0002,-0.0002,-0.0002
48.3000,0.0119,-0.0114,-1.5400,-0.0146,-0.0151,-0.0038,0.0887,-0.0636,91.0019,0.0002,-0.0002,-0.0002
48.4000,0.0119,-0.0114,-1.5400,-0.0146,-0.0151,-0.0038,0.0887,-0.0636,91.0019,0.0002,-0.0002,-0.0002
48.5000,0.0119,-0.0114,-1.5400,-0.0146,-0.0151,-0.0038,0.0887,-0.0636,91.0019,0.0002,-0.0002,-0.0002
48.5999,0.0119,-0.0114,-1.5400,-0.0146,-0.0151,-0.0038,0.0887,-0.0636,91.0019,0.0002,-0.0002,-0.0002
48.6999,0.0119,-0.0114,-1.5400,-0.0146,-0.0151,-0.0038,0.0887,-0.0636,91.0019,0.0002,-0.0002,-0.0002
48.8000,0.0119,-0.0114,-1.5400,-0.0146,-0.0151,-0.0038,0.0887,-0.0636,91.0019,0.0002,-0.0002,-0.0002
48.8999,0.0119,-0.0114,-1.5400,-0.0146,-0.0151,-0.0038,0.0887,-0.0636,91.0019,0.0002,-0.0002,-0.0002
49.0000,0.0119,-0.0114,-1.5400,-0.0146,-0.0151,-0.0038,0.0887,-0.0636,91.0019,0.0002,-0.0002,-0.0002
49.0999,0.0119,-0.0114,-1.5400,-0.0146,-0.0151,-0.0038,0.0887,-0.0636,91.0019,0.0002,-0.0002,-0.0002
49.1999,0.0119,-0.0114,-1.5400,-0.0146,-0.0151,-0.0038,0.0887,-0.0636,91.0019,0.0002,-0.0002,-0.0002
49.3000,0.0119,-0.0114,-1.5400,-0.0146,-0.0151,-0.0038,0.0887,-0.0636,91.0019,0.0002,-0.0002,-0.0002
49.4000,0.0119,-0.0114,-1.5400,-0.0146,-0.0151,-0.0038,0.0887,-0.0636,91.0019,0.0002,-0.0002,-0.0002
49.5000,0.0119,-0.0114,-1.5400,-0.0146,-0.0151,-0.0038,0.0887,-0.0636,91.0019,0.0002,-0.0002,-0.0002
49.6001,0.0119,-0.0114,-1.5400,-0.0146,-0.0151,-0.0038,0.0887,-0.0636,91.0019,0.0002,-0.0002,-0.0002
49.7000,0.0119,-0.0114,-1.5400,-0.0146,-0.0151,-0.0038,0.0887,-0.0636,91.0019,0.0002,-0.0002,-0.0002
49.8000,0.0119,-0.0114,-1.5400,-0.0146,-0.0151,-0.0038,0.0887,-0.0636,91.0019,0.0002,-0.0002,-0.0002
49.8999,0.0119,-0.0114,-1.5400,-0.0146,-0.0151,-0.0038,0.0887,-0.0636,91.0019,0.0002,-0.0002,-0.0002
49.9999,0.0119,-0.0114,-1.5400,-0.0146,-0.0151,-0.0038,0.0887,-0.0636,91.0019,0.0002,-0.0002,-0.0002
50.0999,0.0119,-0.0114,-1.5400,-0.0146,-0.0151,-0.0038,0.0887,-0.0636,91.0019,0.0002,-0.0002,-0.0002
50.1999,0.0119,-0.0114,-1.5400,-0.0146,-0.0151,-0.0038,0.0887,-0.0636,91.0019,0.0002,-0.0002,-0.0002
50.3000,0.0119,-0.0114,-1.5400,-0.0146,-0.0151,-0.0038,0.0887,-0.0636,91.0019,0.0002,-0.0002,-0.0002
50.4000,0.0119,-0.0114,-1.5400,-0.0146,-0.0151,-0.0038,0.0887,-0.0636,91.0019,0.0002,-0.0002,-0.0002
50.5000,0.0119,-0.0114,-1.5400,-0.0146,-0.0151,-0.0038,0.0887,-0.0636,91.0019,0.0002,-0.0002,-0.0002
50.6000,0.0119,-0.0114,-1.5400,-0.0146,-0.0151,-0.0038,0.0887,-0.0636,91.0019,0.0002,-0.0002,-0.0002
50.7001,0.0119,-0.0114,-1.5400,-0.0146,-0.0151,-0.0038,0.0887,-0.0636,91.0019,0.0002,-0.0002,-0.0002
50.8000,0.0119,-0.0114,-1.5400,-0.0146,-0.0151,-0.0038,0.0887,-0.0636,91.0019,0.0002,-0.0002,-0.0002
50.8999,0.0119,-0.0114,-1.5400,-0.0146,-0.0151,-0.0038,0.0887,-0.0636,91.0019,0.0002,-0.0002,-0.0002
51.0000,0.0119,-0.0114,-1.5400,-0.0146,-0.0151,-0.0038,0.0887,-0.0636,91.0019,0.0002,-0.0002,-0.0002
51.1000,0.0119,-0.0114,-1.5400,-0.0146,-0.0151,-0.0038,0.0887,-0.0636,91.0019,0.0002,-0.0002,-0.0002
51.1999,0.0119,-0.0114,-1.5400,-0.0146,-0.0151,-0.0038,0.0887,-0.0636,91.0019,0.0002,-0.0002,-0.0002
51.2999,0.0119,-0.0114,-1.5400,-0.0146,-0.0151,-0.0038,0.0887,-0.0636,91.0019,0.0002,-0.0002,-0.0002
51.4000,0.0119,-0.0114,-1.5400,-0.0146,-0.0151,-0.0038,0.0887,-0.0636,91.0019,0.0002,-0.0002,-0.0002
51.5000,0.0119,-0.0114,-1.5400,-0.0146,-0.0151,-0.0038,0.0887,-0.0636,91.0019,0.0002,-0.0002,-0.0002
51.6001,0.0119,-0.0114,-1.5400,-0.0146,-0.0151,-0.0038,0.0887,-0.0636,91.0019,0.0002,-0.0002,-0.0002
51.7000,0.0119,-0.0114,-1.5400,-0.0146,-0.0151,-0.0038,0.0887,-0.0636,91.0019,0.0002,-0.0002,-0.0002
51.8000,0.0120,-0.0113,-1.5184,-0.0145,-0.0151,-0.0039,0.0890,-0.0635,90.9941,0.0003,-0.0003,-0.0002
51.8999,0.0120,-0.0113,-1.5184,-0.0145,-0.0151,-0.0039,0.0890,-0.0635,90.9941,0.0003,-0.0003,-0.0002
51.9999,0.0120,-0.0113,-1.5184,-0.0145,-0.0151,-0.0039,0.0890,-0.0635,90.9941,0.0003,-0.0003,-0.0002
52.1000,0.0120,-0.0113,-1.5184,-0.0145,-0.0151,-0.0039,0.0890,-0.0635,90.9941,0.0003,-0.0003,-0.0002
52.1999,0.0120,-0.0113,-1.5184,-0.0145,-0.0151,-0.0039,0.0890,-0.0635,90.9941,0.0003,-0.0003,-0.0002
52.2999,0.0120,-0.0113,-1.5184,-0.0145,-0.0151,-0.0039,0.0890,-0.0635,90.9941,0.0003,-0.0003,-0.0002
52.4000,0.0120,-0.0113,-1.5184,-0.0145,-0.0151,-0.0039,0.0890,-0.0635,90.9941,0.0003,-0.0003,-0.0002
52.5000,0.0120,-0.0113,-1.5184,-0.0145,-0.0151,-0.0039,0.0890,-0.0635,90.9941,0.0003,-0.0003,-0.0002
52.6002,0.0120,-0.0113,-1.5184,-0.0145,-0.0151,-0.0039,0.0890,-0.0635,90.9941,0.0003,-0.0003,-0.0002
52.7000,0.0120,-0.0113,-1.5184,-0.0145,-0.0151,-0.0039,0.0890,-0.0635,90.9941,0.0003,-0.0003,-0.0002
52.8001,0.0120,-0.0113,-1.5184,-0.0145,-0.0151,-0.0039,0.0890,-0.0635,90.9941,0.0003,-0.0003,-0.0002
52.9001,0.0120,-0.0113,-1.5184,-0.0145,-0.0151,-0.0039,0.0890,-0.0635,90.9941,0.0003,-0.0003,-0.0002
53.0000,0.0120,-0.0113,-1.5184,-0.0145,-0.0151,-0.0039,0.0890,-0.0635,90.9941,0.0003,-0.0003,-0.0002
53.1000,0.0120,-0.0113,-1.5184,-0.0145,-0.0151,-0.0039,0.0890,-0.0635,90.9941,0.0003,-0.0003,-0.0002
53.2000,0.0120,-0.0113,-1.5184,-0.0145,-0.0151,-0.0039,0.0890,-0.0635,90.9941,0.0003,-0.0003,-0.0002
53.2999,0.0120,-0.0113,-1.5184,-0.0145,-0.0151,-0.0039,0.0890,-0.0635,90.9941,0.0003,-0.0003,-0.0002
53.4000,0.0120,-0.0113,-1.5184,-0.0145,-0.0151,-0.0039,0.0890,-0.0635,90.9941,0.0003,-0.0003,-0.0002
53.4999,0.0120,-0.0113,-1.5184,-0.0145,-0.0151,-0.0039,0.0890,-0.0635,90.9941,0.0003,-0.0003,-0.0002
53.6000,0.0120,-0.0113,-1.5184,-0.0145,-0.0151,-0.0039,0.0890,-0.0635,90.9941,0.0003,-0.0003,-0.0002
53.7000,0.0120,-0.0113,-1.5184,-0.0145,-0.0151,-0.0039,0.0890,-0.0635,90.9941,0.0003,-0.0003,-0.0002
53.7999,0.0120,-0.0113,-1.5184,-0.0145,-0.0151,-0.0039,0.0890,-0.0635,90.9941,0.0003,-0.0003,-0.0002
53.8999,0.0120,-0.0113,-1.5184,-0.0145,-0.0151,-0.0039,0.0890,-0.0635,90.9941,0.0003,-0.0003,-0.0002
54.0000,0.0120,-0.0113,-1.5184,-0.0145,-0.0151,-0.0039,0.0890,-0.0635,90.9941,0.0003,-0.0003,-0.0002
54.1000,0.0120,-0.0113,-1.5184,-0.0145,-0.0151,-0.0039,0.0890,-0.0635,90.9941,0.0003,-0.0003,-0.0002
54.2000,0.0120,-0.0113,-1.5184,-0.0145,-0.0151,-0.0039,0.0890,-0.0635,90.9941,0.0003,-0.0003,-0.0002
54.2999,0.0120,-0.0113,-1.5184,-0.0145,-0.0151,-0.0039,0.0890,-0.0635,90.9941,0.0003,-0.0003,-0.0002
54.4000,0.0120,-0.0113,-1.5184,-0.0145,-0.0151,-0.0039,0.0890,-0.0635,90.9941,0.0003,-0.0003,-0.0002
54.5000,0.0120,-0.0113,-1.5184,-0.0145,-0.0151,-0.0039,0.0890,-0.0635,90.9941,0.0003,-0.0003,-0.0002
54.6000,0.0120,-0.0113,-1.5184,-0.0145,-0.0151,-0.0039,0.0890,-0.0635,90.9941,0.0003,-0.0003,-0.0002
54.7000,0.0120,-0.0113,-1.5184,-0.0145,-0.0151,-0.0039,0.0890,-0.0635,90.9941,0.0003,-0.0003,-0.0002
54.8000,0.0120,-0.0113,-1.5184,-0.0145,-0.0151,-0.0039,0.0890,-0.0635,90.9941,0.0003,-0.0003,-0.0002
54.9000,0.0120,-0.0113,-1.5184,-0.0145,-0.0151,-0.0039,0.0890,-0.0635,90.9941,0.0003,-0.0003,-0.0002
55.0000,0.0120,-0.0113,-1.5184,-0.0145,-0.0151,-0.0039,0.0890,-0.0635,90.9941,0.0003,-0.0003,-0.0002
55.1000,0.0120,-0.0113,-1.5184,-0.0145,-0.0151,-0.0039,0.0890,-0.0635,90.9941,0.0003,-0.0003,-0.0002
55.2000,0.0120,-0.0113,-1.5184,-0.0145,-0.0151,-0.0039,0.0890,-0.0635,90.9941,0.0003,-0.0003,-0.0002
55.2999,0.0120,-0.0113,-1.5184,-0.0145,-0.0151,-0.0039,0.0890,-0.0635,90.9941,0.0003,-0.0003,-0.0002
55.4000,0.0120,-0.0113,-1.5184,-0.0145,-0.0151,-0.0039,0.0890,-0.0635,90.9941,0.0003,-0.0003,-0.0002
55.5000,0.0120,-0.0113,-1.5184,-0.0145,-0.0151,-0.0039,0.0890,-0.0635,90.9941,0.0003,-0.0003,-0.0002
55.6000,0.0120,-0.0113,-1.5184,-0.0145,-0.0151,-0.0039,0.0890,-0.0635,90.9941,0.0003,-0.0003,-0.0002
55.7000,0.0120,-0.0113,-1.5184,-0.0145,-0.0151,-0.0039,0.0890,-0.0635,90.9941,0.0003,-0.0003,-0.0002
55.8000,0.0120,-0.0113,-1.5184,-0.0145,-0.0151,-0.0039,0.0890,-0.0635,90.9941,0.0003,-0.0003,-0.0002
55.9000,0.0120,-0.0113,-1.5184,-0.0145,-0.0151,-0.0039,0.0890,-0.0635,90.9941,0.0003,-0.0003,-0.0002
56.0000,0.0120,-0.0113,-1.5184,-0.0145,-0.0151,-0.0039,0.0890,-0.0635,90.9941,0.0003,-0.0003,-0.0002
56.1001,0.0120,-0.0113,-1.4971,-0.0145,-0.0154,-0.0039,0.0889,-0.0634,90.9859,0.0004,-0.0002,-0.0002
56.2000,0.0120,-0.0113,-1.4971,-0.0145,-0.0154,-0.0039,0.0889,-0.0634,90.9859,0.0004,-0.0002,-0.0002
56.2999,0.0120,-0.0113,-1.4971,-0.0145,-0.0154,-0.0039,0.0889,-0.0634,90.9859,0.0004,-0.0002,-0.0002
56.4001,0.0120,-0.0113,-1.4971,-0.0145,-0.0154,-0.0039,0.0889,-0.0634,90.9859,0.0004,-0.0002,-0.0002
56.5001,0.0120,-0.0113,-1.4971,-0.0145,-0.0154,-0.0039,0.0889,-0.0634,90.9859,0.0004,-0.0002,-0.0002
56.6000,0.0120,-0.0113,-1.4971,-0.0145,-0.0154,-0.0039,0.0889,-0.0634,90.9859,0.0004,-0.0002,-0.0002
56.6999,0.0120,-0.0113,-1.4971,-0.0145,-0.0154,-0.0039,0.0889,-0.0634,90.9859,0.0004,-0.0002,-0.0002
56.7999,0.0120,-0.0113,-1.4971,-0.0145,-0.0154,-0.0039,0.0889,-0.0634,90.9859,0.0004,-0.0002,-0.0002
56.8999,0.0120,-0.0113,-1.4971,-0.0145,-0.0154,-0.0039,0.0889,-0.0634,90.9859,0.0004,-0.0002,-0.0002
56.9999,0.0120,-0.0113,-1.4971,-0.0145,-0.0154,-0.0039,0.0889,-0.0634,90.9859,0.0004,-0.0002,-0.0002
57.0999,0.0120,-0.0113,-1.4971,-0.0145,-0.0154,-0.0039,0.0889,-0.0634,90.9859,0.0004,-0.0002,-0.0002
57.2000,0.0120,-0.0113,-1.4971,-0.0145,-0.0154,-0.0039,0.0889,-0.0634,90.9859,0.0004,-0.0002,-0.0002
57.3000,0.0120,-0.0113,-1.4971,-0.0145,-0.0154,-0.0039,0.0889,-0.0634,90.9859,0.0004,-0.0002,-0.0002
57.4000,0.0120,-0.0113,-1.4971,-0.0145,-0.0154,-0.0039,0.0889,-0.0634,90.9859,0.0004,-0.0002,-0.0002
57.5000,0.0120,-0.0113,-1.4971,-0.0145,-0.0154,-0.0039,0.0889,-0.0634,90.9859,0.0004,-0.0002,-0.0002
57.6000,0.0120,-0.0113,-1.4971,-0.0145,-0.0154,-0.0039,0.0889,-0.0634,90.9859,0.0004,-0.0002,-0.0002
57.7000,0.0120,-0.0113,-1.4971,-0.0145,-0.0154,-0.0039,0.0889,-0.0634,90.9859,0.0004,-0.0002,-0.0002
57.8000,0.0120,-0.0113,-1.4971,-0.0145,-0.0154,-0.0039,0.0889,-0.0634,90.9859,0.0004,-0.0002,-0.0002
57.9000,0.0120,-0.0113,-1.4971,-0.0145,-0.0154,-0.0039,0.0889,-0.0634,90.9859,0.0004,-0.0002,-0.0002
58.0000,0.0120,-0.0113,-1.4971,-0.0145,-0.0154,-0.0039,0.0889,-0.0634,90.9859,0.0004,-0.0002,-0.0002
58.1001,0.0120,-0.0113,-1.4971,-0.0145,-0.0154,-0.0039,0.0889,-0.0634,90.9859,0.0004,-0.0002,-0.0002
58.2000,0.0120,-0.0113,-1.4971,-0.0145,-0.0154,-0.0039,0.0889,-0.0634,90.9859,0.0004,-0.0002,-0.0002
58.2999,0.0120,-0.0113,-1.4971,-0.0145,-0.0154,-0.0039,0.0889,-0.0634,90.9859,0.0004,-0.0002,-0.0002
58.4000,0.0120,-0.0113,-1.4971,-0.0145,-0.0154,-0.0039,0.0889,-0.0634,90.9859,0.0004,-0.0002,-0.0002
58.5000,0.0120,-0.0113,-1.4971,-0.0145,-0.0154,-0.0039,0.0889,-0.0634,90.9859,0.0004,-0.0002,-0.0002
58.6000,0.0120,-0.0113,-1.4971,-0.0145,-0.0154,-0.0039,0.0889,-0.0634,90.9859,0.0004,-0.0002,-0.0002
58.7000,0.0120,-0.0113,-1.4971,-0.0145,-0.0154,-0.0039,0.0889,-0.0634,90.9859,0.0004,-0.0002,-0.0002
58.8000,0.0120,-0.0113,-1.4971,-0.0145,-0.0154,-0.0039,0.0889,-0.0634,90.9859,0.0004,-0.0002,-0.0002
58.9000,0.0120,-0.0113,-1.4971,-0.0145,-0.0154,-0.0039,0.0889,-0.0634,90.9859,0.0004,-0.0002,-0.0002
59.0001,0.0120,-0.0113,-1.4971,-0.0145,-0.0154,-0.0039,0.0889,-0.0634,90.9859,0.0004,-0.0002,-0.0002
59.0999,0.0120,-0.0113,-1.4971,-0.0145,-0.0154,-0.0039,0.0889,-0.0634,90.9859,0.0004,-0.0002,-0.0002
59.1999,0.0120,-0.0113,-1.4971,-0.0145,-0.0154,-0.0039,0.0889,-0.0634,90.9859,0.0004,-0.0002,-0.0002
59.3000,0.0120,-0.0113,-1.4971,-0.0145,-0.0154,-0.0039,0.0889,-0.0634,90.9859,0.0004,-0.0002,-0.0002
59.3999,0.0120,-0.0113,-1.4971,-0.0145,-0.0154,-0.0039,0.0889,-0.0634,90.9859,0.0004,-0.0002,-0.0002
59.4999,0.0120,-0.0113,-1.4971,-0.0145,-0.0154,-0.0039,0.0889,-0.0634,90.9859,0.0004,-0.0002,-0.0002
59.6000,0.0120,-0.0113,-1.4971,-0.0145,-0.0154,-0.0039,0.0889,-0.0634,90.9859,0.0004,-0.0002,-0.0002
59.7000,0.0120,-0.0113,-1.4971,-0.0145,-0.0154,-0.0039,0.0889,-0.0634,90.9859,0.0004,-0.0002,-0.0002
59.8000,0.0120,-0.0113,-1.4971,-0.0145,-0.0154,-0.0039,0.0889,-0.0634,90.9859,0.0004,-0.0002,-0.0002
59.9000,0.0120,-0.0113,-1.4971,-0.0145,-0.0154,-0.0039,0.0889,-0.0634,90.9859,0.0004,-0.0002,-0.0002
60.0000,0.0120,-0.0113,-1.4971,-0.0145,-0.0154,-0.0039,0.0889,-0.0634,90.9859,0.0004,-0.0002,-0.0002
60.1000,0.0120,-0.0113,-1.4971,-0.0145,-0.0154,-0.0039,0.0889,-0.0634,90.9859,0.0004,-0.0002,-0.0002
60.1999,0.0120,-0.0113,-1.4971,-0.0145,-0.0154,-0.0039,0.0889,-0.0634,90.9859,0.0004,-0.0002,-0.0002
60.2999,0.0120,-0.0113,-1.4971,-0.0145,-0.0154,-0.0039,0.0889,-0.0634,90.9859,0.0004,-0.0002,-0.0002
60.3999,0.0120,-0.0113,-1.4971,-0.0145,-0.0154,-0.0039,0.0889,-0.0634,90.9859,0.0004,-0.0002,-0.0002
60.5001,0.0121,-0.0112,-1.4761,-0.0145,-0.0155,-0.0040,0.0879,-0.0634,90.9777,0.0002,-0.0003,-0.0003
60.5999,0.0121,-0.0112,-1.4761,-0.0145,-0.0155,-0.0040,0.0879,-0.0634,90.9777,0.0002,-0.0003,-0.0003
60.7000,0.0121,-0.0112,-1.4761,-0.0145,-0.0155,-0.0040,0.0879,-0.0634,90.9777,0.0002,-0.0003,-0.0003
60.7999,0.0121,-0.0112,-1.4761,-0.0145,-0.0155,-0.0040,0.0879,-0.0634,90.9777,0.0002,-0.0003,-0.0003
60.9001,0.0121,-0.0112,-1.4761,-0.0145,-0.0155,-0.0040,0.0879,-0.0634,90.9777,0.0002,-0.0003,-0.0003
60.9999,0.0121,-0.0112,-1.4761,-0.0145,-0.0155,-0.0040,0.0879,-0.0634,90.9777,0.0002,-0.0003,-0.0003
61.1000,0.0121,-0.0112,-1.4761,-0.0145,-0.0155,-0.0040,0.0879,-0.0634,90.9777,0.0002,-0.0003,-0.0003
61.1999,0.0121,-0.0112,-1.4761,-0.0145,-0.0155,-0.0040,0.0879,-0.0634,90.9777,0.0002,-0.0003,-0.0003
61.3000,0.0121,-0.0112,-1.4761,-0.0145,-0.0155,-0.0040,0.0879,-0.0634,90.9777,0.0002,-0.0003,-0.0003
61.4000,0.0121,-0.0112,-1.4761,-0.0145,-0.0155,-0.0040,0.0879,-0.0634,90.9777,0.0002,-0.0003,-0.0003
61.4999,0.0121,-0.0112,-1.4761,-0.0145,-0.0155,-0.0040,0.0879,-0.0634,90.9777,0.0002,-0.0003,-0.0003
61.5999,0.0121,-0.0112,-1.4761,-0.0145,-0.0155,-0.0040,0.0879,-0.0634,90.9777,0.0002,-0.0003,-0.0003
61.7000,0.0121,-0.0112,-1.4761,-0.0145,-0.0155,-0.0040,0.0879,-0.0634,90.9777,0.0002,-0.0003,-0.0003
61.8000,0.0121,-0.0112,-1.4761,-0.0145,-0.0155,-0.0040,0.0879,-0.0634,90.9777,0.0002,-0.0003,-0.0003
61.8999,0.0121,-0.0112,-1.4761,-0.0145,-0.0155,-0.0040,0.0879,-0.0634,90.9777,0.0002,-0.0003,-0.0003
61.9999,0.0121,-0.0112,-1.4761,-0.0145,-0.0155,-0.0040,0.0879,-0.0634,90.9777,0.0002,-0.0003,-0.0003
62.1000,0.0121,-0.0112,-1.4761,-0.0145,-0.0155,-0.0040,0.0879,-0.0634,90.9777,0.0002,-0.0003,-0.0003
62.2000,0.0121,-0.0112,-1.4761,-0.0145,-0.0155,-0.0040,0.0879,-0.0634,90.9777,0.0002,-0.0003,-0.0003
62.3000,0.0121,-0.0112,-1.4761,-0.0145,-0.0155,-0.0040,0.0879,-0.0634,90.9777,0.0002,-0.0003,-0.0003
62.4000,0.0121,-0.0112,-1.4761,-0.0145,-0.0155,-0.0040,0.0879,-0.0634,90.9777,0.0002,-0.0003,-0.0003
62.5002,0.0121,-0.0112,-1.4761,-0.0145,-0.0155,-0.0040,0.0879,-0.0634,90.9777,0.0002,-0.0003,-0.0003
62.5999,0.0121,-0.0112,-1.4761,-0.0145,-0.0155,-0.0040,0.0879,-0.0634,90.9777,0.0002,-0.0003,-0.0003
62.7000,0.0121,-0.0112,-1.4761,-0.0145,-0.0155,-0.0040,0.0879,-0.0634,90.9777,0.0002,-0.0003,-0.0003
62.8000,0.0121,-0.0112,-1.4761,-0.0145,-0.0155,-0.0040,0.0879,-0.0634,90.9777,0.0002,-0.0003,-0.0003
62.9001,0.0121,-0.0112,-1.4761,-0.0145,-0.0155,-0.0040,0.0879,-0.0634,90.9777,0.0002,-0.0003,-0.0003
63.0000,0.0121,-0.0112,-1.4761,-0.0145,-0.0155,-0.0040,0.0879,-0.0634,90.9777,0.0002,-0.0003,-0.0003
63.1000,0.0121,-0.0112,-1.4761,-0.0145,-0.0155,-0.0040,0.0879,-0.0634,90.9777,0.0002,-0.0003,-0.0003
63.2000,0.0121,-0.0112,-1.4761,-0.0145,-0.0155,-0.0040,0.0879,-0.0634,90.9777,0.0002,-0.0003,-0.0003
63.2999,0.0121,-0.0112,-1.4761,-0.0145,-0.0155,-0.0040,0.0879,-0.0634,90.9777,0.0002,-0.0003,-0.0003
63.4000,0.0121,-0.0112,-1.4761,-0.0145,-0.0155,-0.0040,0.0879,-0.0634,90.9777,0.0002,-0.0003,-0.0003
63.4999,0.0121,-0.0112,-1.4761,-0.0145,-0.0155,-0.0040,0.0879,-0.0634,90.9777,0.0002,-0.0003,-0.0003
63.6000,0.0121,-0.0112,-1.4761,-0.0145,-0.0155,-0.0040,0.0879,-0.0634,90.9777,0.0002,-0.0003,-0.0003
63.7000,0.0121,-0.0112,-1.4761,-0.0145,-0.0155,-0.0040,0.0879,-0.0634,90.9777,0.0002,-0.0003,-0.0003
63.7999,0.0121,-0.0112,-1.4761,-0.0145,-0.0155,-0.0040,0.0879,-0.0634,90.9777,0.0002,-0.0003,-0.0003
63.9000,0.0121,-0.0112,-1.4761,-0.0145,-0.0155,-0.0040,0.0879,-0.0634,90.9777,0.0002,-0.0003,-0.0003
64.0000,0.0121,-0.0112,-1.4761,-0.0145,-0.0155,-0.0040,0.0879,-0.0634,90.9777,0.0002,-0.0003,-0.0003
64.1000,0.0121,-0.0112,-1.4761,-0.0145,-0.0155,-0.0040,0.0879,-0.0634,90.9777,0.0002,-0.0003,-0.0003
64.1999,0.0121,-0.0112,-1.4761,-0.0145,-0.0155,-0.0040,0.0879,-0.0634,90.9777,0.0002,-0.0003,-0.0003
64.2999,0.0121,-0.0112,-1.4761,-0.0145,-0.0155,-0.0040,0.0879,-0.0634,90.9777,0.0002,-0.0003,-0.0003
64.4000,0.0121,-0.0112,-1.4761,-0.0145,-0.0155,-0.0040,0.0879,-0.0634,90.9777,0.0002,-0.0003,-0.0003
64.4999,0.0121,-0.0112,-1.4761,-0.0145,-0.0155,-0.0040,0.0879,-0.0634,90.9777,0.0002,-0.0003,-0.0003
64.6000,0.0121,-0.0112,-1.4761,-0.0145,-0.0155,-0.0040,0.0879,-0.0634,90.9777,0.0002,-0.0003,-0.0003
64.7000,0.0121,-0.0112,-1.4761,-0.0145,-0.0155,-0.0040,0.0879,-0.0634,90.9777,0.0002,-0.0003,-0.0003
64.7999,0.0122,-0.0112,-1.4554,-0.0142,-0.0154,-0.0041,0.0875,-0.0631,90.9688,0.0004,-0.0004,-0.0003
64.9000,0.0122,-0.0112,-1.4554,-0.0142,-0.0154,-0.0041,0.0875,-0.0631,90.9688,0.0004,-0.0004,-0.0003
65.0000,0.0122,-0.0112,-1.4554,-0.0142,-0.0154,-0.0041,0.0875,-0.0631,90.9688,0.0004,-0.0004,-0.0003
65.0999,0.0122,-0.0112,-1.4554,-0.0142,-0.0154,-0.0041,0.0875,-0.0631,90.9688,0.0004,-0.0004,-0.0003
65.2000,0.0122,-0.0112,-1.4554,-0.0142,-0.0154,-0.0041,0.0875,-0.0631,90.9688,0.0004,-0.0004,-0.0003
65.3000,0.0122,-0.0112,-1.4554,-0.0142,-0.0154,-0.0041,0.0875,-0.0631,90.9688,0.0004,-0.0004,-0.0003
65.3999,0.0122,-0.0112,-1.4554,-0.0142,-0.0154,-0.0041,0.0875,-0.0631,90.9688,0.0004,-0.0004,-0.0003
65.5000,0.0122,-0.0112,-1.4554,-0.0142,-0.0154,-0.0041,0.0875,-0.0631,90.9688,0.0004,-0.0004,-0.0003
65.6000,0.0122,-0.0112,-1.4554,-0.0142,-0.0154,-0.0041,0.0875,-0.0631,90.9688,0.0004,-0.0004,-0.0003
65.7000,0.0122,-0.0112,-1.4554,-0.0142,-0.0154,-0.0041,0.0875,-0.0631,90.9688,0.0004,-0.0004,-0.0003
65.8000,0.0122,-0.0112,-1.4554,-0.0142,-0.0154,-0.0041,0.0875,-0.0631,90.9688,0.0004,-0.0004,-0.0003
65.9000,0.0122,-0.0112,-1.4554,-0.0142,-0.0154,-0.0041,0.0875,-0.0631,90.9688,0.0004,-0.0004,-0.0003
66.0000,0.0122,-0.0112,-1.4554,-0.0142,-0.0154,-0.0041,0.0875,-0.0631,90.9688,0.0004,-0.0004,-0.0003
66.1001,0.0122,-0.0112,-1.4554,-0.0142,-0.0154,-0.0041,0.0875,-0.0631,90.9688,0.0004,-0.0004,-0.0003
66.1999,0.0122,-0.0112,-1.4554,-0.0142,-0.0154,-0.0041,0.0875,-0.0631,90.9688,0.0004,-0.0004,-0.0003
66.2999,0.0122,-0.0112,-1.4554,-0.0142,-0.0154,-0.0041,0.0875,-0.0631,90.9688,0.0004,-0.0004,-0.0003
66.3999,0.0122,-0.0112,-1.4554,-0.0142,-0.0154,-0.0041,0.0875,-0.0631,90.9688,0.0004,-0.0004,-0.0003
66.5000,0.0122,-0.0112,-1.4554,-0.0142,-0.0154,-0.0041,0.0875,-0.0631,90.9688,0.0004,-0.0004,-0.0003
66.6000,0.0122,-0.0112,-1.4554,-0.0142,-0.0154,-0.0041,0.0875,-0.0631,90.9688,0.0004,-0.0004,-0.0003
66.6999,0.0122,-0.0112,-1.4554,-0.0142,-0.0154,-0.0041,0.0875,-0.0631,90.9688,0.0004,-0.0004,-0.0003
66.7999,0.0122,-0.0112,-1.4554,-0.0142,-0.0154,-0.0041,0.0875,-0.0631,90.9688,0.0004,-0.0004,-0.0003
66.9000,0.0122,-0.0112,-1.4554,-0.0142,-0.0154,-0.0041,0.0875,-0.0631,90.9688,0.0004,-0.0004,-0.0003
67.0001,0.0122,-0.0112,-1.4554,-0.0142,-0.0154,-0.0041,0.0875,-0.0631,90.9688,0.0004,-0.0004,-0.0003
67.0999,0.0122,-0.0112,-1.4554,-0.0142,-0.0154,-0.0041,0.0875,-0.0631,90.9688,0.0004,-0.0004,-0.0003
67.2000,0.0122,-0.0112,-1.4554,-0.0142,-0.0154,-0.0041,0.0875,-0.0631,90.9688,0.0004,-0.0004,-0.0003
67.2999,0.0122,-0.0112,-1.4554,-0.0142,-0.0154,-0.0041,0.0875,-0.0631,90.9688,0.0004,-0.0004,-0.0003
67.4000,0.0122,-0.0112,-1.4554,-0.0142,-0.0154,-0.0041,0.0875,-0.0631,90.9688,0.0004,-0.0004,-0.0003
67.5000,0.0122,-0.0112,-1.4554,-0.0142,-0.0154,-0.0041,0.0875,-0.0631,90.9688,0.0004,-0.0004,-0.0003
67.6000,0.0122,-0.0112,-1.4554,-0.0142,-0.0154,-0.0041,0.0875,-0.0631,90.9688,0.0004,-0.0004,-0.0003
67.7001,0.0122,-0.0112,-1.4554,-0.0142,-0.0154,-0.0041,0.0875,-0.0631,90.9688,0.0004,-0.0004,-0.0003
67.8000,0.0122,-0.0112,-1.4554,-0.0142,-0.0154,-0.0041,0.0875,-0.0631,90.9688,0.0004,-0.0004,-0.0003
67.9001,0.0122,-0.0112,-1.4554,-0.0142,-0.0154,-0.0041,0.0875,-0.0631,90.9688,0.0004,-0.0004,-0.0003
68.0000,0.0122,-0.0112,-1.4554,-0.0142,-0.0154,-0.0041,0.0875,-0.0631,90.9688,0.0004,-0.0004,-0.0003
68.1001,0.0122,-0.0112,-1.4554,-0.0142,-0.0154,-0.0041,0.0875,-0.0631,90.9688,0.0004,-0.0004,-0.0003
68.2000,0.0122,-0.0112,-1.4554,-0.0142,-0.0154,-0.0041,0.0875,-0.0631,90.9688,0.0004,-0.0004,-0.0003
68.3000,0.0122,-0.0112,-1.4554,-0.0142,-0.0154,-0.0041,0.0875,-0.0631,90.9688,0.0004,-0.0004,-0.0003
68.4000,0.0122,-0.0112,-1.4554,-0.0142,-0.0154,-0.0041,0.0875,-0.0631,90.9688,0.0004,-0.0004,-0.0003
68.5000,0.0122,-0.0112,-1.4554,-0.0142,-0.0154,-0.0041,0.0875,-0.0631,90.9688,0.0004,-0.0004,-0.0003
68.6000,0.0122,-0.0112,-1.4554,-0.0142,-0.0154,-0.0041,0.0875,-0.0631,90.9688,0.0004,-0.0004,-0.0003
68.7000,0.0122,-0.0112,-1.4554,-0.0142,-0.0154,-0.0041,0.0875,-0.0631,90.9688,0.0004,-0.0004,-0.0003
68.8000,0.0122,-0.0112,-1.4554,-0.0142,-0.0154,-0.0041,0.0875,-0.0631,90.9688,0.0004,-0.0004,-0.0003
68.9000,0.0122,-0.0112,-1.4554,-0.0142,-0.0154,-0.0041,0.0875,-0.0631,90.9688,0.0004,-0.0004,-0.0003
69.0000,0.0122,-0.0112,-1.4554,-0.0142,-0.0154,-0.0041,0.0875,-0.0631,90.9688,0.0004,-0.0004,-0.0003
69.1000,0.0122,-0.0110,-1.4349,-0.0140,-0.0152,-0.0038,0.0881,-0.0630,90.9598,0.0002,-0.0004,-0.0002
69.2000,0.0122,-0.0110,-1.4349,-0.0140,-0.0152,-0.0038,0.0881,-0.0630,90.9598,0.0002,-0.0004,-0.0002
69.3000,0.0122,-0.0110,-1.4349,-0.0140,-0.0152,-0.0038,0.0881,-0.0630,90.9598,0.0002,-0.0004,-0.0002
69.4001,0.0122,-0.0110,-1.4349,-0.0140,-0.0152,-0.0038,0.0881,-0.0630,90.9598,0.0002,-0.0004,-0.0002
69.5001,0.0122,-0.0110,-1.4349,-0.0140,-0.0152,-0.0038,0.0881,-0.0630,90.9598,0.0002,-0.0004,-0.0002
69.6000,0.0122,-0.0110,-1.4349,-0.0140,-0.0152,-0.0038,0.0881,-0.0630,90.9598,0.0002,-0.0004,-0.0002
69.7000,0.0122,-0.0110,-1.4349,-0.0140,-0.0152,-0.0038,0.0881,-0.0630,90.9598,0.0002,-0.0004,-0.0002
69.8000,0.0122,-0.0110,-1.4349,-0.0140,-0.0152,-0.0038,0.0881,-0.0630,90.9598,0.0002,-0.0004,-0.0002
69.8999,0.0122,-0.0110,-1.4349,-0.0140,-0.0152,-0.0038,0.0881,-0.0630,90.9598,0.0002,-0.0004,-0.0002
70.0000,0.0122,-0.0110,-1.4349,-0.0140,-0.0152,-0.0038,0.0881,-0.0630,90.9598,0.0002,-0.0004,-0.0002
70.1000,0.0122,-0.0110,-1.4349,-0.0140,-0.0152,-0.0038,0.0881,-0.0630,90.9598,0.0002,-0.0004,-0.0002
70.2000,0.0122,-0.0110,-1.4349,-0.0140,-0.0152,-0.0038,0.0881,-0.0630,90.9598,0.0002,-0.0004,-0.0002
70.3000,0.0122,-0.0110,-1.4349,-0.0140,-0.0152,-0.0038,0.0881,-0.0630,90.9598,0.0002,-0.0004,-0.0002
70.3999,0.0122,-0.0110,-1.4349,-0.0140,-0.0152,-0.0038,0.0881,-0.0630,90.9598,0.0002,-0.0004,-0.0002
70.4999,0.0122,-0.0110,-1.4349,-0.0140,-0.0152,-0.0038,0.0881,-0.0630,90.9598,0.0002,-0.0004,-0.0002
70.5999,0.0122,-0.0110,-1.4349,-0.0140,-0.0152,-0.0038,0.0881,-0.0630,90.9598,0.0002,-0.0004,-0.0002
70.7000,0.0122,-0.0110,-1.4349,-0.0140,-0.0152,-0.0038,0.0881,-0.0630,90.9598,0.0002,-0.0004,-0.0002
70.8000,0.0122,-0.0110,-1.4349,-0.0140,-0.0152,-0.0038,0.0881,-0.0630,90.9598,0.0002,-0.0004,-0.0002
70.9000,0.0122,-0.0110,-1.4349,-0.0140,-0.0152,-0.0038,0.0881,-0.0630,90.9598,0.0002,-0.0004,-0.0002
71.0000,0.0122,-0.0110,-1.4349,-0.0140,-0.0152,-0.0038,0.0881,-0.0630,90.9598,0.0002,-0.0004,-0.0002
71.1000,0.0122,-0.0110,-1.4349,-0.0140,-0.0152,-0.0038,0.0881,-0.0630,90.9598,0.0002,-0.0004,-0.0002
71.2000,0.0122,-0.0110,-1.4349,-0.0140,-0.0152,-0.0038,0.0881,-0.0630,90.9598,0.0002,-0.0004,-0.0002
71.3000,0.0122,-0.0110,-1.4349,-0.0140,-0.0152,-0.0038,0.0881,-0.0630,90.9598,0.0002,-0.0004,-0.0002
71.3999,0.0122,-0.0110,-1.4349,-0.0140,-0.0152,-0.0038,0.0881,-0.0630,90.9598,0.0002,-0.0004,-0.0002
71.5000,0.0122,-0.0110,-1.4349,-0.0140,-0.0152,-0.0038,0.0881,-0.0630,90.9598,0.0002,-0.0004,-0.0002
71.5999,0.0122,-0.0110,-1.4349,-0.0140,-0.0152,-0.0038,0.0881,-0.0630,90.9598,0.0002,-0.0004,-0.0002
71.7000,0.0122,-0.0110,-1.4349,-0.0140,-0.0152,-0.0038,0.0881,-0.0630,90.9598,0.0002,-0.0004,-0.0002
71.8000,0.0122,-0.0110,-1.4349,-0.0140,-0.0152,-0.0038,0.0881,-0.0630,90.9598,0.0002,-0.0004,-0.0002
71.9000,0.0122,-0.0110,-1.4349,-0.0140,-0.0152,-0.0038,0.0881,-0.0630,90.9598,0.0002,-0.0004,-0.0002
72.0000,0.0122,-0.0110,-1.4349,-0.0140,-0.0152,-0.0038,0.0881,-0.0630,90.9598,0.0002,-0.0004,-0.0002
72.1000,0.0122,-0.0110,-1.4349,-0.0140,-0.0152,-0.0038,0.0881,-0.0630,90.9598,0.0002,-0.0004,-0.0002
72.1999,0.0122,-0.0110,-1.4349,-0.0140,-0.0152,-0.0038,0.0881,-0.0630,90.9598,0.0002,-0.0004,-0.0002
72.3001,0.0122,-0.0110,-1.4349,-0.0140,-0.0152,-0.0038,0.0881,-0.0630,90.9598,0.0002,-0.0004,-0.0002
72.4000,0.0122,-0.0110,-1.4349,-0.0140,-0.0152,-0.0038,0.0881,-0.0630,90.9598,0.0002,-0.0004,-0.0002
72.5000,0.0122,-0.0110,-1.4349,-0.0140,-0.0152,-0.0038,0.0881,-0.0630,90.9598,0.0002,-0.0004,-0.0002
72.6000,0.0122,-0.0110,-1.4349,-0.0140,-0.0152,-0.0038,0.0881,-0.0630,90.9598,0.0002,-0.0004,-0.0002
72.7001,0.0122,-0.0110,-1.4349,-0.0140,-0.0152,-0.0038,0.0881,-0.0630,90.9598,0.0002,-0.0004,-0.0002
72.7999,0.0122,-0.0110,-1.4349,-0.0140,-0.0152,-0.0038,0.0881,-0.0630,90.9598,0.0002,-0.0004,-0.0002
72.9000,0.0122,-0.0110,-1.4349,-0.0140,-0.0152,-0.0038,0.0881,-0.0630,90.9598,0.0002,-0.0004,-0.0002
72.9999,0.0122,-0.0110,-1.4349,-0.0140,-0.0152,-0.0038,0.0881,-0.0630,90.9598,0.0002,-0.0004,-0.0002
73.1000,0.0122,-0.0110,-1.4349,-0.0140,-0.0152,-0.0038,0.0881,-0.0630,90.9598,0.0002,-0.0004,-0.0002
73.2000,0.0122,-0.0110,-1.4349,-0.0140,-0.0152,-0.0038,0.0881,-0.0630,90.9598,0.0002,-0.0004,-0.0002
73.2999,0.0122,-0.0110,-1.4349,-0.0140,-0.0152,-0.0038,0.0881,-0.0630,90.9598,0.0002,-0.0004,-0.0002
73.3999,0.0122,-0.0110,-1.4349,-0.0140,-0.0152,-0.0038,0.0881,-0.0630,90.9598,0.0002,-0.0004,-0.0002
73.5000,0.0121,-0.0109,-1.4148,-0.0138,-0.0152,-0.0041,0.0883,-0.0638,90.9512,0.0003,-0.0003,-0.0003
73.6000,0.0121,-0.0109,-1.4148,-0.0138,-0.0152,-0.0041,0.0883,-0.0638,90.9512,0.0003,-0.0003,-0.0003
73.7000,0.0121,-0.0109,-1.4148,-0.0138,-0.0152,-0.0041,0.0883,-0.0638,90.9512,0.0003,-0.0003,-0.0003
73.8000,0.0121,-0.0109,-1.4148,-0.0138,-0.0152,-0.0041,0.0883,-0.0638,90.9512,0.0003,-0.0003,-0.0003
73.9000,0.0121,-0.0109,-1.4148,-0.0138,-0.0152,-0.0041,0.0883,-0.0638,90.9512,0.0003,-0.0003,-0.0003
74.0000,0.0121,-0.0109,-1.4148,-0.0138,-0.0152,-0.0041,0.0883,-0.0638,90.9512,0.0003,-0.0003,-0.0003
74.1001,0.0121,-0.0109,-1.4148,-0.0138,-0.0152,-0.0041,0.0883,-0.0638,90.9512,0.0003,-0.0003,-0.0003
74.2000,0.0121,-0.0109,-1.4148,-0.0138,-0.0152,-0.0041,0.0883,-0.0638,90.9512,0.0003,-0.0003,-0.0003
74.3000,0.0121,-0.0109,-1.4148,-0.0138,-0.0152,-0.0041,0.0883,-0.0638,90.9512,0.0003,-0.0003,-0.0003
74.4001,0.0121,-0.0109,-1.4148,-0.0138,-0.0152,-0.0041,0.0883,-0.0638,90.9512,0.0003,-0.0003,-0.0003
74.5000,0.0121,-0.0109,-1.4148,-0.0138,-0.0152,-0.0041,0.0883,-0.0638,90.9512,0.0003,-0.0003,-0.0003
74.6000,0.0121,-0.0109,-1.4148,-0.0138,-0.0152,-0.0041,0.0883,-0.0638,90.9512,0.0003,-0.0003,-0.0003
74.7000,0.0121,-0.0109,-1.4148,-0.0138,-0.0152,-0.0041,0.0883,-0.0638,90.9512,0.0003,-0.0003,-0.0003
74.7999,0.0121,-0.0109,-1.4148,-0.0138,-0.0152,-0.0041,0.0883,-0.0638,90.9512,0.0003,-0.0003,-0.0003
74.9000,0.0121,-0.0109,-1.4148,-0.0138,-0.0152,-0.0041,0.0883,-0.0638,90.9512,0.0003,-0.0003,-0.0003
74.9999,0.0121,-0.0109,-1.4148,-0.0138,-0.0152,-0.0041,0.0883,-0.0638,90.9512,0.0003,-0.0003,-0.0003
75.1000,0.0121,-0.0109,-1.4148,-0.0138,-0.0152,-0.0041,0.0883,-0.0638,90.9512,0.0003,-0.0003,-0.0003
75.2000,0.0121,-0.0109,-1.4148,-0.0138,-0.0152,-0.0041,0.0883,-0.0638,90.9512,0.0003,-0.0003,-0.0003
75.2999,0.0121,-0.0109,-1.4148,-0.0138,-0.0152,-0.0041,0.0883,-0.0638,90.9512,0.0003,-0.0003,-0.0003
75.4001,0.0121,-0.0109,-1.4148,-0.0138,-0.0152,-0.0041,0.0883,-0.0638,90.9512,0.0003,-0.0003,-0.0003
75.4999,0.0121,-0.0109,-1.4148,-0.0138,-0.0152,-0.0041,0.0883,-0.0638,90.9512,0.0003,-0.0003,-0.0003
75.6000,0.0121,-0.0109,-1.4148,-0.0138,-0.0152,-0.0041,0.0883,-0.0638,90.9512,0.0003,-0.0003,-0.0003
75.7000,0.0121,-0.0109,-1.4148,-0.0138,-0.0152,-0.0041,0.0883,-0.0638,90.9512,0.0003,-0.0003,-0.0003
75.8001,0.0121,-0.0109,-1.4148,-0.0138,-0.0152,-0.0041,0.0883,-0.0638,90.9512,0.0003,-0.0003,-0.0003
75.9000,0.0121,-0.0109,-1.4148,-0.0138,-0.0152,-0.0041,0.0883,-0.0638,90.9512,0.0003,-0.0003,-0.0003
75.9999,0.0121,-0.0109,-1.4148,-0.0138,-0.0152,-0.0041,0.0883,-0.0638,90.9512,0.0003,-0.0003,-0.0003
76.0999,0.0121,-0.0109,-1.4148,-0.0138,-0.0152,-0.0041,0.0883,-0.0638,90.9512,0.0003,-0.0003,-0.0003
76.1999,0.0121,-0.0109,-1.4148,-0.0138,-0.0152,-0.0041,0.0883,-0.0638,90.9512,0.0003,-0.0003,-0.0003
76.3000,0.0121,-0.0109,-1.4148,-0.0138,-0.0152,-0.0041,0.0883,-0.0638,90.9512,0.0003,-0.0003,-0.0003
76.4000,0.0121,-0.0109,-1.4148,-0.0138,-0.0152,-0.0041,0.0883,-0.0638,90.9512,0.0003,-0.0003,-0.0003
76.5000,0.0121,-0.0109,-1.4148,-0.0138,-0.0152,-0.0041,0.0883,-0.0638,90.9512,0.0003,-0.0003,-0.0003
76.5999,0.0121,-0.0109,-1.4148,-0.0138,-0.0152,-0.0041,0.0883,-0.0638,90.9512,0.0003,-0.0003,-0.0003
76.7000,0.0121,-0.0109,-1.4148,-0.0138,-0.0152,-0.0041,0.0883,-0.0638,90.9512,0.0003,-0.0003,-0.0003
76.8000,0.0121,-0.0109,-1.4148,-0.0138,-0.0152,-0.0041,0.0883,-0.0638,90.9512,0.0003,-0.0003,-0.0003
76.9000,0.0121,-0.0109,-1.4148,-0.0138,-0.0152,-0.0041,0.0883,-0.0638,90.9512,0.0003,-0.0003,-0.0003
77.0000,0.0121,-0.0109,-1.4148,-0.0138,-0.0152,-0.0041,0.0883,-0.0638,90.9512,0.0003,-0.0003,-0.0003
77.1000,0.0121,-0.0109,-1.4148,-0.0138,-0.0152,-0.0041,0.0883,-0.0638,90.9512,0.0003,-0.0003,-0.0003
77.2000,0.0121,-0.0109,-1.4148,-0.0138,-0.0152,-0.0041,0.0883,-0.0638,90.9512,0.0003,-0.0003,-0.0003
77.2999,0.0121,-0.0109,-1.4148,-0.0138,-0.0152,-0.0041,0.0883,-0.0638,90.9512,0.0003,-0.0003,-0.0003
77.4000,0.0121,-0.0109,-1.4148,-0.0138,-0.0152,-0.0041,0.0883,-0.0638,90.9512,0.0003,-0.0003,-0.0003
77.4999,0.0121,-0.0109,-1.4148,-0.0138,-0.0152,-0.0041,0.0883,-0.0638,90.9512,0.0003,-0.0003,-0.0003
77.6000,0.0121,-0.0109,-1.4148,-0.0138,-0.0152,-0.0041,0.0883,-0.0638,90.9512,0.0003,-0.0003,-0.0003
77.7001,0.0121,-0.0109,-1.4148,-0.0138,-0.0152,-0.0041,0.0883,-0.0638,90.9512,0.0003,-0.0003,-0.0003
77.7999,0.0121,-0.0109,-1.4148,-0.0138,-0.0152,-0.0041,0.0883,-0.0638,90.9512,0.0003,-0.0003,-0.0003
77.9000,0.0121,-0.0108,-1.3950,-0.0137,-0.0150,-0.0041,0.0892,-0.0638,90.9434,0.0002,-0.0002,-0.0000
78.0000,0.0121,-0.0108,-1.3950,-0.0137,-0.0150,-0.0041,0.0892,-0.0638,90.9434,0.0002,-0.0002,-0.0000
78.1001,0.0121,-0.0108,-1.3950,-0.0137,-0.0150,-0.0041,0.0892,-0.0638,90.9434,0.0002,-0.0002,-0.0000
78.2000,0.0121,-0.0108,-1.3950,-0.0137,-0.0150,-0.0041,0.0892,-0.0638,90.9434,0.0002,-0.0002,-0.0000
78.3000,0.0121,-0.0108,-1.3950,-0.0137,-0.0150,-0.0041,0.0892,-0.0638,90.9434,0.0002,-0.0002,-0.0000
78.4000,0.0121,-0.0108,-1.3950,-0.0137,-0.0150,-0.0041,0.0892,-0.0638,90.9434,0.0002,-0.0002,-0.0000
78.4999,0.0121,-0.0108,-1.3950,-0.0137,-0.0150,-0.0041,0.0892,-0.0638,90.9434,0.0002,-0.0002,-0.0000
78.6000,0.0121,-0.0108,-1.3950,-0.0137,-0.0150,-0.0041,0.0892,-0.0638,90.9434,0.0002,-0.0002,-0.0000
78.6999,0.0121,-0.0108,-1.3950,-0.0137,-0.0150,-0.0041,0.0892,-0.0638,90.9434,0.0002,-0.0002,-0.0000
78.7999,0.0121,-0.0108,-1.3950,-0.0137,-0.0150,-0.0041,0.0892,-0.0638,90.9434,0.0002,-0.0002,-0.0000
78.9000,0.0121,-0.0108,-1.3950,-0.0137,-0.0150,-0.0041,0.0892,-0.0638,90.9434,0.0002,-0.0002,-0.0000
79.0000,0.0121,-0.0108,-1.3950,-0.0137,-0.0150,-0.0041,0.0892,-0.0638,90.9434,0.0002,-0.0002,-0.0000
79.1000,0.0121,-0.0108,-1.3950,-0.0137,-0.0150,-0.0041,0.0892,-0.0638,90.9434,0.0002,-0.0002,-0.0000
79.2000,0.0121,-0.0108,-1.3950,-0.0137,-0.0150,-0.0041,0.0892,-0.0638,90.9434,0.0002,-0.0002,-0.0000
79.2999,0.0121,-0.0108,-1.3950,-0.0137,-0.0150,-0.0041,0.0892,-0.0638,90.9434,0.0002,-0.0002,-0.0000
79.3999,0.0121,-0.0108,-1.3950,-0.0137,-0.0150,-0.0041,0.0892,-0.0638,90.9434,0.0002,-0.0002,-0.0000
79.4999,0.0121,-0.0108,-1.3950,-0.0137,-0.0150,-0.0041,0.0892,-0.0638,90.9434,0.0002,-0.0002,-0.0000
79.5999,0.0121,-0.0108,-1.3950,-0.0137,-0.0150,-0.0041,0.0892,-0.0638,90.9434,0.0002,-0.0002,-0.0000
79.7000,0.0121,-0.0108,-1.3950,-0.0137,-0.0150,-0.0041,0.0892,-0.0638,90.9434,0.0002,-0.0002,-0.0000
79.8000,0.0121,-0.0108,-1.3950,-0.0137,-0.0150,-0.0041,0.0892,-0.0638,90.9434,0.0002,-0.0002,-0.0000
79.9000,0.0121,-0.0108,-1.3950,-0.0137,-0.0150,-0.0041,0.0892,-0.0638,90.9434,0.0002,-0.0002,-0.0000
80.0000,0.0121,-0.0108,-1.3950,-0.0137,-0.0150,-0.0041,0.0892,-0.0638,90.9434,0.0002,-0.0002,-0.0000
80.1000,0.0121,-0.0108,-1.3950,-0.0137,-0.0150,-0.0041,0.0892,-0.0638,90.9434,0.0002,-0.0002,-0.0000
80.2000,0.0121,-0.0108,-1.3950,-0.0137,-0.0150,-0.0041,0.0892,-0.0638,90.9434,0.0002,-0.0002,-0.0000
80.3000,0.0121,-0.0108,-1.3950,-0.0137,-0.0150,-0.0041,0.0892,-0.0638,90.9434,0.0002,-0.0002,-0.0000
80.3999,0.0121,-0.0108,-1.3950,-0.0137,-0.0150,-0.0041,0.0892,-0.0638,90.9434,0.0002,-0.0002,-0.0000
80.5000,0.0121,-0.0108,-1.3950,-0.0137,-0.0150,-0.0041,0.0892,-0.0638,90.9434,0.0002,-0.0002,-0.0000
80.6001,0.0121,-0.0108,-1.3950,-0.0137,-0.0150,-0.0041,0.0892,-0.0638,90.9434,0.0002,-0.0002,-0.0000
80.7000,0.0121,-0.0108,-1.3950,-0.0137,-0.0150,-0.0041,0.0892,-0.0638,90.9434,0.0002,-0.0002,-0.0000
80.8000,0.0121,-0.0108,-1.3950,-0.0137,-0.0150,-0.0041,0.0892,-0.0638,90.9434,0.0002,-0.0002,-0.0000
80.9001,0.0121,-0.0108,-1.3950,-0.0137,-0.0150,-0.0041,0.0892,-0.0638,90.9434,0.0002,-0.0002,-0.0000
81.0001,0.0121,-0.0108,-1.3950,-0.0137,-0.0150,-0.0041,0.0892,-0.0638,90.9434,0.0002,-0.0002,-0.0000
81.0999,0.0121,-0.0108,-1.3950,-0.0137,-0.0150,-0.0041,0.0892,-0.0638,90.9434,0.0002,-0.0002,-0.0000
81.2000,0.0121,-0.0108,-1.3950,-0.0137,-0.0150,-0.0041,0.0892,-0.0638,90.9434,0.0002,-0.0002,-0.0000
81.3000,0.0121,-0.0108,-1.3950,-0.0137,-0.0150,-0.0041,0.0892,-0.0638,90.9434,0.0002,-0.0002,-0.0000
81.4000,0.0121,-0.0108,-1.3950,-0.0137,-0.0150,-0.0041,0.0892,-0.0638,90.9434,0.0002,-0.0002,-0.0000
81.5000,0.0121,-0.0108,-1.3950,-0.0137,-0.0150,-0.0041,0.0892,-0.0638,90.9434,0.0002,-0.0002,-0.0000
81.5999,0.0121,-0.0108,-1.3950,-0.0137,-0.0150,-0.0041,0.0892,-0.0638,90.9434,0.0002,-0.0002,-0.0000
81.7000,0.0121,-0.0108,-1.3950,-0.0137,-0.0150,-0.0041,0.0892,-0.0638,90.9434,0.0002,-0.0002,-0.0000
81.8000,0.0121,-0.0108,-1.3950,-0.0137,-0.0150,-0.0041,0.0892,-0.0638,90.9434,0.0002,-0.0002,-0.0000
81.9000,0.0121,-0.0108,-1.3950,-0.0137,-0.0150,-0.0041,0.0892,-0.0638,90.9434,0.0002,-0.0002,-0.0000
82.0001,0.0121,-0.0108,-1.3950,-0.0137,-0.0150,-0.0041,0.0892,-0.0638,90.9434,0.0002,-0.0002,-0.0000
82.1000,0.0121,-0.0108,-1.3950,-0.0137,-0.0150,-0.0041,0.0892,-0.0638,90.9434,0.0002,-0.0002,-0.0000
82.1999,0.0121,-0.0108,-1.3755,-0.0138,-0.0153,-0.0042,0.0897,-0.0645,90.9348,0.0003,-0.0005,-0.0002
82.2999,0.0121,-0.0108,-1.3755,-0.0138,-0.0153,-0.0042,0.0897,-0.0645,90.9348,0.0003,-0.0005,-0.0002
82.4000,0.0121,-0.0108,-1.3755,-0.0138,-0.0153,-0.0042,0.0897,-0.0645,90.9348,0.0003,-0.0005,-0.0002
82.5000,0.0121,-0.0108,-1.3755,-0.0138,-0.0153,-0.0042,0.0897,-0.0645,90.9348,0.0003,-0.0005,-0.0002
82.6000,0.0121,-0.0108,-1.3755,-0.0138,-0.0153,-0.0042,0.0897,-0.0645,90.9348,0.0003,-0.0005,-0.0002
82.7000,0.0121,-0.0108,-1.3755,-0.0138,-0.0153,-0.0042,0.0897,-0.0645,90.9348,0.0003,-0.0005,-0.0002
82.8001,0.0121,-0.0108,-1.3755,-0.0138,-0.0153,-0.0042,0.0897,-0.0645,90.9348,0.0003,-0.0005,-0.0002
82.9000,0.0121,-0.0108,-1.3755,-0.0138,-0.0153,-0.0042,0.0897,-0.0645,90.9348,0.0003,-0.0005,-0.0002
83.0000,0.0121,-0.0108,-1.3755,-0.0138,-0.0153,-0.0042,0.0897,-0.0645,90.9348,0.0003,-0.0005,-0.0002
83.1000,0.0121,-0.0108,-1.3755,-0.0138,-0.0153,-0.0042,0.0897,-0.0645,90.9348,0.0003,-0.0005,-0.0002
83.2000,0.0121,-0.0108,-1.3755,-0.0138,-0.0153,-0.0042,0.0897,-0.0645,90.9348,0.0003,-0.0005,-0.0002
83.3000,0.0121,-0.0108,-1.3755,-0.0138,-0.0153,-0.0042,0.0897,-0.0645,90.9348,0.0003,-0.0005,-0.0002
83.4000,0.0121,-0.0108,-1.3755,-0.0138,-0.0153,-0.0042,0.0897,-0.0645,90.9348,0.0003,-0.0005,-0.0002
83.5000,0.0121,-0.0108,-1.3755,-0.0138,-0.0153,-0.0042,0.0897,-0.0645,90.9348,0.0003,-0.0005,-0.0002
83.5999,0.0121,-0.0108,-1.3755,-0.0138,-0.0153,-0.0042,0.0897,-0.0645,90.9348,0.0003,-0.0005,-0.0002
83.7000,0.0121,-0.0108,-1.3755,-0.0138,-0.0153,-0.0042,0.0897,-0.0645,90.9348,0.0003,-0.0005,-0.0002
83.8000,0.0121,-0.0108,-1.3755,-0.0138,-0.0153,-0.0042,0.0897,-0.0645,90.9348,0.0003,-0.0005,-0.0002
83.9000,0.0121,-0.0108,-1.3755,-0.0138,-0.0153,-0.0042,0.0897,-0.0645,90.9348,0.0003,-0.0005,-0.0002
84.0002,0.0121,-0.0108,-1.3755,-0.0138,-0.0153,-0.0042,0.0897,-0.0645,90.9348,0.0003,-0.0005,-0.0002
84.0999,0.0121,-0.0108,-1.3755,-0.0138,-0.0153,-0.0042,0.0897,-0.0645,90.9348,0.0003,-0.0005,-0.0002
84.2000,0.0121,-0.0108,-1.3755,-0.0138,-0.0153,-0.0042,0.0897,-0.0645,90.9348,0.0003,-0.0005,-0.0002
84.3000,0.0121,-0.0108,-1.3755,-0.0138,-0.0153,-0.0042,0.0897,-0.0645,90.9348,0.0003,-0.0005,-0.0002
84.4000,0.0121,-0.0108,-1.3755,-0.0138,-0.0153,-0.0042,0.0897,-0.0645,90.9348,0.0003,-0.0005,-0.0002
84.4999,0.0121,-0.0108,-1.3755,-0.0138,-0.0153,-0.0042,0.0897,-0.0645,90.9348,0.0003,-0.0005,-0.0002
84.6000,0.0121,-0.0108,-1.3755,-0.0138,-0.0153,-0.0042,0.0897,-0.0645,90.9348,0.0003,-0.0005,-0.0002
84.7000,0.0121,-0.0108,-1.3755,-0.0138,-0.0153,-0.0042,0.0897,-0.0645,90.9348,0.0003,-0.0005,-0.0002
84.8000,0.0121,-0.0108,-1.3755,-0.0138,-0.0153,-0.0042,0.0897,-0.0645,90.9348,0.0003,-0.0005,-0.0002
84.8999,0.0121,-0.0108,-1.3755,-0.0138,-0.0153,-0.0042,0.0897,-0.0645,90.9348,0.0003,-0.0005,-0.0002
85.0000,0.0121,-0.0108,-1.3755,-0.0138,-0.0153,-0.0042,0.0897,-0.0645,90.9348,0.0003,-0.0005,-0.0002
85.0999,0.0121,-0.0108,-1.3755,-0.0138,-0.0153,-0.0042,0.0897,-0.0645,90.9348,0.0003,-0.0005,-0.0002
85.2000,0.0121,-0.0108,-1.3755,-0.0138,-0.0153,-0.0042,0.0897,-0.0645,90.9348,0.0003,-0.0005,-0.0002
85.3000,0.0121,-0.0108,-1.3755,-0.0138,-0.0153,-0.0042,0.0897,-0.0645,90.9348,0.0003,-0.0005,-0.0002
85.4000,0.0121,-0.0108,-1.3755,-0.0138,-0.0153,-0.0042,0.0897,-0.0645,90.9348,0.0003,-0.0005,-0.0002
85.5000,0.0121,-0.0108,-1.3755,-0.0138,-0.0153,-0.0042,0.0897,-0.0645,90.9348,0.0003,-0.0005,-0.0002
85.6000,0.0121,-0.0108,-1.3755,-0.0138,-0.0153,-0.0042,0.0897,-0.0645,90.9348,0.0003,-0.0005,-0.0002
85.7000,0.0121,-0.0108,-1.3755,-0.0138,-0.0153,-0.0042,0.0897,-0.0645,90.9348,0.0003,-0.0005,-0.0002
85.8000,0.0121,-0.0108,-1.3755,-0.0138,-0.0153,-0.0042,0.0897,-0.0645,90.9348,0.0003,-0.0005,-0.0002
85.9000,0.0121,-0.0108,-1.3755,-0.0138,-0.0153,-0.0042,0.0897,-0.0645,90.9348,0.0003,-0.0005,-0.0002
86.0000,0.0121,-0.0108,-1.3755,-0.0138,-0.0153,-0.0042,0.0897,-0.0645,90.9348,0.0003,-0.0005,-0.0002
86.1000,0.0121,-0.0108,-1.3755,-0.0138,-0.0153,-0.0042,0.0897,-0.0645,90.9348,0.0003,-0.0005,-0.0002
86.2000,0.0121,-0.0108,-1.3755,-0.0138,-0.0153,-0.0042,0.0897,-0.0645,90.9348,0.0003,-0.0005,-0.0002
86.3000,0.0121,-0.0108,-1.3755,-0.0138,-0.0153,-0.0042,0.0897,-0.0645,90.9348,0.0003,-0.0005,-0.0002
86.4000,0.0121,-0.0108,-1.3755,-0.0138,-0.0153,-0.0042,0.0897,-0.0645,90.9348,0.0003,-0.0005,-0.0002
86.5000,0.0121,-0.0108,-1.3755,-0.0138,-0.0153,-0.0042,0.0897,-0.0645,90.9348,0.0003,-0.0005,-0.0002
86.5999,0.0121,-0.0108,-1.3562,-0.0141,-0.0151,-0.0043,0.0903,-0.0656,90.9268,0.0003,-0.0002,-0.0002
86.7000,0.0121,-0.0108,-1.3562,-0.0141,-0.0151,-0.0043,0.0903,-0.0656,90.9268,0.0003,-0.0002,-0.0002
86.8000,0.0121,-0.0108,-1.3562,-0.0141,-0.0151,-0.0043,0.0903,-0.0656,90.9268,0.0003,-0.0002,-0.0002
86.9000,0.0121,-0.0108,-1.3562,-0.0141,-0.0151,-0.0043,0.0903,-0.0656,90.9268,0.0003,-0.0002,-0.0002
86.9999,0.0121,-0.0108,-1.3562,-0.0141,-0.0151,-0.0043,0.0903,-0.0656,90.9268,0.0003,-0.0002,-0.0002
87.1000,0.0121,-0.0108,-1.3562,-0.0141,-0.0151,-0.0043,0.0903,-0.0656,90.9268,0.0003,-0.0002,-0.0002
87.2000,0.0121,-0.0108,-1.3562,-0.0141,-0.0151,-0.0043,0.0903,-0.0656,90.9268,0.0003,-0.0002,-0.0002
87.3000,0.0121,-0.0108,-1.3562,-0.0141,-0.0151,-0.0043,0.0903,-0.0656,90.9268,0.0003,-0.0002,-0.0002
87.4000,0.0121,-0.0108,-1.3562,-0.0141,-0.0151,-0.0043,0.0903,-0.0656,90.9268,0.0003,-0.0002,-0.0002
87.4999,0.0121,-0.0108,-1.3562,-0.0141,-0.0151,-0.0043,0.0903,-0.0656,90.9268,0.0003,-0.0002,-0.0002
87.6000,0.0121,-0.0108,-1.3562,-0.0141,-0.0151,-0.0043,0.0903,-0.0656,90.9268,0.0003,-0.0002,-0.0002
87.7000,0.0121,-0.0108,-1.3562,-0.0141,-0.0151,-0.0043,0.0903,-0.0656,90.9268,0.0003,-0.0002,-0.0002
87.8000,0.0121,-0.0108,-1.3562,-0.0141,-0.0151,-0.0043,0.0903,-0.0656,90.9268,0.0003,-0.0002,-0.0002
87.9000,0.0121,-0.0108,-1.3562,-0.0141,-0.0151,-0.0043,0.0903,-0.0656,90.9268,0.0003,-0.0002,-0.0002
88.0000,0.0121,-0.0108,-1.3562,-0.0141,-0.0151,-0.0043,0.0903,-0.0656,90.9268,0.0003,-0.0002,-0.0002
88.1000,0.0121,-0.0108,-1.3562,-0.0141,-0.0151,-0.0043,0.0903,-0.0656,90.9268,0.0003,-0.0002,-0.0002
88.2000,0.0121,-0.0108,-1.3562,-0.0141,-0.0151,-0.0043,0.0903,-0.0656,90.9268,0.0003,-0.0002,-0.0002
88.2999,0.0121,-0.0108,-1.3562,-0.0141,-0.0151,-0.0043,0.0903,-0.0656,90.9268,0.0003,-0.0002,-0.0002
88.4000,0.0121,-0.0108,-1.3562,-0.0141,-0.0151,-0.0043,0.0903,-0.0656,90.9268,0.0003,-0.0002,-0.0002
88.5000,0.0121,-0.0108,-1.3562,-0.0141,-0.0151,-0.0043,0.0903,-0.0656,90.9268,0.0003,-0.0002,-0.0002
88.5999,0.0121,-0.0108,-1.3562,-0.0141,-0.0151,-0.0043,0.0903,-0.0656,90.9268,0.0003,-0.0002,-0.0002
88.7001,0.0121,-0.0108,-1.3562,-0.0141,-0.0151,-0.0043,0.0903,-0.0656,90.9268,0.0003,-0.0002,-0.0002
88.8000,0.0121,-0.0108,-1.3562,-0.0141,-0.0151,-0.0043,0.0903,-0.0656,90.9268,0.0003,-0.0002,-0.0002
88.9000,0.0121,-0.0108,-1.3562,-0.0141,-0.0151,-0.0043,0.0903,-0.0656,90.9268,0.0003,-0.0002,-0.0002
89.0000,0.0121,-0.0108,-1.3562,-0.0141,-0.0151,-0.0043,0.0903,-0.0656,90.9268,0.0003,-0.0002,-0.0002
89.1001,0.0121,-0.0108,-1.3562,-0.0141,-0.0151,-0.0043,0.0903,-0.0656,90.9268,0.0003,-0.0002,-0.0002
89.2000,0.0121,-0.0108,-1.3562,-0.0141,-0.0151,-0.0043,0.0903,-0.0656,90.9268,0.0003,-0.0002,-0.0002
89.3000,0.0121,-0.0108,-1.3562,-0.0141,-0.0151,-0.0043,0.0903,-0.0656,90.9268,0.0003,-0.0002,-0.0002
89.3999,0.0121,-0.0108,-1.3562,-0.0141,-0.0151,-0.0043,0.0903,-0.0656,90.9268,0.0003,-0.0002,-0.0002
89.4999,0.0121,-0.0108,-1.3562,-0.0141,-0.0151,-0.0043,0.0903,-0.0656,90.9268,0.0003,-0.0002,-0.0002
89.5999,0.0121,-0.0108,-1.3562,-0.0141,-0.0151,-0.0043,0.0903,-0.0656,90.9268,0.0003,-0.0002,-0.0002
89.6999,0.0121,-0.0108,-1.3562,-0.0141,-0.0151,-0.0043,0.0903,-0.0656,90.9268,0.0003,-0.0002,-0.0002
89.7999,0.0121,-0.0108,-1.3562,-0.0141,-0.0151,-0.0043,0.0903,-0.0656,90.9268,0.0003,-0.0002,-0.0002
89.8999,0.0121,-0.0108,-1.3562,-0.0141,-0.0151,-0.0043,0.0903,-0.0656,90.9268,0.0003,-0.0002,-0.0002
90.0001,0.0121,-0.0108,-1.3562,-0.0141,-0.0151,-0.0043,0.0903,-0.0656,90.9268,0.0003,-0.0002,-0.0002
90.1000,0.0121,-0.0108,-1.3562,-0.0141,-0.0151,-0.0043,0.0903,-0.0656,90.9268,0.0003,-0.0002,-0.0002
90.2000,0.0121,-0.0108,-1.3562,-0.0141,-0.0151,-0.0043,0.0903,-0.0656,90.9268,0.0003,-0.0002,-0.0002
90.3000,0.0121,-0.0108,-1.3562,-0.0141,-0.0151,-0.0043,0.0903,-0.0656,90.9268,0.0003,-0.0002,-0.0002
90.4000,0.0121,-0.0108,-1.3562,-0.0141,-0.0151,-0.0043,0.0903,-0.0656,90.9268,0.0003,-0.0002,-0.0002
90.5000,0.0121,-0.0108,-1.3562,-0.0141,-0.0151,-0.0043,0.0903,-0.0656,90.9268,0.0003,-0.0002,-0.0002
90.5999,0.0121,-0.0108,-1.3562,-0.0141,-0.0151,-0.0043,0.0903,-0.0656,90.9268,0.0003,-0.0002,-0.0002
90.7000,0.0121,-0.0108,-1.3562,-0.0141,-0.0151,-0.0043,0.0903,-0.0656,90.9268,0.0003,-0.0002,-0.0002
90.8000,0.0121,-0.0108,-1.3562,-0.0141,-0.0151,-0.0043,0.0903,-0.0656,90.9268,0.0003,-0.0002,-0.0002
90.9000,0.0121,-0.0108,-1.3562,-0.0141,-0.0151,-0.0043,0.0903,-0.0656,90.9268,0.0003,-0.0002,-0.0002
90.9999,0.0121,-0.0109,-1.3372,-0.0143,-0.0152,-0.0041,0.0902,-0.0657,90.9186,0.0004,-0.0000,-0.0003
91.0999,0.0121,-0.0109,-1.3372,-0.0143,-0.0152,-0.0041,0.0902,-0.0657,90.9186,0.0004,-0.0000,-0.0003
91.1999,0.0121,-0.0109,-1.3372,-0.0143,-0.0152,-0.0041,0.0902,-0.0657,90.9186,0.0004,-0.0000,-0.0003
91.3000,0.0121,-0.0109,-1.3372,-0.0143,-0.0152,-0.0041,0.0902,-0.0657,90.9186,0.0004,-0.0000,-0.0003
91.3999,0.0121,-0.0109,-1.3372,-0.0143,-0.0152,-0.0041,0.0902,-0.0657,90.9186,0.0004,-0.0000,-0.0003
91.4999,0.0121,-0.0109,-1.3372,-0.0143,-0.0152,-0.0041,0.0902,-0.0657,90.9186,0.0004,-0.0000,-0.0003
91.6000,0.0121,-0.0109,-1.3372,-0.0143,-0.0152,-0.0041,0.0902,-0.0657,90.9186,0.0004,-0.0000,-0.0003
91.7000,0.0121,-0.0109,-1.3372,-0.0143,-0.0152,-0.0041,0.0902,-0.0657,90.9186,0.0004,-0.0000,-0.0003
91.7999,0.0121,-0.0109,-1.3372,-0.0143,-0.0152,-0.0041,0.0902,-0.0657,90.9186,0.0004,-0.0000,-0.0003
91.9000,0.0121,-0.0109,-1.3372,-0.0143,-0.0152,-0.0041,0.0902,-0.0657,90.9186,0.0004,-0.0000,-0.0003
92.0000,0.0121,-0.0109,-1.3372,-0.0143,-0.0152,-0.0041,0.0902,-0.0657,90.9186,0.0004,-0.0000,-0.0003
92.1000,0.0121,-0.0109,-1.3372,-0.0143,-0.0152,-0.0041,0.0902,-0.0657,90.9186,0.0004,-0.0000,-0.0003
92.2000,0.0121,-0.0109,-1.3372,-0.0143,-0.0152,-0.0041,0.0902,-0.0657,90.9186,0.0004,-0.0000,-0.0003
92.3000,0.0121,-0.0109,-1.3372,-0.0143,-0.0152,-0.0041,0.0902,-0.0657,90.9186,0.0004,-0.0000,-0.0003
92.3999,0.0121,-0.0109,-1.3372,-0.0143,-0.0152,-0.0041,0.0902,-0.0657,90.9186,0.0004,-0.0000,-0.0003
92.5000,0.0121,-0.0109,-1.3372,-0.0143,-0.0152,-0.0041,0.0902,-0.0657,90.9186,0.0004,-0.0000,-0.0003
92.6000,0.0121,-0.0109,-1.3372,-0.0143,-0.0152,-0.0041,0.0902,-0.0657,90.9186,0.0004,-0.0000,-0.0003
92.7000,0.0121,-0.0109,-1.3372,-0.0143,-0.0152,-0.0041,0.0902,-0.0657,90.9186,0.0004,-0.0000,-0.0003
92.8000,0.0121,-0.0109,-1.3372,-0.0143,-0.0152,-0.0041,0.0902,-0.0657,90.9186,0.0004,-0.0000,-0.0003
92.9000,0.0121,-0.0109,-1.3372,-0.0143,-0.0152,-0.0041,0.0902,-0.0657,90.9186,0.0004,-0.0000,-0.0003
93.0000,0.0121,-0.0109,-1.3372,-0.0143,-0.0152,-0.0041,0.0902,-0.0657,90.9186,0.0004,-0.0000,-0.0003
93.0999,0.0121,-0.0109,-1.3372,-0.0143,-0.0152,-0.0041,0.0902,-0.0657,90.9186,0.0004,-0.0000,-0.0003
93.1999,0.0121,-0.0109,-1.3372,-0.0143,-0.0152,-0.0041,0.0902,-0.0657,90.9186,0.0004,-0.0000,-0.0003
93.2999,0.0121,-0.0109,-1.3372,-0.0143,-0.0152,-0.0041,0.0902,-0.0657,90.9186,0.0004,-0.0000,-0.0003
93.4000,0.0121,-0.0109,-1.3372,-0.0143,-0.0152,-0.0041,0.0902,-0.0657,90.9186,0.0004,-0.0000,-0.0003
93.5000,0.0121,-0.0109,-1.3372,-0.0143,-0.0152,-0.0041,0.0902,-0.0657,90.9186,0.0004,-0.0000,-0.0003
93.6000,0.0121,-0.0109,-1.3372,-0.0143,-0.0152,-0.0041,0.0902,-0.0657,90.9186,0.0004,-0.0000,-0.0003
93.6999,0.0121,-0.0109,-1.3372,-0.0143,-0.0152,-0.0041,0.0902,-0.0657,90.9186,0.0004,-0.0000,-0.0003
93.7999,0.0121,-0.0109,-1.3372,-0.0143,-0.0152,-0.0041,0.0902,-0.0657,90.9186,0.0004,-0.0000,-0.0003
93.9000,0.0121,-0.0109,-1.3372,-0.0143,-0.0152,-0.0041,0.0902,-0.0657,90.9186,0.0004,-0.0000,-0.0003
94.0000,0.0121,-0.0109,-1.3372,-0.0143,-0.0152,-0.0041,0.0902,-0.0657,90.9186,0.0004,-0.0000,-0.0003
94.0999,0.0121,-0.0109,-1.3372,-0.0143,-0.0152,-0.0041,0.0902,-0.0657,90.9186,0.0004,-0.0000,-0.0003
94.1999,0.0121,-0.0109,-1.3372,-0.0143,-0.0152,-0.0041,0.0902,-0.0657,90.9186,0.0004,-0.0000,-0.0003
94.3001,0.0121,-0.0109,-1.3372,-0.0143,-0.0152,-0.0041,0.0902,-0.0657,90.9186,0.0004,-0.0000,-0.0003
94.4000,0.0121,-0.0109,-1.3372,-0.0143,-0.0152,-0.0041,0.0902,-0.0657,90.9186,0.0004,-0.0000,-0.0003
94.5000,0.0121,-0.0109,-1.3372,-0.0143,-0.0152,-0.0041,0.0902,-0.0657,90.9186,0.0004,-0.0000,-0.0003
94.6000,0.0121,-0.0109,-1.3372,-0.0143,-0.0152,-0.0041,0.0902,-0.0657,90.9186,0.0004,-0.0000,-0.0003
94.6999,0.0121,-0.0109,-1.3372,-0.0143,-0.0152,-0.0041,0.0902,-0.0657,90.9186,0.0004,-0.0000,-0.0003
94.8000,0.0121,-0.0109,-1.3372,-0.0143,-0.0152,-0.0041,0.0902,-0.0657,90.9186,0.0004,-0.0000,-0.0003
94.9000,0.0121,-0.0109,-1.3372,-0.0143,-0.0152,-0.0041,0.0902,-0.0657,90.9186,0.0004,-0.0000,-0.0003
95.0000,0.0121,-0.0109,-1.3372,-0.0143,-0.0152,-0.0041,0.0902,-0.0657,90.9186,0.0004,-0.0000,-0.0003
95.0999,0.0121,-0.0109,-1.3372,-0.0143,-0.0152,-0.0041,0.0902,-0.0657,90.9186,0.0004,-0.0000,-0.0003
95.2000,0.0121,-0.0109,-1.3372,-0.0143,-0.0152,-0.0041,0.0902,-0.0657,90.9186,0.0004,-0.0000,-0.0003
95.2999,0.0121,-0.0110,-1.3184,-0.0143,-0.0155,-0.0038,0.0898,-0.0651,90.9102,0.0003,-0.0003,-0.0002
95.4000,0.0121,-0.0110,-1.3184,-0.0143,-0.0155,-0.0038,0.0898,-0.0651,90.9102,0.0003,-0.0003,-0.0002
95.5000,0.0121,-0.0110,-1.3184,-0.0143,-0.0155,-0.0038,0.0898,-0.0651,90.9102,0.0003,-0.0003,-0.0002
95.5999,0.0121,-0.0110,-1.3184,-0.0143,-0.0155,-0.0038,0.0898,-0.0651,90.9102,0.0003,-0.0003,-0.0002
95.6999,0.0121,-0.0110,-1.3184,-0.0143,-0.0155,-0.0038,0.0898,-0.0651,90.9102,0.0003,-0.0003,-0.0002
95.7999,0.0121,-0.0110,-1.3184,-0.0143,-0.0155,-0.0038,0.0898,-0.0651,90.9102,0.0003,-0.0003,-0.0002
95.8999,0.0121,-0.0110,-1.3184,-0.0143,-0.0155,-0.0038,0.0898,-0.0651,90.9102,0.0003,-0.0003,-0.0002
96.0000,0.0121,-0.0110,-1.3184,-0.0143,-0.0155,-0.0038,0.0898,-0.0651,90.9102,0.0003,-0.0003,-0.0002
96.1000,0.0121,-0.0110,-1.3184,-0.0143,-0.0155,-0.0038,0.0898,-0.0651,90.9102,0.0003,-0.0003,-0.0002
96.2000,0.0121,-0.0110,-1.3184,-0.0143,-0.0155,-0.0038,0.0898,-0.0651,90.9102,0.0003,-0.0003,-0.0002
96.3000,0.0121,-0.0110,-1.3184,-0.0143,-0.0155,-0.0038,0.0898,-0.0651,90.9102,0.0003,-0.0003,-0.0002
96.4000,0.0121,-0.0110,-1.3184,-0.0143,-0.0155,-0.0038,0.0898,-0.0651,90.9102,0.0003,-0.0003,-0.0002
96.5000,0.0121,-0.0110,-1.3184,-0.0143,-0.0155,-0.0038,0.0898,-0.0651,90.9102,0.0003,-0.0003,-0.0002
96.5999,0.0121,-0.0110,-1.3184,-0.0143,-0.0155,-0.0038,0.0898,-0.0651,90.9102,0.0003,-0.0003,-0.0002
96.7000,0.0121,-0.0110,-1.3184,-0.0143,-0.0155,-0.0038,0.0898,-0.0651,90.9102,0.0003,-0.0003,-0.0002
96.7999,0.0121,-0.0110,-1.3184,-0.0143,-0.0155,-0.0038,0.0898,-0.0651,90.9102,0.0003,-0.0003,-0.0002
96.8999,0.0121,-0.0110,-1.3184,-0.0143,-0.0155,-0.0038,0.0898,-0.0651,90.9102,0.0003,-0.0003,-0.0002
96.9999,0.0121,-0.0110,-1.3184,-0.0143,-0.0155,-0.0038,0.0898,-0.0651,90.9102,0.0003,-0.0003,-0.0002
97.1000,0.0121,-0.0110,-1.3184,-0.0143,-0.0155,-0.0038,0.0898,-0.0651,90.9102,0.0003,-0.0003,-0.0002
97.1999,0.0121,-0.0110,-1.3184,-0.0143,-0.0155,-0.0038,0.0898,-0.0651,90.9102,0.0003,-0.0003,-0.0002
97.2999,0.0121,-0.0110,-1.3184,-0.0143,-0.0155,-0.0038,0.0898,-0.0651,90.9102,0.0003,-0.0003,-0.0002
97.4000,0.0121,-0.0110,-1.3184,-0.0143,-0.0155,-0.0038,0.0898,-0.0651,90.9102,0.0003,-0.0003,-0.0002
97.5001,0.0121,-0.0110,-1.3184,-0.0143,-0.0155,-0.0038,0.0898,-0.0651,90.9102,0.0003,-0.0003,-0.0002
97.6000,0.0121,-0.0110,-1.3184,-0.0143,-0.0155,-0.0038,0.0898,-0.0651,90.9102,0.0003,-0.0003,-0.0002
97.7000,0.0121,-0.0110,-1.3184,-0.0143,-0.0155,-0.0038,0.0898,-0.0651,90.9102,0.0003,-0.0003,-0.0002
97.7999,0.0121,-0.0110,-1.3184,-0.0143,-0.0155,-0.0038,0.0898,-0.0651,90.9102,0.0003,-0.0003,-0.0002
97.9000,0.0121,-0.0110,-1.3184,-0.0143,-0.0155,-0.0038,0.0898,-0.0651,90.9102,0.0003,-0.0003,-0.0002
97.9999,0.0121,-0.0110,-1.3184,-0.0143,-0.0155,-0.0038,0.0898,-0.0651,90.9102,0.0003,-0.0003,-0.0002
98.0999,0.0121,-0.0110,-1.3184,-0.0143,-0.0155,-0.0038,0.0898,-0.0651,90.9102,0.0003,-0.0003,-0.0002
98.2000,0.0121,-0.0110,-1.3184,-0.0143,-0.0155,-0.0038,0.0898,-0.0651,90.9102,0.0003,-0.0003,-0.0002
98.3000,0.0121,-0.0110,-1.3184,-0.0143,-0.0155,-0.0038,0.0898,-0.0651,90.9102,0.0003,-0.0003,-0.0002
98.4000,0.0121,-0.0110,-1.3184,-0.0143,-0.0155,-0.0038,0.0898,-0.0651,90.9102,0.0003,-0.0003,-0.0002
98.5000,0.0121,-0.0110,-1.3184,-0.0143,-0.0155,-0.0038,0.0898,-0.0651,90.9102,0.0003,-0.0003,-0.0002
98.5999,0.0121,-0.0110,-1.3184,-0.0143,-0.0155,-0.0038,0.0898,-0.0651,90.9102,0.0003,-0.0003,-0.0002
98.7000,0.0121,-0.0110,-1.3184,-0.0143,-0.0155,-0.0038,0.0898,-0.0651,90.9102,0.0003,-0.0003,-0.0002
98.8000,0.0121,-0.0110,-1.3184,-0.0143,-0.0155,-0.0038,0.0898,-0.0651,90.9102,0.0003,-0.0003,-0.0002
98.9000,0.0121,-0.0110,-1.3184,-0.0143,-0.0155,-0.0038,0.0898,-0.0651,90.9102,0.0003,-0.0003,-0.0002
99.0000,0.0121,-0.0110,-1.3184,-0.0143,-0.0155,-0.0038,0.0898,-0.0651,90.9102,0.0003,-0.0003,-0.0002
99.1000,0.0121,-0.0110,-1.3184,-0.0143,-0.0155,-0.0038,0.0898,-0.0651,90.9102,0.0003,-0.0003,-0.0002
99.2000,0.0121,-0.0110,-1.3184,-0.0143,-0.0155,-0.0038,0.0898,-0.0651,90.9102,0.0003,-0.0003,-0.0002
99.3000,0.0121,-0.0110,-1.3184,-0.0143,-0.0155,-0.0038,0.0898,-0.0651,90.9102,0.0003,-0.0003,-0.0002
99.3999,0.0121,-0.0110,-1.3184,-0.0143,-0.0155,-0.0038,0.0898,-0.0651,90.9102,0.0003,-0.0003,-0.0002
99.5000,0.0121,-0.0110,-1.3184,-0.0143,-0.0155,-0.0038,0.0898,-0.0651,90.9102,0.0003,-0.0003,-0.0002
99.5999,0.0121,-0.0110,-1.3184,-0.0143,-0.0155,-0.0038,0.0898,-0.0651,90.9102,0.0003,-0.0003,-0.0002
99.7000,0.0122,-0.0110,-1.2999,-0.0146,-0.0156,-0.0037,0.0898,-0.0657,90.9016,0.0003,-0.0003,-0.0001
99.8000,0.0122,-0.0110,-1.2999,-0.0146,-0.0156,-0.0037,0.0898,-0.0657,90.9016,0.0003,-0.0003,-0.0001
99.8999,0.0122,-0.0110,-1.2999,-0.0146,-0.0156,-0.0037,0.0898,-0.0657,90.9016,0.0003,-0.0003,-0.0001
99.9999,0.0122,-0.0110,-1.2999,-0.0146,-0.0156,-0.0037,0.0898,-0.0657,90.9016,0.0003,-0.0003,-0.0001
100.1000,0.0122,-0.0110,-1.2999,-0.0146,-0.0156,-0.0037,0.0898,-0.0657,90.9016,0.0003,-0.0003,-0.0001
100.1999,0.0122,-0.0110,-1.2999,-0.0146,-0.0156,-0.0037,0.0898,-0.0657,90.9016,0.0003,-0.0003,-0.0001
100.3000,0.0122,-0.0110,-1.2999,-0.0146,-0.0156,-0.0037,0.0898,-0.0657,90.9016,0.0003,-0.0003,-0.0001
100.4000,0.0122,-0.0110,-1.2999,-0.0146,-0.0156,-0.0037,0.0898,-0.0657,90.9016,0.0003,-0.0003,-0.0001
100.5000,0.0122,-0.0110,-1.2999,-0.0146,-0.0156,-0.0037,0.0898,-0.0657,90.9016,0.0003,-0.0003,-0.0001
100.6000,0.0122,-0.0110,-1.2999,-0.0146,-0.0156,-0.0037,0.0898,-0.0657,90.9016,0.0003,-0.0003,-0.0001
100.7001,0.0122,-0.0110,-1.2999,-0.0146,-0.0156,-0.0037,0.0898,-0.0657,90.9016,0.0003,-0.0003,-0.0001
100.8000,0.0122,-0.0110,-1.2999,-0.0146,-0.0156,-0.0037,0.0898,-0.0657,90.9016,0.0003,-0.0003,-0.0001
100.8999,0.0122,-0.0110,-1.2999,-0.0146,-0.0156,-0.0037,0.0898,-0.0657,90.9016,0.0003,-0.0003,-0.0001
101.0000,0.0122,-0.0110,-1.2999,-0.0146,-0.0156,-0.0037,0.0898,-0.0657,90.9016,0.0003,-0.0003,-0.0001
101.0999,0.0122,-0.0110,-1.2999,-0.0146,-0.0156,-0.0037,0.0898,-0.0657,90.9016,0.0003,-0.0003,-0.0001
101.2001,0.0122,-0.0110,-1.2999,-0.0146,-0.0156,-0.0037,0.0898,-0.0657,90.9016,0.0003,-0.0003,-0.0001
101.3000,0.0122,-0.0110,-1.2999,-0.0146,-0.0156,-0.0037,0.0898,-0.0657,90.9016,0.0003,-0.0003,-0.0001
101.4000,0.0122,-0.0110,-1.2999,-0.0146,-0.0156,-0.0037,0.0898,-0.0657,90.9016,0.0003,-0.0003,-0.0001
101.5000,0.0122,-0.0110,-1.2999,-0.0146,-0.0156,-0.0037,0.0898,-0.0657,90.9016,0.0003,-0.0003,-0.0001
101.6000,0.0122,-0.0110,-1.2999,-0.0146,-0.0156,-0.0037,0.0898,-0.0657,90.9016,0.0003,-0.0003,-0.0001
101.7000,0.0122,-0.0110,-1.2999,-0.0146,-0.0156,-0.0037,0.0898,-0.0657,90.9016,0.0003,-0.0003,-0.0001
101.8000,0.0122,-0.0110,-1.2999,-0.0146,-0.0156,-0.0037,0.0898,-0.0657,90.9016,0.0003,-0.0003,-0.0001
101.9000,0.0122,-0.0110,-1.2999,-0.0146,-0.0156,-0.0037,0.0898,-0.0657,90.9016,0.0003,-0.0003,-0.0001
102.0000,0.0122,-0.0110,-1.2999,-0.0146,-0.0156,-0.0037,0.0898,-0.0657,90.9016,0.0003,-0.0003,-0.0001
102.1000,0.0122,-0.0110,-1.2999,-0.0146,-0.0156,-0.0037,0.0898,-0.0657,90.9016,0.0003,-0.0003,-0.0001
102.2000,0.0122,-0.0110,-1.2999,-0.0146,-0.0156,-0.0037,0.0898,-0.0657,90.9016,0.0003,-0.0003,-0.0001
102.3000,0.0122,-0.0110,-1.2999,-0.0146,-0.0156,-0.0037,0.0898,-0.0657,90.9016,0.0003,-0.0003,-0.0001
102.4000,0.0122,-0.0110,-1.2999,-0.0146,-0.0156,-0.0037,0.0898,-0.0657,90.9016,0.0003,-0.0003,-0.0001
102.5001,0.0122,-0.0110,-1.2999,-0.0146,-0.0156,-0.0037,0.0898,-0.0657,90.9016,0.0003,-0.0003,-0.0001
102.6000,0.0122,-0.0110,-1.2999,-0.0146,-0.0156,-0.0037,0.0898,-0.0657,90.9016,0.0003,-0.0003,-0.0001
102.7000,0.0122,-0.0110,-1.2999,-0.0146,-0.0156,-0.0037,0.0898,-0.0657,90.9016,0.0003,-0.0003,-0.0001
102.8000,0.0122,-0.0110,-1.2999,-0.0146,-0.0156,-0.0037,0.0898,-0.0657,90.9016,0.0003,-0.0003,-0.0001
102.9000,0.0122,-0.0110,-1.2999,-0.0146,-0.0156,-0.0037,0.0898,-0.0657,90.9016,0.0003,-0.0003,-0.0001
103.0000,0.0122,-0.0110,-1.2999,-0.0146,-0.0156,-0.0037,0.0898,-0.0657,90.9016,0.0003,-0.0003,-0.0001
103.1000,0.0122,-0.0110,-1.2999,-0.0146,-0.0156,-0.0037,0.0898,-0.0657,90.9016,0.0003,-0.0003,-0.0001
103.2000,0.0122,-0.0110,-1.2999,-0.0146,-0.0156,-0.0037,0.0898,-0.0657,90.9016,0.0003,-0.0003,-0.0001
103.3000,0.0122,-0.0110,-1.2999,-0.0146,-0.0156,-0.0037,0.0898,-0.0657,90.9016,0.0003,-0.0003,-0.0001
103.4000,0.0122,-0.0110,-1.2999,-0.0146,-0.0156,-0.0037,0.0898,-0.0657,90.9016,0.0003,-0.0003,-0.0001
103.5000,0.0122,-0.0110,-1.2999,-0.0146,-0.0156,-0.0037,0.0898,-0.0657,90.9016,0.0003,-0.0003,-0.0001
103.6000,0.0122,-0.0110,-1.2999,-0.0146,-0.0156,-0.0037,0.0898,-0.0657,90.9016,0.0003,-0.0003,-0.0001
103.7000,0.0122,-0.0110,-1.2999,-0.0146,-0.0156,-0.0037,0.0898,-0.0657,90.9016,0.0003,-0.0003,-0.0001
103.8000,0.0122,-0.0110,-1.2999,-0.0146,-0.0156,-0.0037,0.0898,-0.0657,90.9016,0.0003,-0.0003,-0.0001
103.9001,0.0122,-0.0110,-1.2999,-0.0146,-0.0156,-0.0037,0.0898,-0.0657,90.9016,0.0003,-0.0003,-0.0001
104.0000,0.0123,-0.0112,-1.2817,-0.0148,-0.0156,-0.0038,0.0891,-0.0661,90.8932,0.0002,-0.0002,-0.0002
104.1000,0.0123,-0.0112,-1.2817,-0.0148,-0.0156,-0.0038,0.0891,-0.0661,90.8932,0.0002,-0.0002,-0.0002
104.2000,0.0123,-0.0112,-1.2817,-0.0148,-0.0156,-0.0038,0.0891,-0.0661,90.8932,0.0002,-0.0002,-0.0002
104.3000,0.0123,-0.0112,-1.2817,-0.0148,-0.0156,-0.0038,0.0891,-0.0661,90.8932,0.0002,-0.0002,-0.0002
104.4000,0.0123,-0.0112,-1.2817,-0.0148,-0.0156,-0.0038,0.0891,-0.0661,90.8932,0.0002,-0.0002,-0.0002
104.5000,0.0123,-0.0112,-1.2817,-0.0148,-0.0156,-0.0038,0.0891,-0.0661,90.8932,0.0002,-0.0002,-0.0002
104.6000,0.0123,-0.0112,-1.2817,-0.0148,-0.0156,-0.0038,0.0891,-0.0661,90.8932,0.0002,-0.0002,-0.0002
104.7000,0.0123,-0.0112,-1.2817,-0.0148,-0.0156,-0.0038,0.0891,-0.0661,90.8932,0.0002,-0.0002,-0.0002
104.8000,0.0123,-0.0112,-1.2817,-0.0148,-0.0156,-0.0038,0.0891,-0.0661,90.8932,0.0002,-0.0002,-0.0002
104.9000,0.0123,-0.0112,-1.2817,-0.0148,-0.0156,-0.0038,0.0891,-0.0661,90.8932,0.0002,-0.0002,-0.0002
105.0000,0.0123,-0.0112,-1.2817,-0.0148,-0.0156,-0.0038,0.0891,-0.0661,90.8932,0.0002,-0.0002,-0.0002
105.1001,0.0123,-0.0112,-1.2817,-0.0148,-0.0156,-0.0038,0.0891,-0.0661,90.8932,0.0002,-0.0002,-0.0002
105.2001,0.0123,-0.0112,-1.2817,-0.0148,-0.0156,-0.0038,0.0891,-0.0661,90.8932,0.0002,-0.0002,-0.0002
105.3000,0.0123,-0.0112,-1.2817,-0.0148,-0.0156,-0.0038,0.0891,-0.0661,90.8932,0.0002,-0.0002,-0.0002
105.4000,0.0123,-0.0112,-1.2817,-0.0148,-0.0156,-0.0038,0.0891,-0.0661,90.8932,0.0002,-0.0002,-0.0002
105.5000,0.0123,-0.0112,-1.2817,-0.0148,-0.0156,-0.0038,0.0891,-0.0661,90.8932,0.0002,-0.0002,-0.0002
105.5999,0.0123,-0.0112,-1.2817,-0.0148,-0.0156,-0.0038,0.0891,-0.0661,90.8932,0.0002,-0.0002,-0.0002
105.7001,0.0123,-0.0112,-1.2817,-0.0148,-0.0156,-0.0038,0.0891,-0.0661,90.8932,0.0002,-0.0002,-0.0002
105.8000,0.0123,-0.0112,-1.2817,-0.0148,-0.0156,-0.0038,0.0891,-0.0661,90.8932,0.0002,-0.0002,-0.0002
105.9000,0.0123,-0.0112,-1.2817,-0.0148,-0.0156,-0.0038,0.0891,-0.0661,90.8932,0.0002,-0.0002,-0.0002
105.9999,0.0123,-0.0112,-1.2817,-0.0148,-0.0156,-0.0038,0.0891,-0.0661,90.8932,0.0002,-0.0002,-0.0002
106.1000,0.0123,-0.0112,-1.2817,-0.0148,-0.0156,-0.0038,0.0891,-0.0661,90.8932,0.0002,-0.0002,-0.0002
106.2000,0.0123,-0.0112,-1.2817,-0.0148,-0.0156,-0.0038,0.0891,-0.0661,90.8932,0.0002,-0.0002,-0.0002
106.3000,0.0123,-0.0112,-1.2817,-0.0148,-0.0156,-0.0038,0.0891,-0.0661,90.8932,0.0002,-0.0002,-0.0002
106.4000,0.0123,-0.0112,-1.2817,-0.0148,-0.0156,-0.0038,0.0891,-0.0661,90.8932,0.0002,-0.0002,-0.0002
106.5001,0.0123,-0.0112,-1.2817,-0.0148,-0.0156,-0.0038,0.0891,-0.0661,90.8932,0.0002,-0.0002,-0.0002
106.6001,0.0123,-0.0112,-1.2817,-0.0148,-0.0156,-0.0038,0.0891,-0.0661,90.8932,0.0002,-0.0002,-0.0002
106.6999,0.0123,-0.0112,-1.2817,-0.0148,-0.0156,-0.0038,0.0891,-0.0661,90.8932,0.0002,-0.0002,-0.0002
106.8000,0.0123,-0.0112,-1.2817,-0.0148,-0.0156,-0.0038,0.0891,-0.0661,90.8932,0.0002,-0.0002,-0.0002
106.8999,0.0123,-0.0112,-1.2817,-0.0148,-0.0156,-0.0038,0.0891,-0.0661,90.8932,0.0002,-0.0002,-0.0002
106.9999,0.0123,-0.0112,-1.2817,-0.0148,-0.0156,-0.0038,0.0891,-0.0661,90.8932,0.0002,-0.0002,-0.0002
107.1000,0.0123,-0.0112,-1.2817,-0.0148,-0.0156,-0.0038,0.0891,-0.0661,90.8932,0.0002,-0.0002,-0.0002
107.2000,0.0123,-0.0112,-1.2817,-0.0148,-0.0156,-0.0038,0.0891,-0.0661,90.8932,0.0002,-0.0002,-0.0002
107.3000,0.0123,-0.0112,-1.2817,-0.0148,-0.0156,-0.0038,0.0891,-0.0661,90.8932,0.0002,-0.0002,-0.0002
107.3999,0.0123,-0.0112,-1.2817,-0.0148,-0.0156,-0.0038,0.0891,-0.0661,90.8932,0.0002,-0.0002,-0.0002
107.4999,0.0123,-0.0112,-1.2817,-0.0148,-0.0156,-0.0038,0.0891,-0.0661,90.8932,0.0002,-0.0002,-0.0002
107.6000,0.0123,-0.0112,-1.2817,-0.0148,-0.0156,-0.0038,0.0891,-0.0661,90.8932,0.0002,-0.0002,-0.0002
107.6999,0.0123,-0.0112,-1.2817,-0.0148,-0.0156,-0.0038,0.0891,-0.0661,90.8932,0.0002,-0.0002,-0.0002
107.7999,0.0123,-0.0112,-1.2817,-0.0148,-0.0156,-0.0038,0.0891,-0.0661,90.8932,0.0002,-0.0002,-0.0002
107.8999,0.0123,-0.0112,-1.2817,-0.0148,-0.0156,-0.0038,0.0891,-0.0661,90.8932,0.0002,-0.0002,-0.0002
107.9999,0.0123,-0.0112,-1.2817,-0.0148,-0.0156,-0.0038,0.0891,-0.0661,90.8932,0.0002,-0.0002,-0.0002
108.1000,0.0123,-0.0112,-1.2817,-0.0148,-0.0156,-0.0038,0.0891,-0.0661,90.8932,0.0002,-0.0002,-0.0002
108.2000,0.0123,-0.0113,-1.2637,-0.0150,-0.0155,-0.0037,0.0890,-0.0657,90.8856,0.0002,-0.0003,-0.0003
108.2999,0.0123,-0.0113,-1.2637,-0.0150,-0.0155,-0.0037,0.0890,-0.0657,90.8856,0.0002,-0.0003,-0.0003
108.4000,0.0123,-0.0113,-1.2637,-0.0150,-0.0155,-0.0037,0.0890,-0.0657,90.8856,0.0002,-0.0003,-0.0003
108.4999,0.0123,-0.0113,-1.2637,-0.0150,-0.0155,-0.0037,0.0890,-0.0657,90.8856,0.0002,-0.0003,-0.0003
108.6000,0.0123,-0.0113,-1.2637,-0.0150,-0.0155,-0.0037,0.0890,-0.0657,90.8856,0.0002,-0.0003,-0.0003
108.7000,0.0123,-0.0113,-1.2637,-0.0150,-0.0155,-0.0037,0.0890,-0.0657,90.8856,0.0002,-0.0003,-0.0003
108.7999,0.0123,-0.0113,-1.2637,-0.0150,-0.0155,-0.0037,0.0890,-0.0657,90.8856,0.0002,-0.0003,-0.0003
108.9000,0.0123,-0.0113,-1.2637,-0.0150,-0.0155,-0.0037,0.0890,-0.0657,90.8856,0.0002,-0.0003,-0.0003
109.0000,0.0123,-0.0113,-1.2637,-0.0150,-0.0155,-0.0037,0.0890,-0.0657,90.8856,0.0002,-0.0003,-0.0003
109.1000,0.0123,-0.0113,-1.2637,-0.0150,-0.0155,-0.0037,0.0890,-0.0657,90.8856,0.0002,-0.0003,-0.0003
109.2001,0.0123,-0.0113,-1.2637,-0.0150,-0.0155,-0.0037,0.0890,-0.0657,90.8856,0.0002,-0.0003,-0.0003
109.3001,0.0123,-0.0113,-1.2637,-0.0150,-0.0155,-0.0037,0.0890,-0.0657,90.8856,0.0002,-0.0003,-0.0003
109.3999,0.0123,-0.0113,-1.2637,-0.0150,-0.0155,-0.0037,0.0890,-0.0657,90.8856,0.0002,-0.0003,-0.0003
109.5000,0.0123,-0.0113,-1.2637,-0.0150,-0.0155,-0.0037,0.0890,-0.0657,90.8856,0.0002,-0.0003,-0.0003
109.5999,0.0123,-0.0113,-1.2637,-0.0150,-0.0155,-0.0037,0.0890,-0.0657,90.8856,0.0002,-0.0003,-0.0003
109.7000,0.0123,-0.0113,-1.2637,-0.0150,-0.0155,-0.0037,0.0890,-0.0657,90.8856,0.0002,-0.0003,-0.0003
109.8000,0.0123,-0.0113,-1.2637,-0.0150,-0.0155,-0.0037,0.0890,-0.0657,90.8856,0.0002,-0.0003,-0.0003
109.9000,0.0123,-0.0113,-1.2637,-0.0150,-0.0155,-0.0037,0.0890,-0.0657,90.8856,0.0002,-0.0003,-0.0003
110.0000,0.0123,-0.0113,-1.2637,-0.0150,-0.0155,-0.0037,0.0890,-0.0657,90.8856,0.0002,-0.0003,-0.0003
110.1001,0.0123,-0.0113,-1.2637,-0.0150,-0.0155,-0.0037,0.0890,-0.0657,90.8856,0.0002,-0.0003,-0.0003
110.2000,0.0123,-0.0113,-1.2637,-0.0150,-0.0155,-0.0037,0.0890,-0.0657,90.8856,0.0002,-0.0003,-0.0003
110.3001,0.0123,-0.0113,-1.2637,-0.0150,-0.0155,-0.0037,0.0890,-0.0657,90.8856,0.0002,-0.0003,-0.0003
110.3999,0.0123,-0.0113,-1.2637,-0.0150,-0.0155,-0.0037,0.0890,-0.0657,90.8856,0.0002,-0.0003,-0.0003
110.4999,0.0123,-0.0113,-1.2637,-0.0150,-0.0155,-0.0037,0.0890,-0.0657,90.8856,0.0002,-0.0003,-0.0003
110.6000,0.0123,-0.0113,-1.2637,-0.0150,-0.0155,-0.0037,0.0890,-0.0657,90.8856,0.0002,-0.0003,-0.0003
110.7000,0.0123,-0.0113,-1.2637,-0.0150,-0.0155,-0.0037,0.0890,-0.0657,90.8856,0.0002,-0.0003,-0.0003
110.8000,0.0123,-0.0113,-1.2637,-0.0150,-0.0155,-0.0037,0.0890,-0.0657,90.8856,0.0002,-0.0003,-0.0003
110.9000,0.0123,-0.0113,-1.2637,-0.0150,-0.0155,-0.0037,0.0890,-0.0657,90.8856,0.0002,-0.0003,-0.0003
110.9999,0.0123,-0.0113,-1.2637,-0.0150,-0.0155,-0.0037,0.0890,-0.0657,90.8856,0.0002,-0.0003,-0.0003
111.1000,0.0123,-0.0113,-1.2637,-0.0150,-0.0155,-0.0037,0.0890,-0.0657,90.8856,0.0002,-0.0003,-0.0003
111.2000,0.0123,-0.0113,-1.2637,-0.0150,-0.0155,-0.0037,0.0890,-0.0657,90.8856,0.0002,-0.0003,-0.0003
111.3000,0.0123,-0.0113,-1.2637,-0.0150,-0.0155,-0.0037,0.0890,-0.0657,90.8856,0.0002,-0.0003,-0.0003
111.4000,0.0123,-0.0113,-1.2637,-0.0150,-0.0155,-0.0037,0.0890,-0.0657,90.8856,0.0002,-0.0003,-0.0003
111.5000,0.0123,-0.0113,-1.2637,-0.0150,-0.0155,-0.0037,0.0890,-0.0657,90.8856,0.0002,-0.0003,-0.0003
111.6000,0.0123,-0.0113,-1.2637,-0.0150,-0.0155,-0.0037,0.0890,-0.0657,90.8856,0.0002,-0.0003,-0.0003
111.7000,0.0123,-0.0113,-1.2637,-0.0150,-0.0155,-0.0037,0.0890,-0.0657,90.8856,0.0002,-0.0003,-0.0003
111.8000,0.0123,-0.0113,-1.2637,-0.0150,-0.0155,-0.0037,0.0890,-0.0657,90.8856,0.0002,-0.0003,-0.0003
111.8999,0.0123,-0.0113,-1.2637,-0.0150,-0.0155,-0.0037,0.0890,-0.0657,90.8856,0.0002,-0.0003,-0.0003
112.0001,0.0123,-0.0113,-1.2637,-0.0150,-0.0155,-0.0037,0.0890,-0.0657,90.8856,0.0002,-0.0003,-0.0003
112.1001,0.0123,-0.0113,-1.2637,-0.0150,-0.0155,-0.0037,0.0890,-0.0657,90.8856,0.0002,-0.0003,-0.0003
112.2000,0.0123,-0.0113,-1.2637,-0.0150,-0.0155,-0.0037,0.0890,-0.0657,90.8856,0.0002,-0.0003,-0.0003
112.2999,0.0123,-0.0113,-1.2637,-0.0150,-0.0155,-0.0037,0.0890,-0.0657,90.8856,0.0002,-0.0003,-0.0003
112.4000,0.0123,-0.0113,-1.2637,-0.0150,-0.0155,-0.0037,0.0890,-0.0657,90.8856,0.0002,-0.0003,-0.0003
112.4999,0.0123,-0.0113,-1.2637,-0.0150,-0.0155,-0.0037,0.0890,-0.0657,90.8856,0.0002,-0.0003,-0.0003
112.5999,0.0123,-0.0114,-1.2460,-0.0151,-0.0155,-0.0036,0.0888,-0.0654,90.8773,0.0002,-0.0002,-0.0002
112.7000,0.0123,-0.0114,-1.2460,-0.0151,-0.0155,-0.0036,0.0888,-0.0654,90.8773,0.0002,-0.0002,-0.0002
112.8000,0.0123,-0.0114,-1.2460,-0.0151,-0.0155,-0.0036,0.0888,-0.0654,90.8773,0.0002,-0.0002,-0.0002
112.9000,0.0123,-0.0114,-1.2460,-0.0151,-0.0155,-0.0036,0.0888,-0.0654,90.8773,0.0002,-0.0002,-0.0002
113.0000,0.0123,-0.0114,-1.2460,-0.0151,-0.0155,-0.0036,0.0888,-0.0654,90.8773,0.0002,-0.0002,-0.0002
113.1000,0.0123,-0.0114,-1.2460,-0.0151,-0.0155,-0.0036,0.0888,-0.0654,90.8773,0.0002,-0.0002,-0.0002
113.1999,0.0123,-0.0114,-1.2460,-0.0151,-0.0155,-0.0036,0.0888,-0.0654,90.8773,0.0002,-0.0002,-0.0002
113.3000,0.0123,-0.0114,-1.2460,-0.0151,-0.0155,-0.0036,0.0888,-0.0654,90.8773,0.0002,-0.0002,-0.0002
113.3999,0.0123,-0.0114,-1.2460,-0.0151,-0.0155,-0.0036,0.0888,-0.0654,90.8773,0.0002,-0.0002,-0.0002
113.5000,0.0123,-0.0114,-1.2460,-0.0151,-0.0155,-0.0036,0.0888,-0.0654,90.8773,0.0002,-0.0002,-0.0002
113.5999,0.0123,-0.0114,-1.2460,-0.0151,-0.0155,-0.0036,0.0888,-0.0654,90.8773,0.0002,-0.0002,-0.0002
113.7000,0.0123,-0.0114,-1.2460,-0.0151,-0.0155,-0.0036,0.0888,-0.0654,90.8773,0.0002,-0.0002,-0.0002
113.8001,0.0123,-0.0114,-1.2460,-0.0151,-0.0155,-0.0036,0.0888,-0.0654,90.8773,0.0002,-0.0002,-0.0002
113.8999,0.0123,-0.0114,-1.2460,-0.0151,-0.0155,-0.0036,0.0888,-0.0654,90.8773,0.0002,-0.0002,-0.0002
114.0000,0.0123,-0.0114,-1.2460,-0.0151,-0.0155,-0.0036,0.0888,-0.0654,90.8773,0.0002,-0.0002,-0.0002
114.0999,0.0123,-0.0114,-1.2460,-0.0151,-0.0155,-0.0036,0.0888,-0.0654,90.8773,0.0002,-0.0002,-0.0002
114.1999,0.0123,-0.0114,-1.2460,-0.0151,-0.0155,-0.0036,0.0888,-0.0654,90.8773,0.0002,-0.0002,-0.0002
114.3000,0.0123,-0.0114,-1.2460,-0.0151,-0.0155,-0.0036,0.0888,-0.0654,90.8773,0.0002,-0.0002,-0.0002
114.4000,0.0123,-0.0114,-1.2460,-0.0151,-0.0155,-0.0036,0.0888,-0.0654,90.8773,0.0002,-0.0002,-0.0002
114.4999,0.0123,-0.0114,-1.2460,-0.0151,-0.0155,-0.0036,0.0888,-0.0654,90.8773,0.0002,-0.0002,-0.0002
114.5999,0.0123,-0.0114,-1.2460,-0.0151,-0.0155,-0.0036,0.0888,-0.0654,90.8773,0.0002,-0.0002,-0.0002
114.7001,0.0123,-0.0114,-1.2460,-0.0151,-0.0155,-0.0036,0.0888,-0.0654,90.8773,0.0002,-0.0002,-0.0002
114.7999,0.0123,-0.0114,-1.2460,-0.0151,-0.0155,-0.0036,0.0888,-0.0654,90.8773,0.0002,-0.0002,-0.0002
114.9000,0.0123,-0.0114,-1.2460,-0.0151,-0.0155,-0.0036,0.0888,-0.0654,90.8773,0.0002,-0.0002,-0.0002
115.0000,0.0123,-0.0114,-1.2460,-0.0151,-0.0155,-0.0036,0.0888,-0.0654,90.8773,0.0002,-0.0002,-0.0002
115.1000,0.0123,-0.0114,-1.2460,-0.0151,-0.0155,-0.0036,0.0888,-0.0654,90.8773,0.0002,-0.0002,-0.0002
115.1999,0.0123,-0.0114,-1.2460,-0.0151,-0.0155,-0.0036,0.0888,-0.0654,90.8773,0.0002,-0.0002,-0.0002
115.3000,0.0123,-0.0114,-1.2460,-0.0151,-0.0155,-0.0036,0.0888,-0.0654,90.8773,0.0002,-0.0002,-0.0002
115.4000,0.0123,-0.0114,-1.2460,-0.0151,-0.0155,-0.0036,0.0888,-0.0654,90.8773,0.0002,-0.0002,-0.0002
115.4999,0.0123,-0.0114,-1.2460,-0.0151,-0.0155,-0.0036,0.0888,-0.0654,90.8773,0.0002,-0.0002,-0.0002
115.5999,0.0123,-0.0114,-1.2460,-0.0151,-0.0155,-0.0036,0.0888,-0.0654,90.8773,0.0002,-0.0002,-0.0002
115.6999,0.0123,-0.0114,-1.2460,-0.0151,-0.0155,-0.0036,0.0888,-0.0654,90.8773,0.0002,-0.0002,-0.0002
115.8000,0.0123,-0.0114,-1.2460,-0.0151,-0.0155,-0.0036,0.0888,-0.0654,90.8773,0.0002,-0.0002,-0.0002
115.9000,0.0123,-0.0114,-1.2460,-0.0151,-0.0155,-0.0036,0.0888,-0.0654,90.8773,0.0002,-0.0002,-0.0002
115.9999,0.0123,-0.0114,-1.2460,-0.0151,-0.0155,-0.0036,0.0888,-0.0654,90.8773,0.0002,-0.0002,-0.0002
116.1001,0.0123,-0.0114,-1.2460,-0.0151,-0.0155,-0.0036,0.0888,-0.0654,90.8773,0.0002,-0.0002,-0.0002
116.2000,0.0123,-0.0114,-1.2460,-0.0151,-0.0155,-0.0036,0.0888,-0.0654,90.8773,0.0002,-0.0002,-0.0002
116.3000,0.0123,-0.0114,-1.2460,-0.0151,-0.0155,-0.0036,0.0888,-0.0654,90.8773,0.0002,-0.0002,-0.0002
116.4000,0.0123,-0.0114,-1.2460,-0.0151,-0.0155,-0.0036,0.0888,-0.0654,90.8773,0.0002,-0.0002,-0.0002
116.5000,0.0123,-0.0114,-1.2460,-0.0151,-0.0155,-0.0036,0.0888,-0.0654,90.8773,0.0002,-0.0002,-0.0002
116.5999,0.0123,-0.0114,-1.2460,-0.0151,-0.0155,-0.0036,0.0888,-0.0654,90.8773,0.0002,-0.0002,-0.0002
116.7001,0.0123,-0.0114,-1.2460,-0.0151,-0.0155,-0.0036,0.0888,-0.0654,90.8773,0.0002,-0.0002,-0.0002
116.8001,0.0123,-0.0114,-1.2460,-0.0151,-0.0155,-0.0036,0.0888,-0.0654,90.8773,0.0002,-0.0002,-0.0002
116.9000,0.0123,-0.0114,-1.2286,-0.0150,-0.0154,-0.0035,0.0878,-0.0645,90.8692,0.0003,-0.0003,-0.0003
117.0001,0.0123,-0.0114,-1.2286,-0.0150,-0.0154,-0.0035,0.0878,-0.0645,90.8692,0.0003,-0.0003,-0.0003
117.1001,0.0123,-0.0114,-1.2286,-0.0150,-0.0154,-0.0035,0.0878,-0.0645,90.8692,0.0003,-0.0003,-0.0003
117.2000,0.0123,-0.0114,-1.2286,-0.0150,-0.0154,-0.0035,0.0878,-0.0645,90.8692,0.0003,-0.0003,-0.0003
117.3000,0.0123,-0.0114,-1.2286,-0.0150,-0.0154,-0.0035,0.0878,-0.0645,90.8692,0.0003,-0.0003,-0.0003
117.4001,0.0123,-0.0114,-1.2286,-0.0150,-0.0154,-0.0035,0.0878,-0.0645,90.8692,0.0003,-0.0003,-0.0003
117.5001,0.0123,-0.0114,-1.2286,-0.0150,-0.0154,-0.0035,0.0878,-0.0645,90.8692,0.0003,-0.0003,-0.0003
117.6000,0.0123,-0.0114,-1.2286,-0.0150,-0.0154,-0.0035,0.0878,-0.0645,90.8692,0.0003,-0.0003,-0.0003
117.7001,0.0123,-0.0114,-1.2286,-0.0150,-0.0154,-0.0035,0.0878,-0.0645,90.8692,0.0003,-0.0003,-0.0003
117.7999,0.0123,-0.0114,-1.2286,-0.0150,-0.0154,-0.0035,0.0878,-0.0645,90.8692,0.0003,-0.0003,-0.0003
117.9001,0.0123,-0.0114,-1.2286,-0.0150,-0.0154,-0.0035,0.0878,-0.0645,90.8692,0.0003,-0.0003,-0.0003
117.9999,0.0123,-0.0114,-1.2286,-0.0150,-0.0154,-0.0035,0.0878,-0.0645,90.8692,0.0003,-0.0003,-0.0003
118.1000,0.0123,-0.0114,-1.2286,-0.0150,-0.0154,-0.0035,0.0878,-0.0645,90.8692,0.0003,-0.0003,-0.0003
118.1999,0.0123,-0.0114,-1.2286,-0.0150,-0.0154,-0.0035,0.0878,-0.0645,90.8692,0.0003,-0.0003,-0.0003
118.2999,0.0123,-0.0114,-1.2286,-0.0150,-0.0154,-0.0035,0.0878,-0.0645,90.8692,0.0003,-0.0003,-0.0003
118.3999,0.0123,-0.0114,-1.2286,-0.0150,-0.0154,-0.0035,0.0878,-0.0645,90.8692,0.0003,-0.0003,-0.0003
118.4999,0.0123,-0.0114,-1.2286,-0.0150,-0.0154,-0.0035,0.0878,-0.0645,90.8692,0.0003,-0.0003,-0.0003
118.6000,0.0123,-0.0114,-1.2286,-0.0150,-0.0154,-0.0035,0.0878,-0.0645,90.8692,0.0003,-0.0003,-0.0003
118.7000,0.0123,-0.0114,-1.2286,-0.0150,-0.0154,-0.0035,0.0878,-0.0645,90.8692,0.0003,-0.0003,-0.0003
118.8000,0.0123,-0.0114,-1.2286,-0.0150,-0.0154,-0.0035,0.0878,-0.0645,90.8692,0.0003,-0.0003,-0.0003
118.9000,0.0123,-0.0114,-1.2286,-0.0150,-0.0154,-0.0035,0.0878,-0.0645,90.8692,0.0003,-0.0003,-0.0003
119.0000,0.0123,-0.0114,-1.2286,-0.0150,-0.0154,-0.0035,0.0878,-0.0645,90.8692,0.0003,-0.0003,-0.0003
119.1000,0.0123,-0.0114,-1.2286,-0.0150,-0.0154,-0.0035,0.0878,-0.0645,90.8692,0.0003,-0.0003,-0.0003
119.2001,0.0123,-0.0114,-1.2286,-0.0150,-0.0154,-0.0035,0.0878,-0.0645,90.8692,0.0003,-0.0003,-0.0003
119.3000,0.0123,-0.0114,-1.2286,-0.0150,-0.0154,-0.0035,0.0878,-0.0645,90.8692,0.0003,-0.0003,-0.0003
119.3999,0.0123,-0.0114,-1.2286,-0.0150,-0.0154,-0.0035,0.0878,-0.0645,90.8692,0.0003,-0.0003,-0.0003
119.5001,0.0123,-0.0114,-1.2286,-0.0150,-0.0154,-0.0035,0.0878,-0.0645,90.8692,0.0003,-0.0003,-0.0003
119.5999,0.0123,-0.0114,-1.2286,-0.0150,-0.0154,-0.0035,0.0878,-0.0645,90.8692,0.0003,-0.0003,-0.0003
119.6999,0.0123,-0.0114,-1.2286,-0.0150,-0.0154,-0.0035,0.0878,-0.0645,90.8692,0.0003,-0.0003,-0.0003
119.8001,0.0123,-0.0114,-1.2286,-0.0150,-0.0154,-0.0035,0.0878,-0.0645,90.8692,0.0003,-0.0003,-0.0003
119.9000,0.0123,-0.0114,-1.2286,-0.0150,-0.0154,-0.0035,0.0878,-0.0645,90.8692,0.0003,-0.0003,-0.0003
120.0002,0.0123,-0.0114,-1.2286,-0.0150,-0.0154,-0.0035,0.0878,-0.0645,90.8692,0.0003,-0.0003,-0.0003
120.1000,0.0123,-0.0114,-1.2286,-0.0150,-0.0154,-0.0035,0.0878,-0.0645,90.8692,0.0003,-0.0003,-0.0003
120.1999,0.0123,-0.0114,-1.2286,-0.0150,-0.0154,-0.0035,0.0878,-0.0645,90.8692,0.0003,-0.0003,-0.0003
120.2999,0.0123,-0.0114,-1.2286,-0.0150,-0.0154,-0.0035,0.0878,-0.0645,90.8692,0.0003,-0.0003,-0.0003
120.3999,0.0123,-0.0114,-1.2286,-0.0150,-0.0154,-0.0035,0.0878,-0.0645,90.8692,0.0003,-0.0003,-0.0003
120.5000,0.0123,-0.0114,-1.2286,-0.0150,-0.0154,-0.0035,0.0878,-0.0645,90.8692,0.0003,-0.0003,-0.0003
120.5999,0.0123,-0.0114,-1.2286,-0.0150,-0.0154,-0.0035,0.0878,-0.0645,90.8692,0.0003,-0.0003,-0.0003
120.7000,0.0123,-0.0114,-1.2286,-0.0150,-0.0154,-0.0035,0.0878,-0.0645,90.8692,0.0003,-0.0003,-0.0003
120.8000,0.0123,-0.0114,-1.2286,-0.0150,-0.0154,-0.0035,0.0878,-0.0645,90.8692,0.0003,-0.0003,-0.0003
120.9000,0.0123,-0.0114,-1.2286,-0.0150,-0.0154,-0.0035,0.0878,-0.0645,90.8692,0.0003,-0.0003,-0.0003
121.0000,0.0123,-0.0114,-1.2286,-0.0150,-0.0154,-0.0035,0.0878,-0.0645,90.8692,0.0003,-0.0003,-0.0003
121.1000,0.0123,-0.0114,-1.2286,-0.0150,-0.0154,-0.0035,0.0878,-0.0645,90.8692,0.0003,-0.0003,-0.0003
121.2001,0.0123,-0.0114,-1.2113,-0.0149,-0.0154,-0.0033,0.0882,-0.0647,90.8606,0.0004,-0.0003,-0.0003
121.3001,0.0123,-0.0114,-1.2113,-0.0149,-0.0154,-0.0033,0.0882,-0.0647,90.8606,0.0004,-0.0003,-0.0003
121.4000,0.0123,-0.0114,-1.2113,-0.0149,-0.0154,-0.0033,0.0882,-0.0647,90.8606,0.0004,-0.0003,-0.0003
121.5000,0.0123,-0.0114,-1.2113,-0.0149,-0.0154,-0.0033,0.0882,-0.0647,90.8606,0.0004,-0.0003,-0.0003
121.6000,0.0123,-0.0114,-1.2113,-0.0149,-0.0154,-0.0033,0.0882,-0.0647,90.8606,0.0004,-0.0003,-0.0003
121.6999,0.0123,-0.0114,-1.2113,-0.0149,-0.0154,-0.0033,0.0882,-0.0647,90.8606,0.0004,-0.0003,-0.0003
121.7999,0.0123,-0.0114,-1.2113,-0.0149,-0.0154,-0.0033,0.0882,-0.0647,90.8606,0.0004,-0.0003,-0.0003
121.9000,0.0123,-0.0114,-1.2113,-0.0149,-0.0154,-0.0033,0.0882,-0.0647,90.8606,0.0004,-0.0003,-0.0003
121.9999,0.0123,-0.0114,-1.2113,-0.0149,-0.0154,-0.0033,0.0882,-0.0647,90.8606,0.0004,-0.0003,-0.0003
122.0999,0.0123,-0.0114,-1.2113,-0.0149,-0.0154,-0.0033,0.0882,-0.0647,90.8606,0.0004,-0.0003,-0.0003
122.2001,0.0123,-0.0114,-1.2113,-0.0149,-0.0154,-0.0033,0.0882,-0.0647,90.8606,0.0004,-0.0003,-0.0003
122.3000,0.0123,-0.0114,-1.2113,-0.0149,-0.0154,-0.0033,0.0882,-0.0647,90.8606,0.0004,-0.0003,-0.0003
122.4000,0.0123,-0.0114,-1.2113,-0.0149,-0.0154,-0.0033,0.0882,-0.0647,90.8606,0.0004,-0.0003,-0.0003
122.5001,0.0123,-0.0114,-1.2113,-0.0149,-0.0154,-0.0033,0.0882,-0.0647,90.8606,0.0004,-0.0003,-0.0003
122.6000,0.0123,-0.0114,-1.2113,-0.0149,-0.0154,-0.0033,0.0882,-0.0647,90.8606,0.0004,-0.0003,-0.0003
122.7000,0.0123,-0.0114,-1.2113,-0.0149,-0.0154,-0.0033,0.0882,-0.0647,90.8606,0.0004,-0.0003,-0.0003
122.8000,0.0123,-0.0114,-1.2113,-0.0149,-0.0154,-0.0033,0.0882,-0.0647,90.8606,0.0004,-0.0003,-0.0003
122.9001,0.0123,-0.0114,-1.2113,-0.0149,-0.0154,-0.0033,0.0882,-0.0647,90.8606,0.0004,-0.0003,-0.0003
122.9999,0.0123,-0.0114,-1.2113,-0.0149,-0.0154,-0.0033,0.0882,-0.0647,90.8606,0.0004,-0.0003,-0.0003
123.1000,0.0123,-0.0114,-1.2113,-0.0149,-0.0154,-0.0033,0.0882,-0.0647,90.8606,0.0004,-0.0003,-0.0003
123.2000,0.0123,-0.0114,-1.2113,-0.0149,-0.0154,-0.0033,0.0882,-0.0647,90.8606,0.0004,-0.0003,-0.0003
123.3001,0.0123,-0.0114,-1.2113,-0.0149,-0.0154,-0.0033,0.0882,-0.0647,90.8606,0.0004,-0.0003,-0.0003
123.4000,0.0123,-0.0114,-1.2113,-0.0149,-0.0154,-0.0033,0.0882,-0.0647,90.8606,0.0004,-0.0003,-0.0003
123.4999,0.0123,-0.0114,-1.2113,-0.0149,-0.0154,-0.0033,0.0882,-0.0647,90.8606,0.0004,-0.0003,-0.0003
123.6000,0.0123,-0.0114,-1.2113,-0.0149,-0.0154,-0.0033,0.0882,-0.0647,90.8606,0.0004,-0.0003,-0.0003
123.7001,0.0123,-0.0114,-1.2113,-0.0149,-0.0154,-0.0033,0.0882,-0.0647,90.8606,0.0004,-0.0003,-0.0003
123.8000,0.0123,-0.0114,-1.2113,-0.0149,-0.0154,-0.0033,0.0882,-0.0647,90.8606,0.0004,-0.0003,-0.0003
123.9000,0.0123,-0.0114,-1.2113,-0.0149,-0.0154,-0.0033,0.0882,-0.0647,90.8606,0.0004,-0.0003,-0.0003
123.9999,0.0123,-0.0114,-1.2113,-0.0149,-0.0154,-0.0033,0.0882,-0.0647,90.8606,0.0004,-0.0003,-0.0003
124.1000,0.0123,-0.0114,-1.2113,-0.0149,-0.0154,-0.0033,0.0882,-0.0647,90.8606,0.0004,-0.0003,-0.0003
124.2000,0.0123,-0.0114,-1.2113,-0.0149,-0.0154,-0.0033,0.0882,-0.0647,90.8606,0.0004,-0.0003,-0.0003
124.3001,0.0123,-0.0114,-1.2113,-0.0149,-0.0154,-0.0033,0.0882,-0.0647,90.8606,0.0004,-0.0003,-0.0003
124.4000,0.0123,-0.0114,-1.2113,-0.0149,-0.0154,-0.0033,0.0882,-0.0647,90.8606,0.0004,-0.0003,-0.0003
124.5000,0.0123,-0.0114,-1.2113,-0.0149,-0.0154,-0.0033,0.0882,-0.0647,90.8606,0.0004,-0.0003,-0.0003
124.6000,0.0123,-0.0114,-1.2113,-0.0149,-0.0154,-0.0033,0.0882,-0.0647,90.8606,0.0004,-0.0003,-0.0003
124.6999,0.0123,-0.0114,-1.2113,-0.0149,-0.0154,-0.0033,0.0882,-0.0647,90.8606,0.0004,-0.0003,-0.0003
124.8001,0.0123,-0.0114,-1.2113,-0.0149,-0.0154,-0.0033,0.0882,-0.0647,90.8606,0.0004,-0.0003,-0.0003
124.9000,0.0123,-0.0114,-1.2113,-0.0149,-0.0154,-0.0033,0.0882,-0.0647,90.8606,0.0004,-0.0003,-0.0003
125.0000,0.0123,-0.0114,-1.2113,-0.0149,-0.0154,-0.0033,0.0882,-0.0647,90.8606,0.0004,-0.0003,-0.0003
125.1000,0.0123,-0.0114,-1.2113,-0.0149,-0.0154,-0.0033,0.0882,-0.0647,90.8606,0.0004,-0.0003,-0.0003
125.2000,0.0123,-0.0114,-1.2113,-0.0149,-0.0154,-0.0033,0.0882,-0.0647,90.8606,0.0004,-0.0003,-0.0003
125.2999,0.0123,-0.0114,-1.2113,-0.0149,-0.0154,-0.0033,0.0882,-0.0647,90.8606,0.0004,-0.0003,-0.0003
125.4000,0.0123,-0.0114,-1.2113,-0.0149,-0.0154,-0.0033,0.0882,-0.0647,90.8606,0.0004,-0.0003,-0.0003
125.5000,0.0122,-0.0114,-1.1944,-0.0147,-0.0152,-0.0036,0.0884,-0.0650,90.8525,0.0001,-0.0003,-0.0004
125.5999,0.0122,-0.0114,-1.1944,-0.0147,-0.0152,-0.0036,0.0884,-0.0650,90.8525,0.0001,-0.0003,-0.0004
125.7001,0.0122,-0.0114,-1.1944,-0.0147,-0.0152,-0.0036,0.0884,-0.0650,90.8525,0.0001,-0.0003,-0.0004
125.8000,0.0122,-0.0114,-1.1944,-0.0147,-0.0152,-0.0036,0.0884,-0.0650,90.8525,0.0001,-0.0003,-0.0004
125.9001,0.0122,-0.0114,-1.1944,-0.0147,-0.0152,-0.0036,0.0884,-0.0650,90.8525,0.0001,-0.0003,-0.0004
126.0000,0.0122,-0.0114,-1.1944,-0.0147,-0.0152,-0.0036,0.0884,-0.0650,90.8525,0.0001,-0.0003,-0.0004
126.1001,0.0122,-0.0114,-1.1944,-0.0147,-0.0152,-0.0036,0.0884,-0.0650,90.8525,0.0001,-0.0003,-0.0004
126.2001,0.0122,-0.0114,-1.1944,-0.0147,-0.0152,-0.0036,0.0884,-0.0650,90.8525,0.0001,-0.0003,-0.0004
126.3000,0.0122,-0.0114,-1.1944,-0.0147,-0.0152,-0.0036,0.0884,-0.0650,90.8525,0.0001,-0.0003,-0.0004
126.4000,0.0122,-0.0114,-1.1944,-0.0147,-0.0152,-0.0036,0.0884,-0.0650,90.8525,0.0001,-0.0003,-0.0004
126.4999,0.0122,-0.0114,-1.1944,-0.0147,-0.0152,-0.0036,0.0884,-0.0650,90.8525,0.0001,-0.0003,-0.0004
126.6000,0.0122,-0.0114,-1.1944,-0.0147,-0.0152,-0.0036,0.0884,-0.0650,90.8525,0.0001,-0.0003,-0.0004
126.6999,0.0122,-0.0114,-1.1944,-0.0147,-0.0152,-0.0036,0.0884,-0.0650,90.8525,0.0001,-0.0003,-0.0004
126.8001,0.0122,-0.0114,-1.1944,-0.0147,-0.0152,-0.0036,0.0884,-0.0650,90.8525,0.0001,-0.0003,-0.0004
126.8999,0.0122,-0.0114,-1.1944,-0.0147,-0.0152,-0.0036,0.0884,-0.0650,90.8525,0.0001,-0.0003,-0.0004
127.0000,0.0122,-0.0114,-1.1944,-0.0147,-0.0152,-0.0036,0.0884,-0.0650,90.8525,0.0001,-0.0003,-0.0004
127.1000,0.0122,-0.0114,-1.1944,-0.0147,-0.0152,-0.0036,0.0884,-0.0650,90.8525,0.0001,-0.0003,-0.0004
127.2000,0.0122,-0.0114,-1.1944,-0.0147,-0.0152,-0.0036,0.0884,-0.0650,90.8525,0.0001,-0.0003,-0.0004
127.3001,0.0122,-0.0114,-1.1944,-0.0147,-0.0152,-0.0036,0.0884,-0.0650,90.8525,0.0001,-0.0003,-0.0004
127.4000,0.0122,-0.0114,-1.1944,-0.0147,-0.0152,-0.0036,0.0884,-0.0650,90.8525,0.0001,-0.0003,-0.0004
127.5001,0.0122,-0.0114,-1.1944,-0.0147,-0.0152,-0.0036,0.0884,-0.0650,90.8525,0.0001,-0.0003,-0.0004
127.6000,0.0122,-0.0114,-1.1944,-0.0147,-0.0152,-0.0036,0.0884,-0.0650,90.8525,0.0001,-0.0003,-0.0004
127.7001,0.0122,-0.0114,-1.1944,-0.0147,-0.0152,-0.0036,0.0884,-0.0650,90.8525,0.0001,-0.0003,-0.0004
127.8000,0.0122,-0.0114,-1.1944,-0.0147,-0.0152,-0.0036,0.0884,-0.0650,90.8525,0.0001,-0.0003,-0.0004
127.9000,0.0122,-0.0114,-1.1944,-0.0147,-0.0152,-0.0036,0.0884,-0.0650,90.8525,0.0001,-0.0003,-0.0004
128.0000,0.0122,-0.0114,-1.1944,-0.0147,-0.0152,-0.0036,0.0884,-0.0650,90.8525,0.0001,-0.0003,-0.0004
128.1000,0.0122,-0.0114,-1.1944,-0.0147,-0.0152,-0.0036,0.0884,-0.0650,90.8525,0.0001,-0.0003,-0.0004
128.2000,0.0122,-0.0114,-1.1944,-0.0147,-0.0152,-0.0036,0.0884,-0.0650,90.8525,0.0001,-0.0003,-0.0004
128.3000,0.0122,-0.0114,-1.1944,-0.0147,-0.0152,-0.0036,0.0884,-0.0650,90.8525,0.0001,-0.0003,-0.0004
128.3999,0.0122,-0.0114,-1.1944,-0.0147,-0.0152,-0.0036,0.0884,-0.0650,90.8525,0.0001,-0.0003,-0.0004
128.5000,0.0122,-0.0114,-1.1944,-0.0147,-0.0152,-0.0036,0.0884,-0.0650,90.8525,0.0001,-0.0003,-0.0004
128.6000,0.0122,-0.0114,-1.1944,-0.0147,-0.0152,-0.0036,0.0884,-0.0650,90.8525,0.0001,-0.0003,-0.0004
128.7000,0.0122,-0.0114,-1.1944,-0.0147,-0.0152,-0.0036,0.0884,-0.0650,90.8525,0.0001,-0.0003,-0.0004
128.8000,0.0122,-0.0114,-1.1944,-0.0147,-0.0152,-0.0036,0.0884,-0.0650,90.8525,0.0001,-0.0003,-0.0004
128.9000,0.0122,-0.0114,-1.1944,-0.0147,-0.0152,-0.0036,0.0884,-0.0650,90.8525,0.0001,-0.0003,-0.0004
129.0001,0.0122,-0.0114,-1.1944,-0.0147,-0.0152,-0.0036,0.0884,-0.0650,90.8525,0.0001,-0.0003,-0.0004
129.1000,0.0122,-0.0114,-1.1944,-0.0147,-0.0152,-0.0036,0.0884,-0.0650,90.8525,0.0001,-0.0003,-0.0004
129.1999,0.0122,-0.0114,-1.1944,-0.0147,-0.0152,-0.0036,0.0884,-0.0650,90.8525,0.0001,-0.0003,-0.0004
129.3000,0.0122,-0.0114,-1.1944,-0.0147,-0.0152,-0.0036,0.0884,-0.0650,90.8525,0.0001,-0.0003,-0.0004
129.4000,0.0122,-0.0114,-1.1944,-0.0147,-0.0152,-0.0036,0.0884,-0.0650,90.8525,0.0001,-0.0003,-0.0004
129.5001,0.0122,-0.0114,-1.1944,-0.0147,-0.0152,-0.0036,0.0884,-0.0650,90.8525,0.0001,-0.0003,-0.0004
129.6000,0.0122,-0.0114,-1.1944,-0.0147,-0.0152,-0.0036,0.0884,-0.0650,90.8525,0.0001,-0.0003,-0.0004
129.7001,0.0122,-0.0114,-1.1944,-0.0147,-0.0152,-0.0036,0.0884,-0.0650,90.8525,0.0001,-0.0003,-0.0004
129.7999,0.0122,-0.0114,-1.1778,-0.0146,-0.0151,-0.0037,0.0877,-0.0647,90.8436,0.0004,-0.0003,-0.0003
129.8999,0.0122,-0.0114,-1.1778,-0.0146,-0.0151,-0.0037,0.0877,-0.0647,90.8436,0.0004,-0.0003,-0.0003
130.0000,0.0122,-0.0114,-1.1778,-0.0146,-0.0151,-0.0037,0.0877,-0.0647,90.8436,0.0004,-0.0003,-0.0003
130.1000,0.0122,-0.0114,-1.1778,-0.0146,-0.0151,-0.0037,0.0877,-0.0647,90.8436,0.0004,-0.0003,-0.0003
130.2000,0.0122,-0.0114,-1.1778,-0.0146,-0.0151,-0.0037,0.0877,-0.0647,90.8436,0.0004,-0.0003,-0.0003
130.2999,0.0122,-0.0114,-1.1778,-0.0146,-0.0151,-0.0037,0.0877,-0.0647,90.8436,0.0004,-0.0003,-0.0003
130.4000,0.0122,-0.0114,-1.1778,-0.0146,-0.0151,-0.0037,0.0877,-0.0647,90.8436,0.0004,-0.0003,-0.0003
130.4999,0.0122,-0.0114,-1.1778,-0.0146,-0.0151,-0.0037,0.0877,-0.0647,90.8436,0.0004,-0.0003,-0.0003
130.5999,0.0122,-0.0114,-1.1778,-0.0146,-0.0151,-0.0037,0.0877,-0.0647,90.8436,0.0004,-0.0003,-0.0003
130.7000,0.0122,-0.0114,-1.1778,-0.0146,-0.0151,-0.0037,0.0877,-0.0647,90.8436,0.0004,-0.0003,-0.0003
130.7999,0.0122,-0.0114,-1.1778,-0.0146,-0.0151,-0.0037,0.0877,-0.0647,90.8436,0.0004,-0.0003,-0.0003
130.8999,0.0122,-0.0114,-1.1778,-0.0146,-0.0151,-0.0037,0.0877,-0.0647,90.8436,0.0004,-0.0003,-0.0003
131.0000,0.0122,-0.0114,-1.1778,-0.0146,-0.0151,-0.0037,0.0877,-0.0647,90.8436,0.0004,-0.0003,-0.0003
131.0999,0.0122,-0.0114,-1.1778,-0.0146,-0.0151,-0.0037,0.0877,-0.0647,90.8436,0.0004,-0.0003,-0.0003
131.2000,0.0122,-0.0114,-1.1778,-0.0146,-0.0151,-0.0037,0.0877,-0.0647,90.8436,0.0004,-0.0003,-0.0003
131.3001,0.0122,-0.0114,-1.1778,-0.0146,-0.0151,-0.0037,0.0877,-0.0647,90.8436,0.0004,-0.0003,-0.0003
131.4000,0.0122,-0.0114,-1.1778,-0.0146,-0.0151,-0.0037,0.0877,-0.0647,90.8436,0.0004,-0.0003,-0.0003
131.5000,0.0122,-0.0114,-1.1778,-0.0146,-0.0151,-0.0037,0.0877,-0.0647,90.8436,0.0004,-0.0003,-0.0003
131.5999,0.0122,-0.0114,-1.1778,-0.0146,-0.0151,-0.0037,0.0877,-0.0647,90.8436,0.0004,-0.0003,-0.0003
131.7001,0.0122,-0.0114,-1.1778,-0.0146,-0.0151,-0.0037,0.0877,-0.0647,90.8436,0.0004,-0.0003,-0.0003
131.8001,0.0122,-0.0114,-1.1778,-0.0146,-0.0151,-0.0037,0.0877,-0.0647,90.8436,0.0004,-0.0003,-0.0003
131.9000,0.0122,-0.0114,-1.1778,-0.0146,-0.0151,-0.0037,0.0877,-0.0647,90.8436,0.0004,-0.0003,-0.0003
131.9999,0.0122,-0.0114,-1.1778,-0.0146,-0.0151,-0.0037,0.0877,-0.0647,90.8436,0.0004,-0.0003,-0.0003
132.1000,0.0122,-0.0114,-1.1778,-0.0146,-0.0151,-0.0037,0.0877,-0.0647,90.8436,0.0004,-0.0003,-0.0003
132.2000,0.0122,-0.0114,-1.1778,-0.0146,-0.0151,-0.0037,0.0877,-0.0647,90.8436,0.0004,-0.0003,-0.0003
132.3000,0.0122,-0.0114,-1.1778,-0.0146,-0.0151,-0.0037,0.0877,-0.0647,90.8436,0.0004,-0.0003,-0.0003
132.3999,0.0122,-0.0114,-1.1778,-0.0146,-0.0151,-0.0037,0.0877,-0.0647,90.8436,0.0004,-0.0003,-0.0003
132.5000,0.0122,-0.0114,-1.1778,-0.0146,-0.0151,-0.0037,0.0877,-0.0647,90.8436,0.0004,-0.0003,-0.0003
132.5999,0.0122,-0.0114,-1.1778,-0.0146,-0.0151,-0.0037,0.0877,-0.0647,90.8436,0.0004,-0.0003,-0.0003
132.7000,0.0122,-0.0114,-1.1778,-0.0146,-0.0151,-0.0037,0.0877,-0.0647,90.8436,0.0004,-0.0003,-0.0003
132.7999,0.0122,-0.0114,-1.1778,-0.0146,-0.0151,-0.0037,0.0877,-0.0647,90.8436,0.0004,-0.0003,-0.0003
132.8999,0.0122,-0.0114,-1.1778,-0.0146,-0.0151,-0.0037,0.0877,-0.0647,90.8436,0.0004,-0.0003,-0.0003
132.9999,0.0122,-0.0114,-1.1778,-0.0146,-0.0151,-0.0037,0.0877,-0.0647,90.8436,0.0004,-0.0003,-0.0003
133.1001,0.0122,-0.0114,-1.1778,-0.0146,-0.0151,-0.0037,0.0877,-0.0647,90.8436,0.0004,-0.0003,-0.0003
133.2000,0.0122,-0.0114,-1.1778,-0.0146,-0.0151,-0.0037,0.0877,-0.0647,90.8436,0.0004,-0.0003,-0.0003
133.3000,0.0122,-0.0114,-1.1778,-0.0146,-0.0151,-0.0037,0.0877,-0.0647,90.8436,0.0004,-0.0003,-0.0003
133.4001,0.0122,-0.0114,-1.1778,-0.0146,-0.0151,-0.0037,0.0877,-0.0647,90.8436,0.0004,-0.0003,-0.0003
133.5000,0.0122,-0.0114,-1.1778,-0.0146,-0.0151,-0.0037,0.0877,-0.0647,90.8436,0.0004,-0.0003,-0.0003
133.5999,0.0122,-0.0114,-1.1778,-0.0146,-0.0151,-0.0037,0.0877,-0.0647,90.8436,0.0004,-0.0003,-0.0003
133.6999,0.0122,-0.0114,-1.1778,-0.0146,-0.0151,-0.0037,0.0877,-0.0647,90.8436,0.0004,-0.0003,-0.0003
133.8001,0.0122,-0.0114,-1.1778,-0.0146,-0.0151,-0.0037,0.0877,-0.0647,90.8436,0.0004,-0.0003,-0.0003
133.9002,0.0122,-0.0114,-1.1778,-0.0146,-0.0151,-0.0037,0.0877,-0.0647,90.8436,0.0004,-0.0003,-0.0003
134.0000,0.0122,-0.0114,-1.1778,-0.0146,-0.0151,-0.0037,0.0877,-0.0647,90.8436,0.0004,-0.0003,-0.0003
134.1000,0.0121,-0.0113,-1.1613,-0.0145,-0.0152,-0.0036,0.0873,-0.0644,90.8350,0.0004,-0.0002,-0.0003
134.1999,0.0121,-0.0113,-1.1613,-0.0145,-0.0152,-0.0036,0.0873,-0.0644,90.8350,0.0004,-0.0002,-0.0003
134.2999,0.0121,-0.0113,-1.1613,-0.0145,-0.0152,-0.0036,0.0873,-0.0644,90.8350,0.0004,-0.0002,-0.0003
134.3999,0.0121,-0.0113,-1.1613,-0.0145,-0.0152,-0.0036,0.0873,-0.0644,90.8350,0.0004,-0.0002,-0.0003
134.4999,0.0121,-0.0113,-1.1613,-0.0145,-0.0152,-0.0036,0.0873,-0.0644,90.8350,0.0004,-0.0002,-0.0003
134.6000,0.0121,-0.0113,-1.1613,-0.0145,-0.0152,-0.0036,0.0873,-0.0644,90.8350,0.0004,-0.0002,-0.0003
134.7000,0.0121,-0.0113,-1.1613,-0.0145,-0.0152,-0.0036,0.0873,-0.0644,90.8350,0.0004,-0.0002,-0.0003
134.8001,0.0121,-0.0113,-1.1613,-0.0145,-0.0152,-0.0036,0.0873,-0.0644,90.8350,0.0004,-0.0002,-0.0003
134.9001,0.0121,-0.0113,-1.1613,-0.0145,-0.0152,-0.0036,0.0873,-0.0644,90.8350,0.0004,-0.0002,-0.0003
135.0000,0.0121,-0.0113,-1.1613,-0.0145,-0.0152,-0.0036,0.0873,-0.0644,90.8350,0.0004,-0.0002,-0.0003
135.1001,0.0121,-0.0113,-1.1613,-0.0145,-0.0152,-0.0036,0.0873,-0.0644,90.8350,0.0004,-0.0002,-0.0003
135.2000,0.0121,-0.0113,-1.1613,-0.0145,-0.0152,-0.0036,0.0873,-0.0644,90.8350,0.0004,-0.0002,-0.0003
135.2999,0.0121,-0.0113,-1.1613,-0.0145,-0.0152,-0.0036,0.0873,-0.0644,90.8350,0.0004,-0.0002,-0.0003
135.4000,0.0121,-0.0113,-1.1613,-0.0145,-0.0152,-0.0036,0.0873,-0.0644,90.8350,0.0004,-0.0002,-0.0003
135.5000,0.0121,-0.0113,-1.1613,-0.0145,-0.0152,-0.0036,0.0873,-0.0644,90.8350,0.0004,-0.0002,-0.0003
135.6000,0.0121,-0.0113,-1.1613,-0.0145,-0.0152,-0.0036,0.0873,-0.0644,90.8350,0.0004,-0.0002,-0.0003
135.6999,0.0121,-0.0113,-1.1613,-0.0145,-0.0152,-0.0036,0.0873,-0.0644,90.8350,0.0004,-0.0002,-0.0003
135.7999,0.0121,-0.0113,-1.1613,-0.0145,-0.0152,-0.0036,0.0873,-0.0644,90.8350,0.0004,-0.0002,-0.0003
135.8999,0.0121,-0.0113,-1.1613,-0.0145,-0.0152,-0.0036,0.0873,-0.0644,90.8350,0.0004,-0.0002,-0.0003
135.9999,0.0121,-0.0113,-1.1613,-0.0145,-0.0152,-0.0036,0.0873,-0.0644,90.8350,0.0004,-0.0002,-0.0003
136.1000,0.0121,-0.0113,-1.1613,-0.0145,-0.0152,-0.0036,0.0873,-0.0644,90.8350,0.0004,-0.0002,-0.0003
136.2000,0.0121,-0.0113,-1.1613,-0.0145,-0.0152,-0.0036,0.0873,-0.0644,90.8350,0.0004,-0.0002,-0.0003
136.3000,0.0121,-0.0113,-1.1613,-0.0145,-0.0152,-0.0036,0.0873,-0.0644,90.8350,0.0004,-0.0002,-0.0003
136.4000,0.0121,-0.0113,-1.1613,-0.0145,-0.0152,-0.0036,0.0873,-0.0644,90.8350,0.0004,-0.0002,-0.0003
136.5000,0.0121,-0.0113,-1.1613,-0.0145,-0.0152,-0.0036,0.0873,-0.0644,90.8350,0.0004,-0.0002,-0.0003
136.5999,0.0121,-0.0113,-1.1613,-0.0145,-0.0152,-0.0036,0.0873,-0.0644,90.8350,0.0004,-0.0002,-0.0003
136.6999,0.0121,-0.0113,-1.1613,-0.0145,-0.0152,-0.0036,0.0873,-0.0644,90.8350,0.0004,-0.0002,-0.0003
136.7999,0.0121,-0.0113,-1.1613,-0.0145,-0.0152,-0.0036,0.0873,-0.0644,90.8350,0.0004,-0.0002,-0.0003
136.9000,0.0121,-0.0113,-1.1613,-0.0145,-0.0152,-0.0036,0.0873,-0.0644,90.8350,0.0004,-0.0002,-0.0003
137.0001,0.0121,-0.0113,-1.1613,-0.0145,-0.0152,-0.0036,0.0873,-0.0644,90.8350,0.0004,-0.0002,-0.0003
137.0999,0.0121,-0.0113,-1.1613,-0.0145,-0.0152,-0.0036,0.0873,-0.0644,90.8350,0.0004,-0.0002,-0.0003
137.2000,0.0121,-0.0113,-1.1613,-0.0145,-0.0152,-0.0036,0.0873,-0.0644,90.8350,0.0004,-0.0002,-0.0003
137.2999,0.0121,-0.0113,-1.1613,-0.0145,-0.0152,-0.0036,0.0873,-0.0644,90.8350,0.0004,-0.0002,-0.0003
137.4000,0.0121,-0.0113,-1.1613,-0.0145,-0.0152,-0.0036,0.0873,-0.0644,90.8350,0.0004,-0.0002,-0.0003
137.5001,0.0121,-0.0113,-1.1613,-0.0145,-0.0152,-0.0036,0.0873,-0.0644,90.8350,0.0004,-0.0002,-0.0003
137.6000,0.0121,-0.0113,-1.1613,-0.0145,-0.0152,-0.0036,0.0873,-0.0644,90.8350,0.0004,-0.0002,-0.0003
137.6999,0.0121,-0.0113,-1.1613,-0.0145,-0.0152,-0.0036,0.0873,-0.0644,90.8350,0.0004,-0.0002,-0.0003
137.8000,0.0121,-0.0113,-1.1613,-0.0145,-0.0152,-0.0036,0.0873,-0.0644,90.8350,0.0004,-0.0002,-0.0003
137.9001,0.0121,-0.0113,-1.1613,-0.0145,-0.0152,-0.0036,0.0873,-0.0644,90.8350,0.0004,-0.0002,-0.0003
137.9999,0.0121,-0.0113,-1.1613,-0.0145,-0.0152,-0.0036,0.0873,-0.0644,90.8350,0.0004,-0.0002,-0.0003
138.0999,0.0121,-0.0113,-1.1613,-0.0145,-0.0152,-0.0036,0.0873,-0.0644,90.8350,0.0004,-0.0002,-0.0003
138.2000,0.0121,-0.0113,-1.1613,-0.0145,-0.0152,-0.0036,0.0873,-0.0644,90.8350,0.0004,-0.0002,-0.0003
138.3000,0.0121,-0.0113,-1.1613,-0.0145,-0.0152,-0.0036,0.0873,-0.0644,90.8350,0.0004,-0.0002,-0.0003
138.4000,0.0122,-0.0112,-1.1450,-0.0143,-0.0152,-0.0035,0.0879,-0.0643,90.8267,0.0002,-0.0001,-0.0004
138.5000,0.0122,-0.0112,-1.1450,-0.0143,-0.0152,-0.0035,0.0879,-0.0643,90.8267,0.0002,-0.0001,-0.0004
138.6000,0.0122,-0.0112,-1.1450,-0.0143,-0.0152,-0.0035,0.0879,-0.0643,90.8267,0.0002,-0.0001,-0.0004
138.7000,0.0122,-0.0112,-1.1450,-0.0143,-0.0152,-0.0035,0.0879,-0.0643,90.8267,0.0002,-0.0001,-0.0004
138.8000,0.0122,-0.0112,-1.1450,-0.0143,-0.0152,-0.0035,0.0879,-0.0643,90.8267,0.0002,-0.0001,-0.0004
138.8999,0.0122,-0.0112,-1.1450,-0.0143,-0.0152,-0.0035,0.0879,-0.0643,90.8267,0.0002,-0.0001,-0.0004
138.9999,0.0122,-0.0112,-1.1450,-0.0143,-0.0152,-0.0035,0.0879,-0.0643,90.8267,0.0002,-0.0001,-0.0004
139.0999,0.0122,-0.0112,-1.1450,-0.0143,-0.0152,-0.0035,0.0879,-0.0643,90.8267,0.0002,-0.0001,-0.0004
139.1999,0.0122,-0.0112,-1.1450,-0.0143,-0.0152,-0.0035,0.0879,-0.0643,90.8267,0.0002,-0.0001,-0.0004
139.3000,0.0122,-0.0112,-1.1450,-0.0143,-0.0152,-0.0035,0.0879,-0.0643,90.8267,0.0002,-0.0001,-0.0004
139.4000,0.0122,-0.0112,-1.1450,-0.0143,-0.0152,-0.0035,0.0879,-0.0643,90.8267,0.0002,-0.0001,-0.0004
139.5000,0.0122,-0.0112,-1.1450,-0.0143,-0.0152,-0.0035,0.0879,-0.0643,90.8267,0.0002,-0.0001,-0.0004
139.5999,0.0122,-0.0112,-1.1450,-0.0143,-0.0152,-0.0035,0.0879,-0.0643,90.8267,0.0002,-0.0001,-0.0004
139.6999,0.0122,-0.0112,-1.1450,-0.0143,-0.0152,-0.0035,0.0879,-0.0643,90.8267,0.0002,-0.0001,-0.0004
139.8000,0.0122,-0.0112,-1.1450,-0.0143,-0.0152,-0.0035,0.0879,-0.0643,90.8267,0.0002,-0.0001,-0.0004
139.9000,0.0122,-0.0112,-1.1450,-0.0143,-0.0152,-0.0035,0.0879,-0.0643,90.8267,0.0002,-0.0001,-0.0004
140.0000,0.0122,-0.0112,-1.1450,-0.0143,-0.0152,-0.0035,0.0879,-0.0643,90.8267,0.0002,-0.0001,-0.0004
140.1000,0.0122,-0.0112,-1.1450,-0.0143,-0.0152,-0.0035,0.0879,-0.0643,90.8267,0.0002,-0.0001,-0.0004
140.2000,0.0122,-0.0112,-1.1450,-0.0143,-0.0152,-0.0035,0.0879,-0.0643,90.8267,0.0002,-0.0001,-0.0004
140.3001,0.0122,-0.0112,-1.1450,-0.0143,-0.0152,-0.0035,0.0879,-0.0643,90.8267,0.0002,-0.0001,-0.0004
140.4000,0.0122,-0.0112,-1.1450,-0.0143,-0.0152,-0.0035,0.0879,-0.0643,90.8267,0.0002,-0.0001,-0.0004
140.5000,0.0122,-0.0112,-1.1450,-0.0143,-0.0152,-0.0035,0.0879,-0.0643,90.8267,0.0002,-0.0001,-0.0004
140.6000,0.0122,-0.0112,-1.1450,-0.0143,-0.0152,-0.0035,0.0879,-0.0643,90.8267,0.0002,-0.0001,-0.0004
140.7000,0.0122,-0.0112,-1.1450,-0.0143,-0.0152,-0.0035,0.0879,-0.0643,90.8267,0.0002,-0.0001,-0.0004
140.8000,0.0122,-0.0112,-1.1450,-0.0143,-0.0152,-0.0035,0.0879,-0.0643,90.8267,0.0002,-0.0001,-0.0004
140.9000,0.0122,-0.0112,-1.1450,-0.0143,-0.0152,-0.0035,0.0879,-0.0643,90.8267,0.0002,-0.0001,-0.0004
141.0000,0.0122,-0.0112,-1.1450,-0.0143,-0.0152,-0.0035,0.0879,-0.0643,90.8267,0.0002,-0.0001,-0.0004
141.1000,0.0122,-0.0112,-1.1450,-0.0143,-0.0152,-0.0035,0.0879,-0.0643,90.8267,0.0002,-0.0001,-0.0004
141.1999,0.0122,-0.0112,-1.1450,-0.0143,-0.0152,-0.0035,0.0879,-0.0643,90.8267,0.0002,-0.0001,-0.0004
141.3000,0.0122,-0.0112,-1.1450,-0.0143,-0.0152,-0.0035,0.0879,-0.0643,90.8267,0.0002,-0.0001,-0.0004
141.4000,0.0122,-0.0112,-1.1450,-0.0143,-0.0152,-0.0035,0.0879,-0.0643,90.8267,0.0002,-0.0001,-0.0004
141.5000,0.0122,-0.0112,-1.1450,-0.0143,-0.0152,-0.0035,0.0879,-0.0643,90.8267,0.0002,-0.0001,-0.0004
141.6000,0.0122,-0.0112,-1.1450,-0.0143,-0.0152,-0.0035,0.0879,-0.0643,90.8267,0.0002,-0.0001,-0.0004
141.6999,0.0122,-0.0112,-1.1450,-0.0143,-0.0152,-0.0035,0.0879,-0.0643,90.8267,0.0002,-0.0001,-0.0004
141.7999,0.0122,-0.0112,-1.1450,-0.0143,-0.0152,-0.0035,0.0879,-0.0643,90.8267,0.0002,-0.0001,-0.0004
141.9000,0.0122,-0.0112,-1.1450,-0.0143,-0.0152,-0.0035,0.0879,-0.0643,90.8267,0.0002,-0.0001,-0.0004
141.9999,0.0122,-0.0112,-1.1450,-0.0143,-0.0152,-0.0035,0.0879,-0.0643,90.8267,0.0002,-0.0001,-0.0004
142.0999,0.0122,-0.0112,-1.1450,-0.0143,-0.0152,-0.0035,0.0879,-0.0643,90.8267,0.0002,-0.0001,-0.0004
142.2000,0.0122,-0.0112,-1.1450,-0.0143,-0.0152,-0.0035,0.0879,-0.0643,90.8267,0.0002,-0.0001,-0.0004
142.3000,0.0122,-0.0112,-1.1450,-0.0143,-0.0152,-0.0035,0.0879,-0.0643,90.8267,0.0002,-0.0001,-0.0004
142.3999,0.0122,-0.0112,-1.1450,-0.0143,-0.0152,-0.0035,0.0879,-0.0643,90.8267,0.0002,-0.0001,-0.0004
142.4999,0.0122,-0.0112,-1.1450,-0.0143,-0.0152,-0.0035,0.0879,-0.0643,90.8267,0.0002,-0.0001,-0.0004
142.6000,0.0122,-0.0112,-1.1450,-0.0143,-0.0152,-0.0035,0.0879,-0.0643,90.8267,0.0002,-0.0001,-0.0004
142.7001,0.0121,-0.0112,-1.1290,-0.0144,-0.0152,-0.0034,0.0873,-0.0653,90.8185,0.0004,-0.0003,-0.0002
142.8001,0.0121,-0.0112,-1.1290,-0.0144,-0.0152,-0.0034,0.0873,-0.0653,90.8185,0.0004,-0.0003,-0.0002
142.9000,0.0121,-0.0112,-1.1290,-0.0144,-0.0152,-0.0034,0.0873,-0.0653,90.8185,0.0004,-0.0003,-0.0002
143.0000,0.0121,-0.0112,-1.1290,-0.0144,-0.0152,-0.0034,0.0873,-0.0653,90.8185,0.0004,-0.0003,-0.0002
143.1000,0.0121,-0.0112,-1.1290,-0.0144,-0.0152,-0.0034,0.0873,-0.0653,90.8185,0.0004,-0.0003,-0.0002
143.2000,0.0121,-0.0112,-1.1290,-0.0144,-0.0152,-0.0034,0.0873,-0.0653,90.8185,0.0004,-0.0003,-0.0002
143.3000,0.0121,-0.0112,-1.1290,-0.0144,-0.0152,-0.0034,0.0873,-0.0653,90.8185,0.0004,-0.0003,-0.0002
143.4000,0.0121,-0.0112,-1.1290,-0.0144,-0.0152,-0.0034,0.0873,-0.0653,90.8185,0.0004,-0.0003,-0.0002
143.4999,0.0121,-0.0112,-1.1290,-0.0144,-0.0152,-0.0034,0.0873,-0.0653,90.8185,0.0004,-0.0003,-0.0002
143.6000,0.0121,-0.0112,-1.1290,-0.0144,-0.0152,-0.0034,0.0873,-0.0653,90.8185,0.0004,-0.0003,-0.0002
143.7000,0.0121,-0.0112,-1.1290,-0.0144,-0.0152,-0.0034,0.0873,-0.0653,90.8185,0.0004,-0.0003,-0.0002
143.8000,0.0121,-0.0112,-1.1290,-0.0144,-0.0152,-0.0034,0.0873,-0.0653,90.8185,0.0004,-0.0003,-0.0002
143.9000,0.0121,-0.0112,-1.1290,-0.0144,-0.0152,-0.0034,0.0873,-0.0653,90.8185,0.0004,-0.0003,-0.0002
144.0000,0.0121,-0.0112,-1.1290,-0.0144,-0.0152,-0.0034,0.0873,-0.0653,90.8185,0.0004,-0.0003,-0.0002
144.1000,0.0121,-0.0112,-1.1290,-0.0144,-0.0152,-0.0034,0.0873,-0.0653,90.8185,0.0004,-0.0003,-0.0002
144.1999,0.0121,-0.0112,-1.1290,-0.0144,-0.0152,-0.0034,0.0873,-0.0653,90.8185,0.0004,-0.0003,-0.0002
144.3000,0.0121,-0.0112,-1.1290,-0.0144,-0.0152,-0.0034,0.0873,-0.0653,90.8185,0.0004,-0.0003,-0.0002
144.3999,0.0121,-0.0112,-1.1290,-0.0144,-0.0152,-0.0034,0.0873,-0.0653,90.8185,0.0004,-0.0003,-0.0002
144.4999,0.0121,-0.0112,-1.1290,-0.0144,-0.0152,-0.0034,0.0873,-0.0653,90.8185,0.0004,-0.0003,-0.0002
144.5999,0.0121,-0.0112,-1.1290,-0.0144,-0.0152,-0.0034,0.0873,-0.0653,90.8185,0.0004,-0.0003,-0.0002
144.7000,0.0121,-0.0112,-1.1290,-0.0144,-0.0152,-0.0034,0.0873,-0.0653,90.8185,0.0004,-0.0003,-0.0002
144.8000,0.0121,-0.0112,-1.1290,-0.0144,-0.0152,-0.0034,0.0873,-0.0653,90.8185,0.0004,-0.0003,-0.0002
144.9000,0.0121,-0.0112,-1.1290,-0.0144,-0.0152,-0.0034,0.0873,-0.0653,90.8185,0.0004,-0.0003,-0.0002
145.0000,0.0121,-0.0112,-1.1290,-0.0144,-0.0152,-0.0034,0.0873,-0.0653,90.8185,0.0004,-0.0003,-0.0002
145.1000,0.0121,-0.0112,-1.1290,-0.0144,-0.0152,-0.0034,0.0873,-0.0653,90.8185,0.0004,-0.0003,-0.0002
145.2000,0.0121,-0.0112,-1.1290,-0.0144,-0.0152,-0.0034,0.0873,-0.0653,90.8185,0.0004,-0.0003,-0.0002
145.3000,0.0121,-0.0112,-1.1290,-0.0144,-0.0152,-0.0034,0.0873,-0.0653,90.8185,0.0004,-0.0003,-0.0002
145.4000,0.0121,-0.0112,-1.1290,-0.0144,-0.0152,-0.0034,0.0873,-0.0653,90.8185,0.0004,-0.0003,-0.0002
145.5000,0.0121,-0.0112,-1.1290,-0.0144,-0.0152,-0.0034,0.0873,-0.0653,90.8185,0.0004,-0.0003,-0.0002
145.5999,0.0121,-0.0112,-1.1290,-0.0144,-0.0152,-0.0034,0.0873,-0.0653,90.8185,0.0004,-0.0003,-0.0002
145.6999,0.0121,-0.0112,-1.1290,-0.0144,-0.0152,-0.0034,0.0873,-0.0653,90.8185,0.0004,-0.0003,-0.0002
145.7999,0.0121,-0.0112,-1.1290,-0.0144,-0.0152,-0.0034,0.0873,-0.0653,90.8185,0.0004,-0.0003,-0.0002
145.8999,0.0121,-0.0112,-1.1290,-0.0144,-0.0152,-0.0034,0.0873,-0.0653,90.8185,0.0004,-0.0003,-0.0002
146.0000,0.0121,-0.0112,-1.1290,-0.0144,-0.0152,-0.0034,0.0873,-0.0653,90.8185,0.0004,-0.0003,-0.0002
146.1000,0.0121,-0.0112,-1.1290,-0.0144,-0.0152,-0.0034,0.0873,-0.0653,90.8185,0.0004,-0.0003,-0.0002
146.1999,0.0121,-0.0112,-1.1290,-0.0144,-0.0152,-0.0034,0.0873,-0.0653,90.8185,0.0004,-0.0003,-0.0002
146.2999,0.0121,-0.0112,-1.1290,-0.0144,-0.0152,-0.0034,0.0873,-0.0653,90.8185,0.0004,-0.0003,-0.0002
146.3999,0.0121,-0.0112,-1.1290,-0.0144,-0.0152,-0.0034,0.0873,-0.0653,90.8185,0.0004,-0.0003,-0.0002
146.4999,0.0121,-0.0112,-1.1290,-0.0144,-0.0152,-0.0034,0.0873,-0.0653,90.8185,0.0004,-0.0003,-0.0002
146.5999,0.0121,-0.0112,-1.1290,-0.0144,-0.0152,-0.0034,0.0873,-0.0653,90.8185,0.0004,-0.0003,-0.0002
146.6999,0.0121,-0.0112,-1.1290,-0.0144,-0.0152,-0.0034,0.0873,-0.0653,90.8185,0.0004,-0.0003,-0.0002
146.8000,0.0121,-0.0112,-1.1290,-0.0144,-0.0152,-0.0034,0.0873,-0.0653,90.8185,0.0004,-0.0003,-0.0002
146.9000,0.0121,-0.0112,-1.1290,-0.0144,-0.0152,-0.0034,0.0873,-0.0653,90.8185,0.0004,-0.0003,-0.0002
147.0000,0.0121,-0.0112,-1.1132,-0.0146,-0.0151,-0.0034,0.0874,-0.0656,90.8102,0.0005,-0.0002,-0.0004
147.1000,0.0121,-0.0112,-1.1132,-0.0146,-0.0151,-0.0034,0.0874,-0.0656,90.8102,0.0005,-0.0002,-0.0004
147.1999,0.0121,-0.0112,-1.1132,-0.0146,-0.0151,-0.0034,0.0874,-0.0656,90.8102,0.0005,-0.0002,-0.0004
147.3000,0.0121,-0.0112,-1.1132,-0.0146,-0.0151,-0.0034,0.0874,-0.0656,90.8102,0.0005,-0.0002,-0.0004
147.4000,0.0121,-0.0112,-1.1132,-0.0146,-0.0151,-0.0034,0.0874,-0.0656,90.8102,0.0005,-0.0002,-0.0004
147.5000,0.0121,-0.0112,-1.1132,-0.0146,-0.0151,-0.0034,0.0874,-0.0656,90.8102,0.0005,-0.0002,-0.0004
147.5999,0.0121,-0.0112,-1.1132,-0.0146,-0.0151,-0.0034,0.0874,-0.0656,90.8102,0.0005,-0.0002,-0.0004
147.7000,0.0121,-0.0112,-1.1132,-0.0146,-0.0151,-0.0034,0.0874,-0.0656,90.8102,0.0005,-0.0002,-0.0004
147.8000,0.0121,-0.0112,-1.1132,-0.0146,-0.0151,-0.0034,0.0874,-0.0656,90.8102,0.0005,-0.0002,-0.0004
147.9000,0.0121,-0.0112,-1.1132,-0.0146,-0.0151,-0.0034,0.0874,-0.0656,90.8102,0.0005,-0.0002,-0.0004
148.0000,0.0121,-0.0112,-1.1132,-0.0146,-0.0151,-0.0034,0.0874,-0.0656,90.8102,0.0005,-0.0002,-0.0004
148.1000,0.0121,-0.0112,-1.1132,-0.0146,-0.0151,-0.0034,0.0874,-0.0656,90.8102,0.0005,-0.0002,-0.0004
148.1999,0.0121,-0.0112,-1.1132,-0.0146,-0.0151,-0.0034,0.0874,-0.0656,90.8102,0.0005,-0.0002,-0.0004
148.3000,0.0121,-0.0112,-1.1132,-0.0146,-0.0151,-0.0034,0.0874,-0.0656,90.8102,0.0005,-0.0002,-0.0004
148.3999,0.0121,-0.0112,-1.1132,-0.0146,-0.0151,-0.0034,0.0874,-0.0656,90.8102,0.0005,-0.0002,-0.0004
148.5000,0.0121,-0.0112,-1.1132,-0.0146,-0.0151,-0.0034,0.0874,-0.0656,90.8102,0.0005,-0.0002,-0.0004
148.5999,0.0121,-0.0112,-1.1132,-0.0146,-0.0151,-0.0034,0.0874,-0.0656,90.8102,0.0005,-0.0002,-0.0004
148.6999,0.0121,-0.0112,-1.1132,-0.0146,-0.0151,-0.0034,0.0874,-0.0656,90.8102,0.0005,-0.0002,-0.0004
148.8001,0.0121,-0.0112,-1.1132,-0.0146,-0.0151,-0.0034,0.0874,-0.0656,90.8102,0.0005,-0.0002,-0.0004
148.9000,0.0121,-0.0112,-1.1132,-0.0146,-0.0151,-0.0034,0.0874,-0.0656,90.8102,0.0005,-0.0002,-0.0004
148.9999,0.0121,-0.0112,-1.1132,-0.0146,-0.0151,-0.0034,0.0874,-0.0656,90.8102,0.0005,-0.0002,-0.0004
149.1000,0.0121,-0.0112,-1.1132,-0.0146,-0.0151,-0.0034,0.0874,-0.0656,90.8102,0.0005,-0.0002,-0.0004
149.1999,0.0121,-0.0112,-1.1132,-0.0146,-0.0151,-0.0034,0.0874,-0.0656,90.8102,0.0005,-0.0002,-0.0004
149.3000,0.0121,-0.0112,-1.1132,-0.0146,-0.0151,-0.0034,0.0874,-0.0656,90.8102,0.0005,-0.0002,-0.0004
149.3999,0.0121,-0.0112,-1.1132,-0.0146,-0.0151,-0.0034,0.0874,-0.0656,90.8102,0.0005,-0.0002,-0.0004
149.5000,0.0121,-0.0112,-1.1132,-0.0146,-0.0151,-0.0034,0.0874,-0.0656,90.8102,0.0005,-0.0002,-0.0004
149.5999,0.0121,-0.0112,-1.1132,-0.0146,-0.0151,-0.0034,0.0874,-0.0656,90.8102,0.0005,-0.0002,-0.0004
149.7000,0.0121,-0.0112,-1.1132,-0.0146,-0.0151,-0.0034,0.0874,-0.0656,90.8102,0.0005,-0.0002,-0.0004
149.8000,0.0121,-0.0112,-1.1132,-0.0146,-0.0151,-0.0034,0.0874,-0.0656,90.8102,0.0005,-0.0002,-0.0004
149.9001,0.0121,-0.0112,-1.1132,-0.0146,-0.0151,-0.0034,0.0874,-0.0656,90.8102,0.0005,-0.0002,-0.0004
150.0001,0.0121,-0.0112,-1.1132,-0.0146,-0.0151,-0.0034,0.0874,-0.0656,90.8102,0.0005,-0.0002,-0.0004
150.1001,0.0121,-0.0112,-1.1132,-0.0146,-0.0151,-0.0034,0.0874,-0.0656,90.8102,0.0005,-0.0002,-0.0004
150.1999,0.0121,-0.0112,-1.1132,-0.0146,-0.0151,-0.0034,0.0874,-0.0656,90.8102,0.0005,-0.0002,-0.0004
150.3000,0.0121,-0.0112,-1.1132,-0.0146,-0.0151,-0.0034,0.0874,-0.0656,90.8102,0.0005,-0.0002,-0.0004
150.4001,0.0121,-0.0112,-1.1132,-0.0146,-0.0151,-0.0034,0.0874,-0.0656,90.8102,0.0005,-0.0002,-0.0004
150.4999,0.0121,-0.0112,-1.1132,-0.0146,-0.0151,-0.0034,0.0874,-0.0656,90.8102,0.0005,-0.0002,-0.0004
150.6000,0.0121,-0.0112,-1.1132,-0.0146,-0.0151,-0.0034,0.0874,-0.0656,90.8102,0.0005,-0.0002,-0.0004
150.7000,0.0121,-0.0112,-1.1132,-0.0146,-0.0151,-0.0034,0.0874,-0.0656,90.8102,0.0005,-0.0002,-0.0004
150.8000,0.0121,-0.0112,-1.1132,-0.0146,-0.0151,-0.0034,0.0874,-0.0656,90.8102,0.0005,-0.0002,-0.0004
150.9000,0.0121,-0.0112,-1.1132,-0.0146,-0.0151,-0.0034,0.0874,-0.0656,90.8102,0.0005,-0.0002,-0.0004
151.0000,0.0121,-0.0112,-1.1132,-0.0146,-0.0151,-0.0034,0.0874,-0.0656,90.8102,0.0005,-0.0002,-0.0004
151.1000,0.0121,-0.0112,-1.1132,-0.0146,-0.0151,-0.0034,0.0874,-0.0656,90.8102,0.0005,-0.0002,-0.0004
151.1999,0.0121,-0.0112,-1.1132,-0.0146,-0.0151,-0.0034,0.0874,-0.0656,90.8102,0.0005,-0.0002,-0.0004
151.2999,0.0121,-0.0113,-1.0976,-0.0147,-0.0150,-0.0034,0.0871,-0.0654,90.8019,0.0002,-0.0001,-0.0004
151.4000,0.0121,-0.0113,-1.0976,-0.0147,-0.0150,-0.0034,0.0871,-0.0654,90.8019,0.0002,-0.0001,-0.0004
151.4999,0.0121,-0.0113,-1.0976,-0.0147,-0.0150,-0.0034,0.0871,-0.0654,90.8019,0.0002,-0.0001,-0.0004
151.6000,0.0121,-0.0113,-1.0976,-0.0147,-0.0150,-0.0034,0.0871,-0.0654,90.8019,0.0002,-0.0001,-0.0004
151.6999,0.0121,-0.0113,-1.0976,-0.0147,-0.0150,-0.0034,0.0871,-0.0654,90.8019,0.0002,-0.0001,-0.0004
151.8000,0.0121,-0.0113,-1.0976,-0.0147,-0.0150,-0.0034,0.0871,-0.0654,90.8019,0.0002,-0.0001,-0.0004
151.9000,0.0121,-0.0113,-1.0976,-0.0147,-0.0150,-0.0034,0.0871,-0.0654,90.8019,0.0002,-0.0001,-0.0004
152.0000,0.0121,-0.0113,-1.0976,-0.0147,-0.0150,-0.0034,0.0871,-0.0654,90.8019,0.0002,-0.0001,-0.0004
152.1000,0.0121,-0.0113,-1.0976,-0.0147,-0.0150,-0.0034,0.0871,-0.0654,90.8019,0.0002,-0.0001,-0.0004
152.2000,0.0121,-0.0113,-1.0976,-0.0147,-0.0150,-0.0034,0.0871,-0.0654,90.8019,0.0002,-0.0001,-0.0004
152.3000,0.0121,-0.0113,-1.0976,-0.0147,-0.0150,-0.0034,0.0871,-0.0654,90.8019,0.0002,-0.0001,-0.0004
152.3999,0.0121,-0.0113,-1.0976,-0.0147,-0.0150,-0.0034,0.0871,-0.0654,90.8019,0.0002,-0.0001,-0.0004
152.5000,0.0121,-0.0113,-1.0976,-0.0147,-0.0150,-0.0034,0.0871,-0.0654,90.8019,0.0002,-0.0001,-0.0004
152.6000,0.0121,-0.0113,-1.0976,-0.0147,-0.0150,-0.0034,0.0871,-0.0654,90.8019,0.0002,-0.0001,-0.0004
152.7000,0.0121,-0.0113,-1.0976,-0.0147,-0.0150,-0.0034,0.0871,-0.0654,90.8019,0.0002,-0.0001,-0.0004
152.8000,0.0121,-0.0113,-1.0976,-0.0147,-0.0150,-0.0034,0.0871,-0.0654,90.8019,0.0002,-0.0001,-0.0004
152.9000,0.0121,-0.0113,-1.0976,-0.0147,-0.0150,-0.0034,0.0871,-0.0654,90.8019,0.0002,-0.0001,-0.0004
152.9999,0.0121,-0.0113,-1.0976,-0.0147,-0.0150,-0.0034,0.0871,-0.0654,90.8019,0.0002,-0.0001,-0.0004
153.1000,0.0121,-0.0113,-1.0976,-0.0147,-0.0150,-0.0034,0.0871,-0.0654,90.8019,0.0002,-0.0001,-0.0004
153.2000,0.0121,-0.0113,-1.0976,-0.0147,-0.0150,-0.0034,0.0871,-0.0654,90.8019,0.0002,-0.0001,-0.0004
153.3001,0.0121,-0.0113,-1.0976,-0.0147,-0.0150,-0.0034,0.0871,-0.0654,90.8019,0.0002,-0.0001,-0.0004
153.4001,0.0121,-0.0113,-1.0976,-0.0147,-0.0150,-0.0034,0.0871,-0.0654,90.8019,0.0002,-0.0001,-0.0004
153.5001,0.0121,-0.0113,-1.0976,-0.0147,-0.0150,-0.0034,0.0871,-0.0654,90.8019,0.0002,-0.0001,-0.0004
153.5999,0.0121,-0.0113,-1.0976,-0.0147,-0.0150,-0.0034,0.0871,-0.0654,90.8019,0.0002,-0.0001,-0.0004
153.7000,0.0121,-0.0113,-1.0976,-0.0147,-0.0150,-0.0034,0.0871,-0.0654,90.8019,0.0002,-0.0001,-0.0004
153.7999,0.0121,-0.0113,-1.0976,-0.0147,-0.0150,-0.0034,0.0871,-0.0654,90.8019,0.0002,-0.0001,-0.0004
153.8999,0.0121,-0.0113,-1.0976,-0.0147,-0.0150,-0.0034,0.0871,-0.0654,90.8019,0.0002,-0.0001,-0.0004
153.9999,0.0121,-0.0113,-1.0976,-0.0147,-0.0150,-0.0034,0.0871,-0.0654,90.8019,0.0002,-0.0001,-0.0004
154.1000,0.0121,-0.0113,-1.0976,-0.0147,-0.0150,-0.0034,0.0871,-0.0654,90.8019,0.0002,-0.0001,-0.0004
154.2000,0.0121,-0.0113,-1.0976,-0.0147,-0.0150,-0.0034,0.0871,-0.0654,90.8019,0.0002,-0.0001,-0.0004
154.3000,0.0121,-0.0113,-1.0976,-0.0147,-0.0150,-0.0034,0.0871,-0.0654,90.8019,0.0002,-0.0001,-0.0004
154.4000,0.0121,-0.0113,-1.0976,-0.0147,-0.0150,-0.0034,0.0871,-0.0654,90.8019,0.0002,-0.0001,-0.0004
154.5000,0.0121,-0.0113,-1.0976,-0.0147,-0.0150,-0.0034,0.0871,-0.0654,90.8019,0.0002,-0.0001,-0.0004
154.6000,0.0121,-0.0113,-1.0976,-0.0147,-0.0150,-0.0034,0.0871,-0.0654,90.8019,0.0002,-0.0001,-0.0004
154.7000,0.0121,-0.0113,-1.0976,-0.0147,-0.0150,-0.0034,0.0871,-0.0654,90.8019,0.0002,-0.0001,-0.0004
154.8000,0.0121,-0.0113,-1.0976,-0.0147,-0.0150,-0.0034,0.0871,-0.0654,90.8019,0.0002,-0.0001,-0.0004
154.8999,0.0121,-0.0113,-1.0976,-0.0147,-0.0150,-0.0034,0.0871,-0.0654,90.8019,0.0002,-0.0001,-0.0004
155.0000,0.0121,-0.0113,-1.0976,-0.0147,-0.0150,-0.0034,0.0871,-0.0654,90.8019,0.0002,-0.0001,-0.0004
155.0999,0.0121,-0.0113,-1.0976,-0.0147,-0.0150,-0.0034,0.0871,-0.0654,90.8019,0.0002,-0.0001,-0.0004
155.2000,0.0121,-0.0113,-1.0976,-0.0147,-0.0150,-0.0034,0.0871,-0.0654,90.8019,0.0002,-0.0001,-0.0004
155.3000,0.0121,-0.0113,-1.0976,-0.0147,-0.0150,-0.0034,0.0871,-0.0654,90.8019,0.0002,-0.0001,-0.0004
155.4000,0.0121,-0.0113,-1.0976,-0.0147,-0.0150,-0.0034,0.0871,-0.0654,90.8019,0.0002,-0.0001,-0.0004
155.4999,0.0121,-0.0113,-1.0976,-0.0147,-0.0150,-0.0034,0.0871,-0.0654,90.8019,0.0002,-0.0001,-0.0004
155.5999,0.0120,-0.0114,-1.0823,-0.0150,-0.0149,-0.0033,0.0871,-0.0655,90.7940,0.0002,-0.0003,-0.0003
155.6999,0.0120,-0.0114,-1.0823,-0.0150,-0.0149,-0.0033,0.0871,-0.0655,90.7940,0.0002,-0.0003,-0.0003
155.8000,0.0120,-0.0114,-1.0823,-0.0150,-0.0149,-0.0033,0.0871,-0.0655,90.7940,0.0002,-0.0003,-0.0003
155.9000,0.0120,-0.0114,-1.0823,-0.0150,-0.0149,-0.0033,0.0871,-0.0655,90.7940,0.0002,-0.0003,-0.0003
156.0000,0.0120,-0.0114,-1.0823,-0.0150,-0.0149,-0.0033,0.0871,-0.0655,90.7940,0.0002,-0.0003,-0.0003
156.1000,0.0120,-0.0114,-1.0823,-0.0150,-0.0149,-0.0033,0.0871,-0.0655,90.7940,0.0002,-0.0003,-0.0003
156.2001,0.0120,-0.0114,-1.0823,-0.0150,-0.0149,-0.0033,0.0871,-0.0655,90.7940,0.0002,-0.0003,-0.0003
156.3000,0.0120,-0.0114,-1.0823,-0.0150,-0.0149,-0.0033,0.0871,-0.0655,90.7940,0.0002,-0.0003,-0.0003
156.3999,0.0120,-0.0114,-1.0823,-0.0150,-0.0149,-0.0033,0.0871,-0.0655,90.7940,0.0002,-0.0003,-0.0003
156.5000,0.0120,-0.0114,-1.0823,-0.0150,-0.0149,-0.0033,0.0871,-0.0655,90.7940,0.0002,-0.0003,-0.0003
156.5999,0.0120,-0.0114,-1.0823,-0.0150,-0.0149,-0.0033,0.0871,-0.0655,90.7940,0.0002,-0.0003,-0.0003
156.6999,0.0120,-0.0114,-1.0823,-0.0150,-0.0149,-0.0033,0.0871,-0.0655,90.7940,0.0002,-0.0003,-0.0003
156.7999,0.0120,-0.0114,-1.0823,-0.0150,-0.0149,-0.0033,0.0871,-0.0655,90.7940,0.0002,-0.0003,-0.0003
156.9000,0.0120,-0.0114,-1.0823,-0.0150,-0.0149,-0.0033,0.0871,-0.0655,90.7940,0.0002,-0.0003,-0.0003
157.0001,0.0120,-0.0114,-1.0823,-0.0150,-0.0149,-0.0033,0.0871,-0.0655,90.7940,0.0002,-0.0003,-0.0003
157.1000,0.0120,-0.0114,-1.0823,-0.0150,-0.0149,-0.0033,0.0871,-0.0655,90.7940,0.0002,-0.0003,-0.0003
157.2000,0.0120,-0.0114,-1.0823,-0.0150,-0.0149,-0.0033,0.0871,-0.0655,90.7940,0.0002,-0.0003,-0.0003
157.2999,0.0120,-0.0114,-1.0823,-0.0150,-0.0149,-0.0033,0.0871,-0.0655,90.7940,0.0002,-0.0003,-0.0003
157.3999,0.0120,-0.0114,-1.0823,-0.0150,-0.0149,-0.0033,0.0871,-0.0655,90.7940,0.0002,-0.0003,-0.0003
157.4999,0.0120,-0.0114,-1.0823,-0.0150,-0.0149,-0.0033,0.0871,-0.0655,90.7940,0.0002,-0.0003,-0.0003
157.6000,0.0120,-0.0114,-1.0823,-0.0150,-0.0149,-0.0033,0.0871,-0.0655,90.7940,0.0002,-0.0003,-0.0003
157.7000,0.0120,-0.0114,-1.0823,-0.0150,-0.0149,-0.0033,0.0871,-0.0655,90.7940,0.0002,-0.0003,-0.0003
157.8000,0.0120,-0.0114,-1.0823,-0.0150,-0.0149,-0.0033,0.0871,-0.0655,90.7940,0.0002,-0.0003,-0.0003
157.9000,0.0120,-0.0114,-1.0823,-0.0150,-0.0149,-0.0033,0.0871,-0.0655,90.7940,0.0002,-0.0003,-0.0003
158.0000,0.0120,-0.0114,-1.0823,-0.0150,-0.0149,-0.0033,0.0871,-0.0655,90.7940,0.0002,-0.0003,-0.0003
158.1000,0.0120,-0.0114,-1.0823,-0.0150,-0.0149,-0.0033,0.0871,-0.0655,90.7940,0.0002,-0.0003,-0.0003
158.1999,0.0120,-0.0114,-1.0823,-0.0150,-0.0149,-0.0033,0.0871,-0.0655,90.7940,0.0002,-0.0003,-0.0003
158.3000,0.0120,-0.0114,-1.0823,-0.0150,-0.0149,-0.0033,0.0871,-0.0655,90.7940,0.0002,-0.0003,-0.0003
158.4001,0.0120,-0.0114,-1.0823,-0.0150,-0.0149,-0.0033,0.0871,-0.0655,90.7940,0.0002,-0.0003,-0.0003
158.5000,0.0120,-0.0114,-1.0823,-0.0150,-0.0149,-0.0033,0.0871,-0.0655,90.7940,0.0002,-0.0003,-0.0003
158.6000,0.0120,-0.0114,-1.0823,-0.0150,-0.0149,-0.0033,0.0871,-0.0655,90.7940,0.0002,-0.0003,-0.0003
158.7000,0.0120,-0.0114,-1.0823,-0.0150,-0.0149,-0.0033,0.0871,-0.0655,90.7940,0.0002,-0.0003,-0.0003
158.8000,0.0120,-0.0114,-1.0823,-0.0150,-0.0149,-0.0033,0.0871,-0.0655,90.7940,0.0002,-0.0003,-0.0003
158.8999,0.0120,-0.0114,-1.0823,-0.0150,-0.0149,-0.0033,0.0871,-0.0655,90.7940,0.0002,-0.0003,-0.0003
159.0000,0.0120,-0.0114,-1.0823,-0.0150,-0.0149,-0.0033,0.0871,-0.0655,90.7940,0.0002,-0.0003,-0.0003
159.1001,0.0120,-0.0114,-1.0823,-0.0150,-0.0149,-0.0033,0.0871,-0.0655,90.7940,0.0002,-0.0003,-0.0003
159.1999,0.0120,-0.0114,-1.0823,-0.0150,-0.0149,-0.0033,0.0871,-0.0655,90.7940,0.0002,-0.0003,-0.0003
159.3000,0.0120,-0.0114,-1.0823,-0.0150,-0.0149,-0.0033,0.0871,-0.0655,90.7940,0.0002,-0.0003,-0.0003
159.4000,0.0120,-0.0114,-1.0823,-0.0150,-0.0149,-0.0033,0.0871,-0.0655,90.7940,0.0002,-0.0003,-0.0003
159.5000,0.0120,-0.0114,-1.0823,-0.0150,-0.0149,-0.0033,0.0871,-0.0655,90.7940,0.0002,-0.0003,-0.0003
159.5999,0.0120,-0.0114,-1.0823,-0.0150,-0.0149,-0.0033,0.0871,-0.0655,90.7940,0.0002,-0.0003,-0.0003
159.6999,0.0120,-0.0114,-1.0823,-0.0150,-0.0149,-0.0033,0.0871,-0.0655,90.7940,0.0002,-0.0003,-0.0003
159.8001,0.0120,-0.0114,-1.0823,-0.0150,-0.0149,-0.0033,0.0871,-0.0655,90.7940,0.0002,-0.0003,-0.0003
159.9000,0.0119,-0.0115,-1.0672,-0.0151,-0.0147,-0.0036,0.0867,-0.0651,90.7857,0.0004,-0.0004,-0.0005
160.0001,0.0119,-0.0115,-1.0672,-0.0151,-0.0147,-0.0036,0.0867,-0.0651,90.7857,0.0004,-0.0004,-0.0005
160.1000,0.0119,-0.0115,-1.0672,-0.0151,-0.0147,-0.0036,0.0867,-0.0651,90.7857,0.0004,-0.0004,-0.0005
160.2000,0.0119,-0.0115,-1.0672,-0.0151,-0.0147,-0.0036,0.0867,-0.0651,90.7857,0.0004,-0.0004,-0.0005
160.2999,0.0119,-0.0115,-1.0672,-0.0151,-0.0147,-0.0036,0.0867,-0.0651,90.7857,0.0004,-0.0004,-0.0005
160.3999,0.0119,-0.0115,-1.0672,-0.0151,-0.0147,-0.0036,0.0867,-0.0651,90.7857,0.0004,-0.0004,-0.0005
160.4999,0.0119,-0.0115,-1.0672,-0.0151,-0.0147,-0.0036,0.0867,-0.0651,90.7857,0.0004,-0.0004,-0.0005
160.6000,0.0119,-0.0115,-1.0672,-0.0151,-0.0147,-0.0036,0.0867,-0.0651,90.7857,0.0004,-0.0004,-0.0005
160.6999,0.0119,-0.0115,-1.0672,-0.0151,-0.0147,-0.0036,0.0867,-0.0651,90.7857,0.0004,-0.0004,-0.0005
160.8000,0.0119,-0.0115,-1.0672,-0.0151,-0.0147,-0.0036,0.0867,-0.0651,90.7857,0.0004,-0.0004,-0.0005
160.8999,0.0119,-0.0115,-1.0672,-0.0151,-0.0147,-0.0036,0.0867,-0.0651,90.7857,0.0004,-0.0004,-0.0005
160.9999,0.0119,-0.0115,-1.0672,-0.0151,-0.0147,-0.0036,0.0867,-0.0651,90.7857,0.0004,-0.0004,-0.0005
161.1001,0.0119,-0.0115,-1.0672,-0.0151,-0.0147,-0.0036,0.0867,-0.0651,90.7857,0.0004,-0.0004,-0.0005
161.2000,0.0119,-0.0115,-1.0672,-0.0151,-0.0147,-0.0036,0.0867,-0.0651,90.7857,0.0004,-0.0004,-0.0005
161.2999,0.0119,-0.0115,-1.0672,-0.0151,-0.0147,-0.0036,0.0867,-0.0651,90.7857,0.0004,-0.0004,-0.0005
161.4000,0.0119,-0.0115,-1.0672,-0.0151,-0.0147,-0.0036,0.0867,-0.0651,90.7857,0.0004,-0.0004,-0.0005
161.5000,0.0119,-0.0115,-1.0672,-0.0151,-0.0147,-0.0036,0.0867,-0.0651,90.7857,0.0004,-0.0004,-0.0005
161.5999,0.0119,-0.0115,-1.0672,-0.0151,-0.0147,-0.0036,0.0867,-0.0651,90.7857,0.0004,-0.0004,-0.0005
161.6999,0.0119,-0.0115,-1.0672,-0.0151,-0.0147,-0.0036,0.0867,-0.0651,90.7857,0.0004,-0.0004,-0.0005
161.8000,0.0119,-0.0115,-1.0672,-0.0151,-0.0147,-0.0036,0.0867,-0.0651,90.7857,0.0004,-0.0004,-0.0005
161.9000,0.0119,-0.0115,-1.0672,-0.0151,-0.0147,-0.0036,0.0867,-0.0651,90.7857,0.0004,-0.0004,-0.0005
161.9999,0.0119,-0.0115,-1.0672,-0.0151,-0.0147,-0.0036,0.0867,-0.0651,90.7857,0.0004,-0.0004,-0.0005
162.1000,0.0119,-0.0115,-1.0672,-0.0151,-0.0147,-0.0036,0.0867,-0.0651,90.7857,0.0004,-0.0004,-0.0005
162.2000,0.0119,-0.0115,-1.0672,-0.0151,-0.0147,-0.0036,0.0867,-0.0651,90.7857,0.0004,-0.0004,-0.0005
162.2999,0.0119,-0.0115,-1.0672,-0.0151,-0.0147,-0.0036,0.0867,-0.0651,90.7857,0.0004,-0.0004,-0.0005
162.3999,0.0119,-0.0115,-1.0672,-0.0151,-0.0147,-0.0036,0.0867,-0.0651,90.7857,0.0004,-0.0004,-0.0005
162.5000,0.0119,-0.0115,-1.0672,-0.0151,-0.0147,-0.0036,0.0867,-0.0651,90.7857,0.0004,-0.0004,-0.0005
162.6000,0.0119,-0.0115,-1.0672,-0.0151,-0.0147,-0.0036,0.0867,-0.0651,90.7857,0.0004,-0.0004,-0.0005
162.6999,0.0119,-0.0115,-1.0672,-0.0151,-0.0147,-0.0036,0.0867,-0.0651,90.7857,0.0004,-0.0004,-0.0005
162.8000,0.0119,-0.0115,-1.0672,-0.0151,-0.0147,-0.0036,0.0867,-0.0651,90.7857,0.0004,-0.0004,-0.0005
162.9000,0.0119,-0.0115,-1.0672,-0.0151,-0.0147,-0.0036,0.0867,-0.0651,90.7857,0.0004,-0.0004,-0.0005
162.9999,0.0119,-0.0115,-1.0672,-0.0151,-0.0147,-0.0036,0.0867,-0.0651,90.7857,0.0004,-0.0004,-0.0005
163.1000,0.0119,-0.0115,-1.0672,-0.0151,-0.0147,-0.0036,0.0867,-0.0651,90.7857,0.0004,-0.0004,-0.0005
163.1999,0.0119,-0.0115,-1.0672,-0.0151,-0.0147,-0.0036,0.0867,-0.0651,90.7857,0.0004,-0.0004,-0.0005
163.3000,0.0119,-0.0115,-1.0672,-0.0151,-0.0147,-0.0036,0.0867,-0.0651,90.7857,0.0004,-0.0004,-0.0005
163.4000,0.0119,-0.0115,-1.0672,-0.0151,-0.0147,-0.0036,0.0867,-0.0651,90.7857,0.0004,-0.0004,-0.0005
163.5000,0.0119,-0.0115,-1.0672,-0.0151,-0.0147,-0.0036,0.0867,-0.0651,90.7857,0.0004,-0.0004,-0.0005
163.6000,0.0119,-0.0115,-1.0672,-0.0151,-0.0147,-0.0036,0.0867,-0.0651,90.7857,0.0004,-0.0004,-0.0005
163.7000,0.0119,-0.0115,-1.0672,-0.0151,-0.0147,-0.0036,0.0867,-0.0651,90.7857,0.0004,-0.0004,-0.0005
163.8000,0.0119,-0.0115,-1.0672,-0.0151,-0.0147,-0.0036,0.0867,-0.0651,90.7857,0.0004,-0.0004,-0.0005
163.9000,0.0119,-0.0115,-1.0672,-0.0151,-0.0147,-0.0036,0.0867,-0.0651,90.7857,0.0004,-0.0004,-0.0005
164.0000,0.0119,-0.0115,-1.0672,-0.0151,-0.0147,-0.0036,0.0867,-0.0651,90.7857,0.0004,-0.0004,-0.0005
164.0999,0.0119,-0.0115,-1.0672,-0.0151,-0.0147,-0.0036,0.0867,-0.0651,90.7857,0.0004,-0.0004,-0.0005
164.1999,0.0118,-0.0115,-1.0523,-0.0150,-0.0147,-0.0034,0.0872,-0.0644,90.7779,0.0004,-0.0002,-0.0003
164.3000,0.0118,-0.0115,-1.0523,-0.0150,-0.0147,-0.0034,0.0872,-0.0644,90.7779,0.0004,-0.0002,-0.0003
164.4000,0.0118,-0.0115,-1.0523,-0.0150,-0.0147,-0.0034,0.0872,-0.0644,90.7779,0.0004,-0.0002,-0.0003
164.5000,0.0118,-0.0115,-1.0523,-0.0150,-0.0147,-0.0034,0.0872,-0.0644,90.7779,0.0004,-0.0002,-0.0003
164.5999,0.0118,-0.0115,-1.0523,-0.0150,-0.0147,-0.0034,0.0872,-0.0644,90.7779,0.0004,-0.0002,-0.0003
164.7000,0.0118,-0.0115,-1.0523,-0.0150,-0.0147,-0.0034,0.0872,-0.0644,90.7779,0.0004,-0.0002,-0.0003
164.7999,0.0118,-0.0115,-1.0523,-0.0150,-0.0147,-0.0034,0.0872,-0.0644,90.7779,0.0004,-0.0002,-0.0003
164.9000,0.0118,-0.0115,-1.0523,-0.0150,-0.0147,-0.0034,0.0872,-0.0644,90.7779,0.0004,-0.0002,-0.0003
164.9999,0.0118,-0.0115,-1.0523,-0.0150,-0.0147,-0.0034,0.0872,-0.0644,90.7779,0.0004,-0.0002,-0.0003
165.1000,0.0118,-0.0115,-1.0523,-0.0150,-0.0147,-0.0034,0.0872,-0.0644,90.7779,0.0004,-0.0002,-0.0003
165.2000,0.0118,-0.0115,-1.0523,-0.0150,-0.0147,-0.0034,0.0872,-0.0644,90.7779,0.0004,-0.0002,-0.0003
165.2999,0.0118,-0.0115,-1.0523,-0.0150,-0.0147,-0.0034,0.0872,-0.0644,90.7779,0.0004,-0.0002,-0.0003
165.3999,0.0118,-0.0115,-1.0523,-0.0150,-0.0147,-0.0034,0.0872,-0.0644,90.7779,0.0004,-0.0002,-0.0003
165.5000,0.0118,-0.0115,-1.0523,-0.0150,-0.0147,-0.0034,0.0872,-0.0644,90.7779,0.0004,-0.0002,-0.0003
165.6000,0.0118,-0.0115,-1.0523,-0.0150,-0.0147,-0.0034,0.0872,-0.0644,90.7779,0.0004,-0.0002,-0.0003
165.6999,0.0118,-0.0115,-1.0523,-0.0150,-0.0147,-0.0034,0.0872,-0.0644,90.7779,0.0004,-0.0002,-0.0003
165.8000,0.0118,-0.0115,-1.0523,-0.0150,-0.0147,-0.0034,0.0872,-0.0644,90.7779,0.0004,-0.0002,-0.0003
165.9000,0.0118,-0.0115,-1.0523,-0.0150,-0.0147,-0.0034,0.0872,-0.0644,90.7779,0.0004,-0.0002,-0.0003
165.9999,0.0118,-0.0115,-1.0523,-0.0150,-0.0147,-0.0034,0.0872,-0.0644,90.7779,0.0004,-0.0002,-0.0003
166.1000,0.0118,-0.0115,-1.0523,-0.0150,-0.0147,-0.0034,0.0872,-0.0644,90.7779,0.0004,-0.0002,-0.0003
166.1999,0.0118,-0.0115,-1.0523,-0.0150,-0.0147,-0.0034,0.0872,-0.0644,90.7779,0.0004,-0.0002,-0.0003
166.3000,0.0118,-0.0115,-1.0523,-0.0150,-0.0147,-0.0034,0.0872,-0.0644,90.7779,0.0004,-0.0002,-0.0003
166.3999,0.0118,-0.0115,-1.0523,-0.0150,-0.0147,-0.0034,0.0872,-0.0644,90.7779,0.0004,-0.0002,-0.0003
166.5000,0.0118,-0.0115,-1.0523,-0.0150,-0.0147,-0.0034,0.0872,-0.0644,90.7779,0.0004,-0.0002,-0.0003
166.6000,0.0118,-0.0115,-1.0523,-0.0150,-0.0147,-0.0034,0.0872,-0.0644,90.7779,0.0004,-0.0002,-0.0003
166.6999,0.0118,-0.0115,-1.0523,-0.0150,-0.0147,-0.0034,0.0872,-0.0644,90.7779,0.0004,-0.0002,-0.0003
166.7999,0.0118,-0.0115,-1.0523,-0.0150,-0.0147,-0.0034,0.0872,-0.0644,90.7779,0.0004,-0.0002,-0.0003
166.9000,0.0118,-0.0115,-1.0523,-0.0150,-0.0147,-0.0034,0.0872,-0.0644,90.7779,0.0004,-0.0002,-0.0003
167.0000,0.0118,-0.0115,-1.0523,-0.0150,-0.0147,-0.0034,0.0872,-0.0644,90.7779,0.0004,-0.0002,-0.0003
167.0999,0.0118,-0.0115,-1.0523,-0.0150,-0.0147,-0.0034,0.0872,-0.0644,90.7779,0.0004,-0.0002,-0.0003
167.2001,0.0118,-0.0115,-1.0523,-0.0150,-0.0147,-0.0034,0.0872,-0.0644,90.7779,0.0004,-0.0002,-0.0003
167.2999,0.0118,-0.0115,-1.0523,-0.0150,-0.0147,-0.0034,0.0872,-0.0644,90.7779,0.0004,-0.0002,-0.0003
167.4000,0.0118,-0.0115,-1.0523,-0.0150,-0.0147,-0.0034,0.0872,-0.0644,90.7779,0.0004,-0.0002,-0.0003
167.5000,0.0118,-0.0115,-1.0523,-0.0150,-0.0147,-0.0034,0.0872,-0.0644,90.7779,0.0004,-0.0002,-0.0003
167.6001,0.0118,-0.0115,-1.0523,-0.0150,-0.0147,-0.0034,0.0872,-0.0644,90.7779,0.0004,-0.0002,-0.0003
167.6999,0.0118,-0.0115,-1.0523,-0.0150,-0.0147,-0.0034,0.0872,-0.0644,90.7779,0.0004,-0.0002,-0.0003
167.8000,0.0118,-0.0115,-1.0523,-0.0150,-0.0147,-0.0034,0.0872,-0.0644,90.7779,0.0004,-0.0002,-0.0003
167.9000,0.0118,-0.0115,-1.0523,-0.0150,-0.0147,-0.0034,0.0872,-0.0644,90.7779,0.0004,-0.0002,-0.0003
168.0000,0.0118,-0.0115,-1.0523,-0.0150,-0.0147,-0.0034,0.0872,-0.0644,90.7779,0.0004,-0.0002,-0.0003
168.1001,0.0118,-0.0115,-1.0523,-0.0150,-0.0147,-0.0034,0.0872,-0.0644,90.7779,0.0004,-0.0002,-0.0003
168.1999,0.0118,-0.0115,-1.0523,-0.0150,-0.0147,-0.0034,0.0872,-0.0644,90.7779,0.0004,-0.0002,-0.0003
168.3000,0.0118,-0.0115,-1.0523,-0.0150,-0.0147,-0.0034,0.0872,-0.0644,90.7779,0.0004,-0.0002,-0.0003
168.3999,0.0118,-0.0115,-1.0523,-0.0150,-0.0147,-0.0034,0.0872,-0.0644,90.7779,0.0004,-0.0002,-0.0003
168.4999,0.0118,-0.0115,-1.0376,-0.0147,-0.0146,-0.0033,0.0866,-0.0636,90.7683,0.0002,-0.0003,-0.0004
168.6001,0.0118,-0.0115,-1.0376,-0.0147,-0.0146,-0.0033,0.0866,-0.0636,90.7683,0.0002,-0.0003,-0.0004
168.7000,0.0118,-0.0115,-1.0376,-0.0147,-0.0146,-0.0033,0.0866,-0.0636,90.7683,0.0002,-0.0003,-0.0004
168.7999,0.0118,-0.0115,-1.0376,-0.0147,-0.0146,-0.0033,0.0866,-0.0636,90.7683,0.0002,-0.0003,-0.0004
168.9000,0.0118,-0.0115,-1.0376,-0.0147,-0.0146,-0.0033,0.0866,-0.0636,90.7683,0.0002,-0.0003,-0.0004
169.0001,0.0118,-0.0115,-1.0376,-0.0147,-0.0146,-0.0033,0.0866,-0.0636,90.7683,0.0002,-0.0003,-0.0004
169.1000,0.0118,-0.0115,-1.0376,-0.0147,-0.0146,-0.0033,0.0866,-0.0636,90.7683,0.0002,-0.0003,-0.0004
169.2000,0.0118,-0.0115,-1.0376,-0.0147,-0.0146,-0.0033,0.0866,-0.0636,90.7683,0.0002,-0.0003,-0.0004
169.2999,0.0118,-0.0115,-1.0376,-0.0147,-0.0146,-0.0033,0.0866,-0.0636,90.7683,0.0002,-0.0003,-0.0004
169.4000,0.0118,-0.0115,-1.0376,-0.0147,-0.0146,-0.0033,0.0866,-0.0636,90.7683,0.0002,-0.0003,-0.0004
169.4999,0.0118,-0.0115,-1.0376,-0.0147,-0.0146,-0.0033,0.0866,-0.0636,90.7683,0.0002,-0.0003,-0.0004
169.6000,0.0118,-0.0115,-1.0376,-0.0147,-0.0146,-0.0033,0.0866,-0.0636,90.7683,0.0002,-0.0003,-0.0004
169.6999,0.0118,-0.0115,-1.0376,-0.0147,-0.0146,-0.0033,0.0866,-0.0636,90.7683,0.0002,-0.0003,-0.0004
169.8000,0.0118,-0.0115,-1.0376,-0.0147,-0.0146,-0.0033,0.0866,-0.0636,90.7683,0.0002,-0.0003,-0.0004
169.8999,0.0118,-0.0115,-1.0376,-0.0147,-0.0146,-0.0033,0.0866,-0.0636,90.7683,0.0002,-0.0003,-0.0004
169.9999,0.0118,-0.0115,-1.0376,-0.0147,-0.0146,-0.0033,0.0866,-0.0636,90.7683,0.0002,-0.0003,-0.0004
170.0999,0.0118,-0.0115,-1.0376,-0.0147,-0.0146,-0.0033,0.0866,-0.0636,90.7683,0.0002,-0.0003,-0.0004
170.2000,0.0118,-0.0115,-1.0376,-0.0147,-0.0146,-0.0033,0.0866,-0.0636,90.7683,0.0002,-0.0003,-0.0004
170.3000,0.0118,-0.0115,-1.0376,-0.0147,-0.0146,-0.0033,0.0866,-0.0636,90.7683,0.0002,-0.0003,-0.0004
170.4001,0.0118,-0.0115,-1.0376,-0.0147,-0.0146,-0.0033,0.0866,-0.0636,90.7683,0.0002,-0.0003,-0.0004
170.4999,0.0118,-0.0115,-1.0376,-0.0147,-0.0146,-0.0033,0.0866,-0.0636,90.7683,0.0002,-0.0003,-0.0004
170.6000,0.0118,-0.0115,-1.0376,-0.0147,-0.0146,-0.0033,0.0866,-0.0636,90.7683,0.0002,-0.0003,-0.0004
170.7000,0.0118,-0.0115,-1.0376,-0.0147,-0.0146,-0.0033,0.0866,-0.0636,90.7683,0.0002,-0.0003,-0.0004
170.7999,0.0118,-0.0115,-1.0376,-0.0147,-0.0146,-0.0033,0.0866,-0.0636,90.7683,0.0002,-0.0003,-0.0004
170.8999,0.0118,-0.0115,-1.0376,-0.0147,-0.0146,-0.0033,0.0866,-0.0636,90.7683,0.0002,-0.0003,-0.0004
170.9999,0.0118,-0.0115,-1.0376,-0.0147,-0.0146,-0.0033,0.0866,-0.0636,90.7683,0.0002,-0.0003,-0.0004
171.1000,0.0118,-0.0115,-1.0376,-0.0147,-0.0146,-0.0033,0.0866,-0.0636,90.7683,0.0002,-0.0003,-0.0004
171.2000,0.0118,-0.0115,-1.0376,-0.0147,-0.0146,-0.0033,0.0866,-0.0636,90.7683,0.0002,-0.0003,-0.0004
171.3000,0.0118,-0.0115,-1.0376,-0.0147,-0.0146,-0.0033,0.0866,-0.0636,90.7683,0.0002,-0.0003,-0.0004
171.3999,0.0118,-0.0115,-1.0376,-0.0147,-0.0146,-0.0033,0.0866,-0.0636,90.7683,0.0002,-0.0003,-0.0004
171.5000,0.0118,-0.0115,-1.0376,-0.0147,-0.0146,-0.0033,0.0866,-0.0636,90.7683,0.0002,-0.0003,-0.0004
171.6000,0.0118,-0.0115,-1.0376,-0.0147,-0.0146,-0.0033,0.0866,-0.0636,90.7683,0.0002,-0.0003,-0.0004
171.7000,0.0118,-0.0115,-1.0376,-0.0147,-0.0146,-0.0033,0.0866,-0.0636,90.7683,0.0002,-0.0003,-0.0004
171.8000,0.0118,-0.0115,-1.0376,-0.0147,-0.0146,-0.0033,0.0866,-0.0636,90.7683,0.0002,-0.0003,-0.0004
171.9000,0.0118,-0.0115,-1.0376,-0.0147,-0.0146,-0.0033,0.0866,-0.0636,90.7683,0.0002,-0.0003,-0.0004
172.0000,0.0118,-0.0115,-1.0376,-0.0147,-0.0146,-0.0033,0.0866,-0.0636,90.7683,0.0002,-0.0003,-0.0004
172.0999,0.0118,-0.0115,-1.0376,-0.0147,-0.0146,-0.0033,0.0866,-0.0636,90.7683,0.0002,-0.0003,-0.0004
172.2000,0.0118,-0.0115,-1.0376,-0.0147,-0.0146,-0.0033,0.0866,-0.0636,90.7683,0.0002,-0.0003,-0.0004
172.2999,0.0118,-0.0115,-1.0376,-0.0147,-0.0146,-0.0033,0.0866,-0.0636,90.7683,0.0002,-0.0003,-0.0004
172.3999,0.0118,-0.0115,-1.0376,-0.0147,-0.0146,-0.0033,0.0866,-0.0636,90.7683,0.0002,-0.0003,-0.0004
172.5000,0.0118,-0.0115,-1.0376,-0.0147,-0.0146,-0.0033,0.0866,-0.0636,90.7683,0.0002,-0.0003,-0.0004
172.6001,0.0118,-0.0115,-1.0376,-0.0147,-0.0146,-0.0033,0.0866,-0.0636,90.7683,0.0002,-0.0003,-0.0004
172.7001,0.0118,-0.0115,-1.0376,-0.0147,-0.0146,-0.0033,0.0866,-0.0636,90.7683,0.0002,-0.0003,-0.0004
172.8000,0.0117,-0.0114,-1.0231,-0.0145,-0.0145,-0.0033,0.0865,-0.0641,90.7586,0.0003,-0.0003,-0.0003
172.9000,0.0117,-0.0114,-1.0231,-0.0145,-0.0145,-0.0033,0.0865,-0.0641,90.7586,0.0003,-0.0003,-0.0003
173.0000,0.0117,-0.0114,-1.0231,-0.0145,-0.0145,-0.0033,0.0865,-0.0641,90.7586,0.0003,-0.0003,-0.0003
173.1000,0.0117,-0.0114,-1.0231,-0.0145,-0.0145,-0.0033,0.0865,-0.0641,90.7586,0.0003,-0.0003,-0.0003
173.1999,0.0117,-0.0114,-1.0231,-0.0145,-0.0145,-0.0033,0.0865,-0.0641,90.7586,0.0003,-0.0003,-0.0003
173.3000,0.0117,-0.0114,-1.0231,-0.0145,-0.0145,-0.0033,0.0865,-0.0641,90.7586,0.0003,-0.0003,-0.0003
173.4000,0.0117,-0.0114,-1.0231,-0.0145,-0.0145,-0.0033,0.0865,-0.0641,90.7586,0.0003,-0.0003,-0.0003
173.5000,0.0117,-0.0114,-1.0231,-0.0145,-0.0145,-0.0033,0.0865,-0.0641,90.7586,0.0003,-0.0003,-0.0003
173.6001,0.0117,-0.0114,-1.0231,-0.0145,-0.0145,-0.0033,0.0865,-0.0641,90.7586,0.0003,-0.0003,-0.0003
173.7000,0.0117,-0.0114,-1.0231,-0.0145,-0.0145,-0.0033,0.0865,-0.0641,90.7586,0.0003,-0.0003,-0.0003
173.8000,0.0117,-0.0114,-1.0231,-0.0145,-0.0145,-0.0033,0.0865,-0.0641,90.7586,0.0003,-0.0003,-0.0003
173.9000,0.0117,-0.0114,-1.0231,-0.0145,-0.0145,-0.0033,0.0865,-0.0641,90.7586,0.0003,-0.0003,-0.0003
174.0000,0.0117,-0.0114,-1.0231,-0.0145,-0.0145,-0.0033,0.0865,-0.0641,90.7586,0.0003,-0.0003,-0.0003
174.0999,0.0117,-0.0114,-1.0231,-0.0145,-0.0145,-0.0033,0.0865,-0.0641,90.7586,0.0003,-0.0003,-0.0003
174.2001,0.0117,-0.0114,-1.0231,-0.0145,-0.0145,-0.0033,0.0865,-0.0641,90.7586,0.0003,-0.0003,-0.0003
174.3000,0.0117,-0.0114,-1.0231,-0.0145,-0.0145,-0.0033,0.0865,-0.0641,90.7586,0.0003,-0.0003,-0.0003
174.4000,0.0117,-0.0114,-1.0231,-0.0145,-0.0145,-0.0033,0.0865,-0.0641,90.7586,0.0003,-0.0003,-0.0003
174.5001,0.0117,-0.0114,-1.0231,-0.0145,-0.0145,-0.0033,0.0865,-0.0641,90.7586,0.0003,-0.0003,-0.0003
174.5999,0.0117,-0.0114,-1.0231,-0.0145,-0.0145,-0.0033,0.0865,-0.0641,90.7586,0.0003,-0.0003,-0.0003
174.7000,0.0117,-0.0114,-1.0231,-0.0145,-0.0145,-0.0033,0.0865,-0.0641,90.7586,0.0003,-0.0003,-0.0003
174.8000,0.0117,-0.0114,-1.0231,-0.0145,-0.0145,-0.0033,0.0865,-0.0641,90.7586,0.0003,-0.0003,-0.0003
174.8999,0.0117,-0.0114,-1.0231,-0.0145,-0.0145,-0.0033,0.0865,-0.0641,90.7586,0.0003,-0.0003,-0.0003
174.9999,0.0117,-0.0114,-1.0231,-0.0145,-0.0145,-0.0033,0.0865,-0.0641,90.7586,0.0003,-0.0003,-0.0003
175.0999,0.0117,-0.0114,-1.0231,-0.0145,-0.0145,-0.0033,0.0865,-0.0641,90.7586,0.0003,-0.0003,-0.0003
175.2000,0.0117,-0.0114,-1.0231,-0.0145,-0.0145,-0.0033,0.0865,-0.0641,90.7586,0.0003,-0.0003,-0.0003
175.3000,0.0117,-0.0114,-1.0231,-0.0145,-0.0145,-0.0033,0.0865,-0.0641,90.7586,0.0003,-0.0003,-0.0003
175.4000,0.0117,-0.0114,-1.0231,-0.0145,-0.0145,-0.0033,0.0865,-0.0641,90.7586,0.0003,-0.0003,-0.0003
175.5000,0.0117,-0.0114,-1.0231,-0.0145,-0.0145,-0.0033,0.0865,-0.0641,90.7586,0.0003,-0.0003,-0.0003
175.6000,0.0117,-0.0114,-1.0231,-0.0145,-0.0145,-0.0033,0.0865,-0.0641,90.7586,0.0003,-0.0003,-0.0003
175.7000,0.0117,-0.0114,-1.0231,-0.0145,-0.0145,-0.0033,0.0865,-0.0641,90.7586,0.0003,-0.0003,-0.0003
175.8000,0.0117,-0.0114,-1.0231,-0.0145,-0.0145,-0.0033,0.0865,-0.0641,90.7586,0.0003,-0.0003,-0.0003
175.9000,0.0117,-0.0114,-1.0231,-0.0145,-0.0145,-0.0033,0.0865,-0.0641,90.7586,0.0003,-0.0003,-0.0003
176.0000,0.0117,-0.0114,-1.0231,-0.0145,-0.0145,-0.0033,0.0865,-0.0641,90.7586,0.0003,-0.0003,-0.0003
176.0999,0.0117,-0.0114,-1.0231,-0.0145,-0.0145,-0.0033,0.0865,-0.0641,90.7586,0.0003,-0.0003,-0.0003
176.1999,0.0117,-0.0114,-1.0231,-0.0145,-0.0145,-0.0033,0.0865,-0.0641,90.7586,0.0003,-0.0003,-0.0003
176.3000,0.0117,-0.0114,-1.0231,-0.0145,-0.0145,-0.0033,0.0865,-0.0641,90.7586,0.0003,-0.0003,-0.0003
176.4000,0.0117,-0.0114,-1.0231,-0.0145,-0.0145,-0.0033,0.0865,-0.0641,90.7586,0.0003,-0.0003,-0.0003
176.5000,0.0117,-0.0114,-1.0231,-0.0145,-0.0145,-0.0033,0.0865,-0.0641,90.7586,0.0003,-0.0003,-0.0003
176.5999,0.0117,-0.0114,-1.0231,-0.0145,-0.0145,-0.0033,0.0865,-0.0641,90.7586,0.0003,-0.0003,-0.0003
176.7000,0.0117,-0.0114,-1.0231,-0.0145,-0.0145,-0.0033,0.0865,-0.0641,90.7586,0.0003,-0.0003,-0.0003
176.8001,0.0117,-0.0114,-1.0231,-0.0145,-0.0145,-0.0033,0.0865,-0.0641,90.7586,0.0003,-0.0003,-0.0003
176.8999,0.0117,-0.0114,-1.0231,-0.0145,-0.0145,-0.0033,0.0865,-0.0641,90.7586,0.0003,-0.0003,-0.0003
176.9999,0.0117,-0.0114,-1.0231,-0.0145,-0.0145,-0.0033,0.0865,-0.0641,90.7586,0.0003,-0.0003,-0.0003
177.1000,0.0117,-0.0114,-1.0231,-0.0145,-0.0145,-0.0033,0.0865,-0.0641,90.7586,0.0003,-0.0003,-0.0003
177.1999,0.0117,-0.0113,-1.0087,-0.0144,-0.0147,-0.0031,0.0864,-0.0648,90.7489,0.0002,-0.0002,-0.0004
177.3000,0.0117,-0.0113,-1.0087,-0.0144,-0.0147,-0.0031,0.0864,-0.0648,90.7489,0.0002,-0.0002,-0.0004
177.4001,0.0117,-0.0113,-1.0087,-0.0144,-0.0147,-0.0031,0.0864,-0.0648,90.7489,0.0002,-0.0002,-0.0004
177.5000,0.0117,-0.0113,-1.0087,-0.0144,-0.0147,-0.0031,0.0864,-0.0648,90.7489,0.0002,-0.0002,-0.0004
177.6000,0.0117,-0.0113,-1.0087,-0.0144,-0.0147,-0.0031,0.0864,-0.0648,90.7489,0.0002,-0.0002,-0.0004
177.7000,0.0117,-0.0113,-1.0087,-0.0144,-0.0147,-0.0031,0.0864,-0.0648,90.7489,0.0002,-0.0002,-0.0004
177.7999,0.0117,-0.0113,-1.0087,-0.0144,-0.0147,-0.0031,0.0864,-0.0648,90.7489,0.0002,-0.0002,-0.0004
177.8999,0.0117,-0.0113,-1.0087,-0.0144,-0.0147,-0.0031,0.0864,-0.0648,90.7489,0.0002,-0.0002,-0.0004
177.9999,0.0117,-0.0113,-1.0087,-0.0144,-0.0147,-0.0031,0.0864,-0.0648,90.7489,0.0002,-0.0002,-0.0004
178.1001,0.0117,-0.0113,-1.0087,-0.0144,-0.0147,-0.0031,0.0864,-0.0648,90.7489,0.0002,-0.0002,-0.0004
178.2000,0.0117,-0.0113,-1.0087,-0.0144,-0.0147,-0.0031,0.0864,-0.0648,90.7489,0.0002,-0.0002,-0.0004
178.3000,0.0117,-0.0113,-1.0087,-0.0144,-0.0147,-0.0031,0.0864,-0.0648,90.7489,0.0002,-0.0002,-0.0004
178.3999,0.0117,-0.0113,-1.0087,-0.0144,-0.0147,-0.0031,0.0864,-0.0648,90.7489,0.0002,-0.0002,-0.0004
178.4999,0.0117,-0.0113,-1.0087,-0.0144,-0.0147,-0.0031,0.0864,-0.0648,90.7489,0.0002,-0.0002,-0.0004
178.6000,0.0117,-0.0113,-1.0087,-0.0144,-0.0147,-0.0031,0.0864,-0.0648,90.7489,0.0002,-0.0002,-0.0004
178.7000,0.0117,-0.0113,-1.0087,-0.0144,-0.0147,-0.0031,0.0864,-0.0648,90.7489,0.0002,-0.0002,-0.0004
178.8000,0.0117,-0.0113,-1.0087,-0.0144,-0.0147,-0.0031,0.0864,-0.0648,90.7489,0.0002,-0.0002,-0.0004
178.8999,0.0117,-0.0113,-1.0087,-0.0144,-0.0147,-0.0031,0.0864,-0.0648,90.7489,0.0002,-0.0002,-0.0004
179.0000,0.0117,-0.0113,-1.0087,-0.0144,-0.0147,-0.0031,0.0864,-0.0648,90.7489,0.0002,-0.0002,-0.0004
179.0999,0.0117,-0.0113,-1.0087,-0.0144,-0.0147,-0.0031,0.0864,-0.0648,90.7489,0.0002,-0.0002,-0.0004
179.1999,0.0117,-0.0113,-1.0087,-0.0144,-0.0147,-0.0031,0.0864,-0.0648,90.7489,0.0002,-0.0002,-0.0004
179.3000,0.0117,-0.0113,-1.0087,-0.0144,-0.0147,-0.0031,0.0864,-0.0648,90.7489,0.0002,-0.0002,-0.0004
179.3999,0.0117,-0.0113,-1.0087,-0.0144,-0.0147,-0.0031,0.0864,-0.0648,90.7489,0.0002,-0.0002,-0.0004
179.5000,0.0117,-0.0113,-1.0087,-0.0144,-0.0147,-0.0031,0.0864,-0.0648,90.7489,0.0002,-0.0002,-0.0004
179.6000,0.0117,-0.0113,-1.0087,-0.0144,-0.0147,-0.0031,0.0864,-0.0648,90.7489,0.0002,-0.0002,-0.0004
179.7000,0.0117,-0.0113,-1.0087,-0.0144,-0.0147,-0.0031,0.0864,-0.0648,90.7489,0.0002,-0.0002,-0.0004
179.8000,0.0117,-0.0113,-1.0087,-0.0144,-0.0147,-0.0031,0.0864,-0.0648,90.7489,0.0002,-0.0002,-0.0004
179.8999,0.0117,-0.0113,-1.0087,-0.0144,-0.0147,-0.0031,0.0864,-0.0648,90.7489,0.0002,-0.0002,-0.0004
180.0000,0.0117,-0.0113,-1.0087,-0.0144,-0.0147,-0.0031,0.0864,-0.0648,90.7489,0.0002,-0.0002,-0.0004
