<?xml version="1.0" encoding="utf-8"?>
<COLLADA xmlns="http://www.collada.org/2005/11/COLLADASchema" version="1.4.1">
  <asset>
    <created>2025-01-01</created>
    <modified>2025-01-01</modified>
    <unit name="meter" meter="1"/>
    <up_axis>Z_UP</up_axis>
  </asset>
  <library_geometries>
    <geometry id="mesh0" name="mesh0">
      <mesh>
        <source id="mesh0-positions">
          <float_array id="mesh0-positions-array" count="3267">-2.500000 -2.500000 0.000000 -2.343750 -2.500000 0.000000 -2.187500 -2.500000 0.000000 -2.031250 -2.500000 0.000000 -1.875000 -2.500000 0.000000 -1.718750 -2.500000 0.000000 -1.562500 -2.500000 0.000000 -1.406250 -2.500000 0.000000 -1.250000 -2.500000 0.000000 -1.093750 -2.500000 0.000000 -0.937500 -2.500000 0.000000 -0.781250 -2.500000 0.000000 -0.625000 -2.500000 0.000000 -0.468750 -2.500000 0.000000 -0.312500 -2.500000 0.000000 -0.156250 -2.500000 0.000000 0.000000 -2.500000 0.000000 0.156250 -2.500000 0.000000 0.312500 -2.500000 0.000000 0.468750 -2.500000 0.000000 0.625000 -2.500000 0.000000 0.781250 -2.500000 0.000000 0.937500 -2.500000 0.000000 1.093750 -2.500000 0.000000 1.250000 -2.500000 0.000000 1.406250 -2.500000 0.000000 1.562500 -2.500000 0.000000 1.718750 -2.500000 0.000000 1.875000 -2.500000 0.000000 2.031250 -2.500000 0.000000 2.187500 -2.500000 0.000000 2.343750 -2.500000 0.000000 2.500000 -2.500000 0.000000 -2.500000 -2.343750 0.000000 -2.343750 -2.343750 0.000000 -2.187500 -2.343750 0.000000 -2.031250 -2.343750 0.000000 -1.875000 -2.343750 0.000000 -1.718750 -2.343750 0.000000 -1.562500 -2.343750 0.000000 -1.406250 -2.343750 0.000000 -1.250000 -2.343750 0.000000 -1.093750 -2.343750 0.000000 -0.937500 -2.343750 0.000000 -0.781250 -2.343750 0.000000 -0.625000 -2.343750 0.000000 -0.468750 -2.343750 0.000000 -0.312500 -2.343750 0.000000 -0.156250 -2.343750 0.000000 0.000000 -2.343750 0.000000 0.156250 -2.343750 0.000000 0.312500 -2.343750 0.000000 0.468750 -2.343750 0.000000 0.625000 -2.343750 0.000000 0.781250 -2.343750 0.000000 0.937500 -2.343750 0.000000 1.093750 -2.343750 0.000000 1.250000 -2.343750 0.000000 1.406250 -2.343750 0.000000 1.562500 -2.343750 0.000000 1.718750 -2.343750 0.000000 1.875000 -2.343750 0.000000 2.031250 -2.343750 0.000000 2.187500 -2.343750 0.000000 2.343750 -2.343750 0.000000 2.500000 -2.343750 0.000000 -2.500000 -2.187500 0.000000 -2.343750 -2.187500 0.000000 -2.187500 -2.187500 0.000000 -2.031250 -2.187500 0.000000 -1.875000 -2.187500 0.000000 -1.718750 -2.187500 0.000000 -1.562500 -2.187500 0.000000 -1.406250 -2.187500 0.000000 -1.250000 -2.187500 0.000000 -1.093750 -2.187500 0.000000 -0.937500 -2.187500 0.000000 -0.781250 -2.187500 0.000000 -0.625000 -2.187500 0.000000 -0.468750 -2.187500 0.000000 -0.312500 -2.187500 0.000000 -0.156250 -2.187500 0.000000 0.000000 -2.187500 0.000000 0.156250 -2.187500 0.000000 0.312500 -2.187500 0.000000 0.468750 -2.187500 0.000000 0.625000 -2.187500 0.000000 0.781250 -2.187500 0.000000 0.937500 -2.187500 0.000000 1.093750 -2.187500 0.000000 1.250000 -2.187500 0.000000 1.406250 -2.187500 0.000000 1.562500 -2.187500 0.000000 1.718750 -2.187500 0.000000 1.875000 -2.187500 0.000000 2.031250 -2.187500 0.000000 2.187500 -2.187500 0.000000 2.343750 -2.187500 0.000000 2.500000 -2.187500 0.000000 -2.500000 -2.031250 0.000000 -2.343750 -2.031250 0.000000 -2.187500 -2.031250 0.000000 -2.031250 -2.031250 0.000000 -1.875000 -2.031250 0.000000 -1.718750 -2.031250 0.000000 -1.562500 -2.031250 0.000000 -1.406250 -2.031250 0.000000 -1.250000 -2.031250 0.000000 -1.093750 -2.031250 0.000000 -0.937500 -2.031250 0.000000 -0.781250 -2.031250 0.000000 -0.625000 -2.031250 0.000000 -0.468750 -2.031250 0.000000 -0.312500 -2.031250 0.000000 -0.156250 -2.031250 0.000000 0.000000 -2.031250 0.000000 0.156250 -2.031250 0.000000 0.312500 -2.031250 0.000000 0.468750 -2.031250 0.000000 0.625000 -2.031250 0.000000 0.781250 -2.031250 0.000000 0.937500 -2.031250 0.000000 1.093750 -2.031250 0.000000 1.250000 -2.031250 0.000000 1.406250 -2.031250 0.000000 1.562500 -2.031250 0.000000 1.718750 -2.031250 0.000000 1.875000 -2.031250 0.000000 2.031250 -2.031250 0.000000 2.187500 -2.031250 0.000000 2.343750 -2.031250 0.000000 2.500000 -2.031250 0.000000 -2.500000 -1.875000 0.000000 -2.343750 -1.875000 0.000000 -2.187500 -1.875000 0.000000 -2.031250 -1.875000 0.000000 -1.875000 -1.875000 0.000000 -1.718750 -1.875000 0.000000 -1.562500 -1.875000 0.000000 -1.406250 -1.875000 0.000000 -1.250000 -1.875000 0.000000 -1.093750 -1.875000 0.000000 -0.937500 -1.875000 0.000000 -0.781250 -1.875000 0.000000 -0.625000 -1.875000 0.000000 -0.468750 -1.875000 0.000000 -0.312500 -1.875000 0.000000 -0.156250 -1.875000 0.000000 0.000000 -1.875000 0.000000 0.156250 -1.875000 0.000000 0.312500 -1.875000 0.000000 0.468750 -1.875000 0.000000 0.625000 -1.875000 0.000000 0.781250 -1.875000 0.000000 0.937500 -1.875000 0.000000 1.093750 -1.875000 0.000000 1.250000 -1.875000 0.000000 1.406250 -1.875000 0.000000 1.562500 -1.875000 0.000000 1.718750 -1.875000 0.000000 1.875000 -1.875000 0.000000 2.031250 -1.875000 0.000000 2.187500 -1.875000 0.000000 2.343750 -1.875000 0.000000 2.500000 -1.875000 0.000000 -2.500000 -1.718750 0.000000 -2.343750 -1.718750 0.000000 -2.187500 -1.718750 0.000000 -2.031250 -1.718750 0.000000 -1.875000 -1.718750 0.000000 -1.718750 -1.718750 0.000000 -1.562500 -1.718750 0.000000 -1.406250 -1.718750 0.000000 -1.250000 -1.718750 0.000000 -1.093750 -1.718750 0.000000 -0.937500 -1.718750 0.000000 -0.781250 -1.718750 0.000000 -0.625000 -1.718750 0.000000 -0.468750 -1.718750 0.000000 -0.312500 -1.718750 0.000000 -0.156250 -1.718750 0.000000 0.000000 -1.718750 0.000000 0.156250 -1.718750 0.000000 0.312500 -1.718750 0.000000 0.468750 -1.718750 0.000000 0.625000 -1.718750 0.000000 0.781250 -1.718750 0.000000 0.937500 -1.718750 0.000000 1.093750 -1.718750 0.000000 1.250000 -1.718750 0.000000 1.406250 -1.718750 0.000000 1.562500 -1.718750 0.000000 1.718750 -1.718750 0.000000 1.875000 -1.718750 0.000000 2.031250 -1.718750 0.000000 2.187500 -1.718750 0.000000 2.343750 -1.718750 0.000000 2.500000 -1.718750 0.000000 -2.500000 -1.562500 0.000000 -2.343750 -1.562500 0.000000 -2.187500 -1.562500 0.000000 -2.031250 -1.562500 0.000000 -1.875000 -1.562500 0.000000 -1.718750 -1.562500 0.000000 -1.562500 -1.562500 0.000000 -1.406250 -1.562500 0.000000 -1.250000 -1.562500 0.000000 -1.093750 -1.562500 0.000000 -0.937500 -1.562500 0.000000 -0.781250 -1.562500 0.000000 -0.625000 -1.562500 0.000000 -0.468750 -1.562500 0.000000 -0.312500 -1.562500 0.000000 -0.156250 -1.562500 0.000000 0.000000 -1.562500 0.000000 0.156250 -1.562500 0.000000 0.312500 -1.562500 0.000000 0.468750 -1.562500 0.000000 0.625000 -1.562500 0.000000 0.781250 -1.562500 0.000000 0.937500 -1.562500 0.000000 1.093750 -1.562500 0.000000 1.250000 -1.562500 0.000000 1.406250 -1.562500 0.000000 1.562500 -1.562500 0.000000 1.718750 -1.562500 0.000000 1.875000 -1.562500 0.000000 2.031250 -1.562500 0.000000 2.187500 -1.562500 0.000000 2.343750 -1.562500 0.000000 2.500000 -1.562500 0.000000 -2.500000 -1.406250 0.000000 -2.343750 -1.406250 0.000000 -2.187500 -1.406250 0.000000 -2.031250 -1.406250 0.000000 -1.875000 -1.406250 0.000000 -1.718750 -1.406250 0.000000 -1.562500 -1.406250 0.000000 -1.406250 -1.406250 0.000000 -1.250000 -1.406250 0.000000 -1.093750 -1.406250 0.000000 -0.937500 -1.406250 0.000000 -0.781250 -1.406250 0.000000 -0.625000 -1.406250 0.000000 -0.468750 -1.406250 0.000000 -0.312500 -1.406250 0.000000 -0.156250 -1.406250 0.000000 0.000000 -1.406250 0.000000 0.156250 -1.406250 0.000000 0.312500 -1.406250 0.000000 0.468750 -1.406250 0.000000 0.625000 -1.406250 0.000000 0.781250 -1.406250 0.000000 0.937500 -1.406250 0.000000 1.093750 -1.406250 0.000000 1.250000 -1.406250 0.000000 1.406250 -1.406250 0.000000 1.562500 -1.406250 0.000000 1.718750 -1.406250 0.000000 1.875000 -1.406250 0.000000 2.031250 -1.406250 0.000000 2.187500 -1.406250 0.000000 2.343750 -1.406250 0.000000 2.500000 -1.406250 0.000000 -2.500000 -1.250000 0.000000 -2.343750 -1.250000 0.000000 -2.187500 -1.250000 0.000000 -2.031250 -1.250000 0.000000 -1.875000 -1.250000 0.000000 -1.718750 -1.250000 0.000000 -1.562500 -1.250000 0.000000 -1.406250 -1.250000 0.000000 -1.250000 -1.250000 0.000000 -1.093750 -1.250000 0.000000 -0.937500 -1.250000 0.000000 -0.781250 -1.250000 0.000000 -0.625000 -1.250000 0.000000 -0.468750 -1.250000 0.000000 -0.312500 -1.250000 0.000000 -0.156250 -1.250000 0.000000 0.000000 -1.250000 0.000000 0.156250 -1.250000 0.000000 0.312500 -1.250000 0.000000 0.468750 -1.250000 0.000000 0.625000 -1.250000 0.000000 0.781250 -1.250000 0.000000 0.937500 -1.250000 0.000000 1.093750 -1.250000 0.000000 1.250000 -1.250000 0.000000 1.406250 -1.250000 0.000000 1.562500 -1.250000 0.000000 1.718750 -1.250000 0.000000 1.875000 -1.250000 0.000000 2.031250 -1.250000 0.000000 2.187500 -1.250000 0.000000 2.343750 -1.250000 0.000000 2.500000 -1.250000 0.000000 -2.500000 -1.093750 0.000000 -2.343750 -1.093750 0.000000 -2.187500 -1.093750 0.000000 -2.031250 -1.093750 0.000000 -1.875000 -1.093750 0.000000 -1.718750 -1.093750 0.000000 -1.562500 -1.093750 0.000000 -1.406250 -1.093750 0.000000 -1.250000 -1.093750 0.000000 -1.093750 -1.093750 0.000000 -0.937500 -1.093750 0.000000 -0.781250 -1.093750 0.000000 -0.625000 -1.093750 0.000000 -0.468750 -1.093750 0.000000 -0.312500 -1.093750 0.000000 -0.156250 -1.093750 0.000000 0.000000 -1.093750 0.000000 0.156250 -1.093750 0.000000 0.312500 -1.093750 0.000000 0.468750 -1.093750 0.000000 0.625000 -1.093750 0.000000 0.781250 -1.093750 0.000000 0.937500 -1.093750 0.000000 1.093750 -1.093750 0.000000 1.250000 -1.093750 0.000000 1.406250 -1.093750 0.000000 1.562500 -1.093750 0.000000 1.718750 -1.093750 0.000000 1.875000 -1.093750 0.000000 2.031250 -1.093750 0.000000 2.187500 -1.093750 0.000000 2.343750 -1.093750 0.000000 2.500000 -1.093750 0.000000 -2.500000 -0.937500 0.000000 -2.343750 -0.937500 0.000000 -2.187500 -0.937500 0.000000 -2.031250 -0.937500 0.000000 -1.875000 -0.937500 0.000000 -1.718750 -0.937500 0.000000 -1.562500 -0.937500 0.000000 -1.406250 -0.937500 0.000000 -1.250000 -0.937500 0.000000 -1.093750 -0.937500 0.000000 -0.937500 -0.937500 0.000000 -0.781250 -0.937500 0.000000 -0.625000 -0.937500 0.000000 -0.468750 -0.937500 0.000000 -0.312500 -0.937500 0.000000 -0.156250 -0.937500 0.000000 0.000000 -0.937500 0.000000 0.156250 -0.937500 0.000000 0.312500 -0.937500 0.000000 0.468750 -0.937500 0.000000 0.625000 -0.937500 0.000000 0.781250 -0.937500 0.000000 0.937500 -0.937500 0.000000 1.093750 -0.937500 0.000000 1.250000 -0.937500 0.000000 1.406250 -0.937500 0.000000 1.562500 -0.937500 0.000000 1.718750 -0.937500 0.000000 1.875000 -0.937500 0.000000 2.031250 -0.937500 0.000000 2.187500 -0.937500 0.000000 2.343750 -0.937500 0.000000 2.500000 -0.937500 0.000000 -2.500000 -0.781250 0.000000 -2.343750 -0.781250 0.000000 -2.187500 -0.781250 0.000000 -2.031250 -0.781250 0.000000 -1.875000 -0.781250 0.000000 -1.718750 -0.781250 0.000000 -1.562500 -0.781250 0.000000 -1.406250 -0.781250 0.000000 -1.250000 -0.781250 0.000000 -1.093750 -0.781250 0.000000 -0.937500 -0.781250 0.000000 -0.781250 -0.781250 0.000000 -0.625000 -0.781250 0.000000 -0.468750 -0.781250 0.000000 -0.312500 -0.781250 0.000000 -0.156250 -0.781250 0.000000 0.000000 -0.781250 0.000000 0.156250 -0.781250 0.000000 0.312500 -0.781250 0.000000 0.468750 -0.781250 0.000000 0.625000 -0.781250 0.000000 0.781250 -0.781250 0.000000 0.937500 -0.781250 0.000000 1.093750 -0.781250 0.000000 1.250000 -0.781250 0.000000 1.406250 -0.781250 0.000000 1.562500 -0.781250 0.000000 1.718750 -0.781250 0.000000 1.875000 -0.781250 0.000000 2.031250 -0.781250 0.000000 2.187500 -0.781250 0.000000 2.343750 -0.781250 0.000000 2.500000 -0.781250 0.000000 -2.500000 -0.625000 0.000000 -2.343750 -0.625000 0.000000 -2.187500 -0.625000 0.000000 -2.031250 -0.625000 0.000000 -1.875000 -0.625000 0.000000 -1.718750 -0.625000 0.000000 -1.562500 -0.625000 0.000000 -1.406250 -0.625000 0.000000 -1.250000 -0.625000 0.000000 -1.093750 -0.625000 0.000000 -0.937500 -0.625000 0.000000 -0.781250 -0.625000 0.000000 -0.625000 -0.625000 0.000000 -0.468750 -0.625000 0.000000 -0.312500 -0.625000 0.000000 -0.156250 -0.625000 0.000000 0.000000 -0.625000 0.000000 0.156250 -0.625000 0.000000 0.312500 -0.625000 0.000000 0.468750 -0.625000 0.000000 0.625000 -0.625000 0.000000 0.781250 -0.625000 0.000000 0.937500 -0.625000 0.000000 1.093750 -0.625000 0.000000 1.250000 -0.625000 0.000000 1.406250 -0.625000 0.000000 1.562500 -0.625000 0.000000 1.718750 -0.625000 0.000000 1.875000 -0.625000 0.000000 2.031250 -0.625000 0.000000 2.187500 -0.625000 0.000000 2.343750 -0.625000 0.000000 2.500000 -0.625000 0.000000 -2.500000 -0.468750 0.000000 -2.343750 -0.468750 0.000000 -2.187500 -0.468750 0.000000 -2.031250 -0.468750 0.000000 -1.875000 -0.468750 0.000000 -1.718750 -0.468750 0.000000 -1.562500 -0.468750 0.000000 -1.406250 -0.468750 0.000000 -1.250000 -0.468750 0.000000 -1.093750 -0.468750 0.000000 -0.937500 -0.468750 0.000000 -0.781250 -0.468750 0.000000 -0.625000 -0.468750 0.000000 -0.468750 -0.468750 0.000000 -0.312500 -0.468750 0.000000 -0.156250 -0.468750 0.000000 0.000000 -0.468750 0.000000 0.156250 -0.468750 0.000000 0.312500 -0.468750 0.000000 0.468750 -0.468750 0.000000 0.625000 -0.468750 0.000000 0.781250 -0.468750 0.000000 0.937500 -0.468750 0.000000 1.093750 -0.468750 0.000000 1.250000 -0.468750 0.000000 1.406250 -0.468750 0.000000 1.562500 -0.468750 0.000000 1.718750 -0.468750 0.000000 1.875000 -0.468750 0.000000 2.031250 -0.468750 0.000000 2.187500 -0.468750 0.000000 2.343750 -0.468750 0.000000 2.500000 -0.468750 0.000000 -2.500000 -0.312500 0.000000 -2.343750 -0.312500 0.000000 -2.187500 -0.312500 0.000000 -2.031250 -0.312500 0.000000 -1.875000 -0.312500 0.000000 -1.718750 -0.312500 0.000000 -1.562500 -0.312500 0.000000 -1.406250 -0.312500 0.000000 -1.250000 -0.312500 0.000000 -1.093750 -0.312500 0.000000 -0.937500 -0.312500 0.000000 -0.781250 -0.312500 0.000000 -0.625000 -0.312500 0.000000 -0.468750 -0.312500 0.000000 -0.312500 -0.312500 0.000000 -0.156250 -0.312500 0.000000 0.000000 -0.312500 0.000000 0.156250 -0.312500 0.000000 0.312500 -0.312500 0.000000 0.468750 -0.312500 0.000000 0.625000 -0.312500 0.000000 0.781250 -0.312500 0.000000 0.937500 -0.312500 0.000000 1.093750 -0.312500 0.000000 1.250000 -0.312500 0.000000 1.406250 -0.312500 0.000000 1.562500 -0.312500 0.000000 1.718750 -0.312500 0.000000 1.875000 -0.312500 0.000000 2.031250 -0.312500 0.000000 2.187500 -0.312500 0.000000 2.343750 -0.312500 0.000000 2.500000 -0.312500 0.000000 -2.500000 -0.156250 0.000000 -2.343750 -0.156250 0.000000 -2.187500 -0.156250 0.000000 -2.031250 -0.156250 0.000000 -1.875000 -0.156250 0.000000 -1.718750 -0.156250 0.000000 -1.562500 -0.156250 0.000000 -1.406250 -0.156250 0.000000 -1.250000 -0.156250 0.000000 -1.093750 -0.156250 0.000000 -0.937500 -0.156250 0.000000 -0.781250 -0.156250 0.000000 -0.625000 -0.156250 0.000000 -0.468750 -0.156250 0.000000 -0.312500 -0.156250 0.000000 -0.156250 -0.156250 0.000000 0.000000 -0.156250 0.000000 0.156250 -0.156250 0.000000 0.312500 -0.156250 0.000000 0.468750 -0.156250 0.000000 0.625000 -0.156250 0.000000 0.781250 -0.156250 0.000000 0.937500 -0.156250 0.000000 1.093750 -0.156250 0.000000 1.250000 -0.156250 0.000000 1.406250 -0.156250 0.000000 1.562500 -0.156250 0.000000 1.718750 -0.156250 0.000000 1.875000 -0.156250 0.000000 2.031250 -0.156250 0.000000 2.187500 -0.156250 0.000000 2.343750 -0.156250 0.000000 2.500000 -0.156250 0.000000 -2.500000 0.000000 0.000000 -2.343750 0.000000 0.000000 -2.187500 0.000000 0.000000 -2.031250 0.000000 0.000000 -1.875000 0.000000 0.000000 -1.718750 0.000000 0.000000 -1.562500 0.000000 0.000000 -1.406250 0.000000 0.000000 -1.250000 0.000000 0.000000 -1.093750 0.000000 0.000000 -0.937500 0.000000 0.000000 -0.781250 0.000000 0.000000 -0.625000 0.000000 0.000000 -0.468750 0.000000 0.000000 -0.312500 0.000000 0.000000 -0.156250 0.000000 0.000000 0.000000 0.000000 0.000000 0.156250 0.000000 0.000000 0.312500 0.000000 0.000000 0.468750 0.000000 0.000000 0.625000 0.000000 0.000000 0.781250 0.000000 0.000000 0.937500 0.000000 0.000000 1.093750 0.000000 0.000000 1.250000 0.000000 0.000000 1.406250 0.000000 0.000000 1.562500 0.000000 0.000000 1.718750 0.000000 0.000000 1.875000 0.000000 0.000000 2.031250 0.000000 0.000000 2.187500 0.000000 0.000000 2.343750 0.000000 0.000000 2.500000 0.000000 0.000000 -2.500000 0.156250 0.000000 -2.343750 0.156250 0.000000 -2.187500 0.156250 0.000000 -2.031250 0.156250 0.000000 -1.875000 0.156250 0.000000 -1.718750 0.156250 0.000000 -1.562500 0.156250 0.000000 -1.406250 0.156250 0.000000 -1.250000 0.156250 0.000000 -1.093750 0.156250 0.000000 -0.937500 0.156250 0.000000 -0.781250 0.156250 0.000000 -0.625000 0.156250 0.000000 -0.468750 0.156250 0.000000 -0.312500 0.156250 0.000000 -0.156250 0.156250 0.000000 0.000000 0.156250 0.000000 0.156250 0.156250 0.000000 0.312500 0.156250 0.000000 0.468750 0.156250 0.000000 0.625000 0.156250 0.000000 0.781250 0.156250 0.000000 0.937500 0.156250 0.000000 1.093750 0.156250 0.000000 1.250000 0.156250 0.000000 1.406250 0.156250 0.000000 1.562500 0.156250 0.000000 1.718750 0.156250 0.000000 1.875000 0.156250 0.000000 2.031250 0.156250 0.000000 2.187500 0.156250 0.000000 2.343750 0.156250 0.000000 2.500000 0.156250 0.000000 -2.500000 0.312500 0.000000 -2.343750 0.312500 0.000000 -2.187500 0.312500 0.000000 -2.031250 0.312500 0.000000 -1.875000 0.312500 0.000000 -1.718750 0.312500 0.000000 -1.562500 0.312500 0.000000 -1.406250 0.312500 0.000000 -1.250000 0.312500 0.000000 -1.093750 0.312500 0.000000 -0.937500 0.312500 0.000000 -0.781250 0.312500 0.000000 -0.625000 0.312500 0.000000 -0.468750 0.312500 0.000000 -0.312500 0.312500 0.000000 -0.156250 0.312500 0.000000 0.000000 0.312500 0.000000 0.156250 0.312500 0.000000 0.312500 0.312500 0.000000 0.468750 0.312500 0.000000 0.625000 0.312500 0.000000 0.781250 0.312500 0.000000 0.937500 0.312500 0.000000 1.093750 0.312500 0.000000 1.250000 0.312500 0.000000 1.406250 0.312500 0.000000 1.562500 0.312500 0.000000 1.718750 0.312500 0.000000 1.875000 0.312500 0.000000 2.031250 0.312500 0.000000 2.187500 0.312500 0.000000 2.343750 0.312500 0.000000 2.500000 0.312500 0.000000 -2.500000 0.468750 0.000000 -2.343750 0.468750 0.000000 -2.187500 0.468750 0.000000 -2.031250 0.468750 0.000000 -1.875000 0.468750 0.000000 -1.718750 0.468750 0.000000 -1.562500 0.468750 0.000000 -1.406250 0.468750 0.000000 -1.250000 0.468750 0.000000 -1.093750 0.468750 0.000000 -0.937500 0.468750 0.000000 -0.781250 0.468750 0.000000 -0.625000 0.468750 0.000000 -0.468750 0.468750 0.000000 -0.312500 0.468750 0.000000 -0.156250 0.468750 0.000000 0.000000 0.468750 0.000000 0.156250 0.468750 0.000000 0.312500 0.468750 0.000000 0.468750 0.468750 0.000000 0.625000 0.468750 0.000000 0.781250 0.468750 0.000000 0.937500 0.468750 0.000000 1.093750 0.468750 0.000000 1.250000 0.468750 0.000000 1.406250 0.468750 0.000000 1.562500 0.468750 0.000000 1.718750 0.468750 0.000000 1.875000 0.468750 0.000000 2.031250 0.468750 0.000000 2.187500 0.468750 0.000000 2.343750 0.468750 0.000000 2.500000 0.468750 0.000000 -2.500000 0.625000 0.000000 -2.343750 0.625000 0.000000 -2.187500 0.625000 0.000000 -2.031250 0.625000 0.000000 -1.875000 0.625000 0.000000 -1.718750 0.625000 0.000000 -1.562500 0.625000 0.000000 -1.406250 0.625000 0.000000 -1.250000 0.625000 0.000000 -1.093750 0.625000 0.000000 -0.937500 0.625000 0.000000 -0.781250 0.625000 0.000000 -0.625000 0.625000 0.000000 -0.468750 0.625000 0.000000 -0.312500 0.625000 0.000000 -0.156250 0.625000 0.000000 0.000000 0.625000 0.000000 0.156250 0.625000 0.000000 0.312500 0.625000 0.000000 0.468750 0.625000 0.000000 0.625000 0.625000 0.000000 0.781250 0.625000 0.000000 0.937500 0.625000 0.000000 1.093750 0.625000 0.000000 1.250000 0.625000 0.000000 1.406250 0.625000 0.000000 1.562500 0.625000 0.000000 1.718750 0.625000 0.000000 1.875000 0.625000 0.000000 2.031250 0.625000 0.000000 2.187500 0.625000 0.000000 2.343750 0.625000 0.000000 2.500000 0.625000 0.000000 -2.500000 0.781250 0.000000 -2.343750 0.781250 0.000000 -2.187500 0.781250 0.000000 -2.031250 0.781250 0.000000 -1.875000 0.781250 0.000000 -1.718750 0.781250 0.000000 -1.562500 0.781250 0.000000 -1.406250 0.781250 0.000000 -1.250000 0.781250 0.000000 -1.093750 0.781250 0.000000 -0.937500 0.781250 0.000000 -0.781250 0.781250 0.000000 -0.625000 0.781250 0.000000 -0.468750 0.781250 0.000000 -0.312500 0.781250 0.000000 -0.156250 0.781250 0.000000 0.000000 0.781250 0.000000 0.156250 0.781250 0.000000 0.312500 0.781250 0.000000 0.468750 0.781250 0.000000 0.625000 0.781250 0.000000 0.781250 0.781250 0.000000 0.937500 0.781250 0.000000 1.093750 0.781250 0.000000 1.250000 0.781250 0.000000 1.406250 0.781250 0.000000 1.562500 0.781250 0.000000 1.718750 0.781250 0.000000 1.875000 0.781250 0.000000 2.031250 0.781250 0.000000 2.187500 0.781250 0.000000 2.343750 0.781250 0.000000 2.500000 0.781250 0.000000 -2.500000 0.937500 0.000000 -2.343750 0.937500 0.000000 -2.187500 0.937500 0.000000 -2.031250 0.937500 0.000000 -1.875000 0.937500 0.000000 -1.718750 0.937500 0.000000 -1.562500 0.937500 0.000000 -1.406250 0.937500 0.000000 -1.250000 0.937500 0.000000 -1.093750 0.937500 0.000000 -0.937500 0.937500 0.000000 -0.781250 0.937500 0.000000 -0.625000 0.937500 0.000000 -0.468750 0.937500 0.000000 -0.312500 0.937500 0.000000 -0.156250 0.937500 0.000000 0.000000 0.937500 0.000000 0.156250 0.937500 0.000000 0.312500 0.937500 0.000000 0.468750 0.937500 0.000000 0.625000 0.937500 0.000000 0.781250 0.937500 0.000000 0.937500 0.937500 0.000000 1.093750 0.937500 0.000000 1.250000 0.937500 0.000000 1.406250 0.937500 0.000000 1.562500 0.937500 0.000000 1.718750 0.937500 0.000000 1.875000 0.937500 0.000000 2.031250 0.937500 0.000000 2.187500 0.937500 0.000000 2.343750 0.937500 0.000000 2.500000 0.937500 0.000000 -2.500000 1.093750 0.000000 -2.343750 1.093750 0.000000 -2.187500 1.093750 0.000000 -2.031250 1.093750 0.000000 -1.875000 1.093750 0.000000 -1.718750 1.093750 0.000000 -1.562500 1.093750 0.000000 -1.406250 1.093750 0.000000 -1.250000 1.093750 0.000000 -1.093750 1.093750 0.000000 -0.937500 1.093750 0.000000 -0.781250 1.093750 0.000000 -0.625000 1.093750 0.000000 -0.468750 1.093750 0.000000 -0.312500 1.093750 0.000000 -0.156250 1.093750 0.000000 0.000000 1.093750 0.000000 0.156250 1.093750 0.000000 0.312500 1.093750 0.000000 0.468750 1.093750 0.000000 0.625000 1.093750 0.000000 0.781250 1.093750 0.000000 0.937500 1.093750 0.000000 1.093750 1.093750 0.000000 1.250000 1.093750 0.000000 1.406250 1.093750 0.000000 1.562500 1.093750 0.000000 1.718750 1.093750 0.000000 1.875000 1.093750 0.000000 2.031250 1.093750 0.000000 2.187500 1.093750 0.000000 2.343750 1.093750 0.000000 2.500000 1.093750 0.000000 -2.500000 1.250000 0.000000 -2.343750 1.250000 0.000000 -2.187500 1.250000 0.000000 -2.031250 1.250000 0.000000 -1.875000 1.250000 0.000000 -1.718750 1.250000 0.000000 -1.562500 1.250000 0.000000 -1.406250 1.250000 0.000000 -1.250000 1.250000 0.000000 -1.093750 1.250000 0.000000 -0.937500 1.250000 0.000000 -0.781250 1.250000 0.000000 -0.625000 1.250000 0.000000 -0.468750 1.250000 0.000000 -0.312500 1.250000 0.000000 -0.156250 1.250000 0.000000 0.000000 1.250000 0.000000 0.156250 1.250000 0.000000 0.312500 1.250000 0.000000 0.468750 1.250000 0.000000 0.625000 1.250000 0.000000 0.781250 1.250000 0.000000 0.937500 1.250000 0.000000 1.093750 1.250000 0.000000 1.250000 1.250000 0.000000 1.406250 1.250000 0.000000 1.562500 1.250000 0.000000 1.718750 1.250000 0.000000 1.875000 1.250000 0.000000 2.031250 1.250000 0.000000 2.187500 1.250000 0.000000 2.343750 1.250000 0.000000 2.500000 1.250000 0.000000 -2.500000 1.406250 0.000000 -2.343750 1.406250 0.000000 -2.187500 1.406250 0.000000 -2.031250 1.406250 0.000000 -1.875000 1.406250 0.000000 -1.718750 1.406250 0.000000 -1.562500 1.406250 0.000000 -1.406250 1.406250 0.000000 -1.250000 1.406250 0.000000 -1.093750 1.406250 0.000000 -0.937500 1.406250 0.000000 -0.781250 1.406250 0.000000 -0.625000 1.406250 0.000000 -0.468750 1.406250 0.000000 -0.312500 1.406250 0.000000 -0.156250 1.406250 0.000000 0.000000 1.406250 0.000000 0.156250 1.406250 0.000000 0.312500 1.406250 0.000000 0.468750 1.406250 0.000000 0.625000 1.406250 0.000000 0.781250 1.406250 0.000000 0.937500 1.406250 0.000000 1.093750 1.406250 0.000000 1.250000 1.406250 0.000000 1.406250 1.406250 0.000000 1.562500 1.406250 0.000000 1.718750 1.406250 0.000000 1.875000 1.406250 0.000000 2.031250 1.406250 0.000000 2.187500 1.406250 0.000000 2.343750 1.406250 0.000000 2.500000 1.406250 0.000000 -2.500000 1.562500 0.000000 -2.343750 1.562500 0.000000 -2.187500 1.562500 0.000000 -2.031250 1.562500 0.000000 -1.875000 1.562500 0.000000 -1.718750 1.562500 0.000000 -1.562500 1.562500 0.000000 -1.406250 1.562500 0.000000 -1.250000 1.562500 0.000000 -1.093750 1.562500 0.000000 -0.937500 1.562500 0.000000 -0.781250 1.562500 0.000000 -0.625000 1.562500 0.000000 -0.468750 1.562500 0.000000 -0.312500 1.562500 0.000000 -0.156250 1.562500 0.000000 0.000000 1.562500 0.000000 0.156250 1.562500 0.000000 0.312500 1.562500 0.000000 0.468750 1.562500 0.000000 0.625000 1.562500 0.000000 0.781250 1.562500 0.000000 0.937500 1.562500 0.000000 1.093750 1.562500 0.000000 1.250000 1.562500 0.000000 1.406250 1.562500 0.000000 1.562500 1.562500 0.000000 1.718750 1.562500 0.000000 1.875000 1.562500 0.000000 2.031250 1.562500 0.000000 2.187500 1.562500 0.000000 2.343750 1.562500 0.000000 2.500000 1.562500 0.000000 -2.500000 1.718750 0.000000 -2.343750 1.718750 0.000000 -2.187500 1.718750 0.000000 -2.031250 1.718750 0.000000 -1.875000 1.718750 0.000000 -1.718750 1.718750 0.000000 -1.562500 1.718750 0.000000 -1.406250 1.718750 0.000000 -1.250000 1.718750 0.000000 -1.093750 1.718750 0.000000 -0.937500 1.718750 0.000000 -0.781250 1.718750 0.000000 -0.625000 1.718750 0.000000 -0.468750 1.718750 0.000000 -0.312500 1.718750 0.000000 -0.156250 1.718750 0.000000 0.000000 1.718750 0.000000 0.156250 1.718750 0.000000 0.312500 1.718750 0.000000 0.468750 1.718750 0.000000 0.625000 1.718750 0.000000 0.781250 1.718750 0.000000 0.937500 1.718750 0.000000 1.093750 1.718750 0.000000 1.250000 1.718750 0.000000 1.406250 1.718750 0.000000 1.562500 1.718750 0.000000 1.718750 1.718750 0.000000 1.875000 1.718750 0.000000 2.031250 1.718750 0.000000 2.187500 1.718750 0.000000 2.343750 1.718750 0.000000 2.500000 1.718750 0.000000 -2.500000 1.875000 0.000000 -2.343750 1.875000 0.000000 -2.187500 1.875000 0.000000 -2.031250 1.875000 0.000000 -1.875000 1.875000 0.000000 -1.718750 1.875000 0.000000 -1.562500 1.875000 0.000000 -1.406250 1.875000 0.000000 -1.250000 1.875000 0.000000 -1.093750 1.875000 0.000000 -0.937500 1.875000 0.000000 -0.781250 1.875000 0.000000 -0.625000 1.875000 0.000000 -0.468750 1.875000 0.000000 -0.312500 1.875000 0.000000 -0.156250 1.875000 0.000000 0.000000 1.875000 0.000000 0.156250 1.875000 0.000000 0.312500 1.875000 0.000000 0.468750 1.875000 0.000000 0.625000 1.875000 0.000000 0.781250 1.875000 0.000000 0.937500 1.875000 0.000000 1.093750 1.875000 0.000000 1.250000 1.875000 0.000000 1.406250 1.875000 0.000000 1.562500 1.875000 0.000000 1.718750 1.875000 0.000000 1.875000 1.875000 0.000000 2.031250 1.875000 0.000000 2.187500 1.875000 0.000000 2.343750 1.875000 0.000000 2.500000 1.875000 0.000000 -2.500000 2.031250 0.000000 -2.343750 2.031250 0.000000 -2.187500 2.031250 0.000000 -2.031250 2.031250 0.000000 -1.875000 2.031250 0.000000 -1.718750 2.031250 0.000000 -1.562500 2.031250 0.000000 -1.406250 2.031250 0.000000 -1.250000 2.031250 0.000000 -1.093750 2.031250 0.000000 -0.937500 2.031250 0.000000 -0.781250 2.031250 0.000000 -0.625000 2.031250 0.000000 -0.468750 2.031250 0.000000 -0.312500 2.031250 0.000000 -0.156250 2.031250 0.000000 0.000000 2.031250 0.000000 0.156250 2.031250 0.000000 0.312500 2.031250 0.000000 0.468750 2.031250 0.000000 0.625000 2.031250 0.000000 0.781250 2.031250 0.000000 0.937500 2.031250 0.000000 1.093750 2.031250 0.000000 1.250000 2.031250 0.000000 1.406250 2.031250 0.000000 1.562500 2.031250 0.000000 1.718750 2.031250 0.000000 1.875000 2.031250 0.000000 2.031250 2.031250 0.000000 2.187500 2.031250 0.000000 2.343750 2.031250 0.000000 2.500000 2.031250 0.000000 -2.500000 2.187500 0.000000 -2.343750 2.187500 0.000000 -2.187500 2.187500 0.000000 -2.031250 2.187500 0.000000 -1.875000 2.187500 0.000000 -1.718750 2.187500 0.000000 -1.562500 2.187500 0.000000 -1.406250 2.187500 0.000000 -1.250000 2.187500 0.000000 -1.093750 2.187500 0.000000 -0.937500 2.187500 0.000000 -0.781250 2.187500 0.000000 -0.625000 2.187500 0.000000 -0.468750 2.187500 0.000000 -0.312500 2.187500 0.000000 -0.156250 2.187500 0.000000 0.000000 2.187500 0.000000 0.156250 2.187500 0.000000 0.312500 2.187500 0.000000 0.468750 2.187500 0.000000 0.625000 2.187500 0.000000 0.781250 2.187500 0.000000 0.937500 2.187500 0.000000 1.093750 2.187500 0.000000 1.250000 2.187500 0.000000 1.406250 2.187500 0.000000 1.562500 2.187500 0.000000 1.718750 2.187500 0.000000 1.875000 2.187500 0.000000 2.031250 2.187500 0.000000 2.187500 2.187500 0.000000 2.343750 2.187500 0.000000 2.500000 2.187500 0.000000 -2.500000 2.343750 0.000000 -2.343750 2.343750 0.000000 -2.187500 2.343750 0.000000 -2.031250 2.343750 0.000000 -1.875000 2.343750 0.000000 -1.718750 2.343750 0.000000 -1.562500 2.343750 0.000000 -1.406250 2.343750 0.000000 -1.250000 2.343750 0.000000 -1.093750 2.343750 0.000000 -0.937500 2.343750 0.000000 -0.781250 2.343750 0.000000 -0.625000 2.343750 0.000000 -0.468750 2.343750 0.000000 -0.312500 2.343750 0.000000 -0.156250 2.343750 0.000000 0.000000 2.343750 0.000000 0.156250 2.343750 0.000000 0.312500 2.343750 0.000000 0.468750 2.343750 0.000000 0.625000 2.343750 0.000000 0.781250 2.343750 0.000000 0.937500 2.343750 0.000000 1.093750 2.343750 0.000000 1.250000 2.343750 0.000000 1.406250 2.343750 0.000000 1.562500 2.343750 0.000000 1.718750 2.343750 0.000000 1.875000 2.343750 0.000000 2.031250 2.343750 0.000000 2.187500 2.343750 0.000000 2.343750 2.343750 0.000000 2.500000 2.343750 0.000000 -2.500000 2.500000 0.000000 -2.343750 2.500000 0.000000 -2.187500 2.500000 0.000000 -2.031250 2.500000 0.000000 -1.875000 2.500000 0.000000 -1.718750 2.500000 0.000000 -1.562500 2.500000 0.000000 -1.406250 2.500000 0.000000 -1.250000 2.500000 0.000000 -1.093750 2.500000 0.000000 -0.937500 2.500000 0.000000 -0.781250 2.500000 0.000000 -0.625000 2.500000 0.000000 -0.468750 2.500000 0.000000 -0.312500 2.500000 0.000000 -0.156250 2.500000 0.000000 0.000000 2.500000 0.000000 0.156250 2.500000 0.000000 0.312500 2.500000 0.000000 0.468750 2.500000 0.000000 0.625000 2.500000 0.000000 0.781250 2.500000 0.000000 0.937500 2.500000 0.000000 1.093750 2.500000 0.000000 1.250000 2.500000 0.000000 1.406250 2.500000 0.000000 1.562500 2.500000 0.000000 1.718750 2.500000 0.000000 1.875000 2.500000 0.000000 2.031250 2.500000 0.000000 2.187500 2.500000 0.000000 2.343750 2.500000 0.000000 2.500000 2.500000 0.000000</float_array>
          <technique_common>
            <accessor source="#mesh0-positions-array" count="1089" stride="3">
              <param name="X" type="float"/><param name="Y" type="float"/><param name="Z" type="float"/>
            </accessor>
          </technique_common>
        </source>
        <source id="mesh0-normals">
          <float_array id="mesh0-normals-array" count="3267">0.000000 0.000000 1.000000 0.000000 0.000000 1.000000 0.000000 0.000000 1.000000 0.000000 0.000000 1.000000 0.000000 0.000000 1.000000 0.000000 0.000000 1.000000 0.000000 0.000000 1.000000 0.000000 0.000000 1.000000 0.000000 0.000000 1.000000 0.000000 0.000000 1.000000 0.000000 0.000000 1.000000 0.000000 0.000000 1.000000 0.000000 0.000000 1.000000 0.000000 0.000000 1.000000 0.000000 0.000000 1.000000 0.000000 0.000000 1.000000 0.000000 0.000000 1.000000 0.000000 0.000000 1.000000 0.000000 0.000000 1.000000 0.000000 0.000000 1.000000 0.000000 0.000000 1.000000 0.000000 0.000000 1.000000 0.000000 0.000000 1.000000 0.000000 0.000000 1.000000 0.000000 0.000000 1.000000 0.000000 0.000000 1.000000 0.000000 0.000000 1.000000 0.000000 0.000000 1.000000 0.000000 0.000000 1.000000 0.000000 0.000000 1.000000 0.000000 0.000000 1.000000 0.000000 0.000000 1.000000 0.000000 0.000000 1.000000 0.000000 0.000000 1.000000 0.000000 0.000000 1.000000 0.000000 0.000000 1.000000 0.000000 0.000000 1.000000 0.000000 0.000000 1.000000 0.000000 0.000000 1.000000 0.000000 0.000000 1.000000 0.000000 0.000000 1.000000 0.000000 0.000000 1.000000 0.000000 0.000000 1.000000 0.000000 0.000000 1.000000 0.000000 0.000000 1.000000 0.000000 0.000000 1.000000 0.000000 0.000000 1.000000 0.000000 0.000000 1.000000 0.000000 0.000000 1.000000 0.000000 0.000000 1.000000 0.000000 0.000000 1.000000 0.000000 0.000000 1.000000 0.000000 0.000000 1.000000 0.000000 0.000000 1.000000 0.000000 0.000000 1.000000 0.000000 0.000000 1.000000 0.000000 0.000000 1.000000 0.000000 0.000000 1.000000 0.000000 0.000000 1.000000 0.000000 0.000000 1.000000 0.000000 0.000000 1.000000 0.000000 0.000000 1.000000 0.000000 0.000000 1.000000 0.000000 0.000000 1.000000 0.000000 0.000000 1.000000 0.000000 0.000000 1.000000 0.000000 0.000000 1.000000 0.000000 0.000000 1.000000 0.000000 0.000000 1.000000 0.000000 0.000000 1.000000 0.000000 0.000000 1.000000 0.000000 0.000000 1.000000 0.000000 0.000000 1.000000 0.000000 0.000000 1.000000 0.000000 0.000000 1.000000 0.000000 0.000000 1.000000 0.000000 0.000000 1.000000 0.000000 0.000000 1.000000 0.000000 0.000000 1.000000 0.000000 0.000000 1.000000 0.000000 0.000000 1.000000 0.000000 0.000000 1.000000 0.000000 0.000000 1.000000 0.000000 0.000000 1.000000 0.000000 0.000000 1.000000 0.000000 0.000000 1.000000 0.000000 0.000000 1.000000 0.000000 0.000000 1.000000 0.000000 0.000000 1.000000 0.000000 0.000000 1.000000 0.000000 0.000000 1.000000 0.000000 0.000000 1.000000 0.000000 0.000000 1.000000 0.000000 0.000000 1.000000 0.000000 0.000000 1.000000 0.000000 0.000000 1.000000 0.000000 0.000000 1.000000 0.000000 0.000000 1.000000 0.000000 0.000000 1.000000 0.000000 0.000000 1.000000 0.000000 0.000000 1.000000 0.000000 0.000000 1.000000 0.000000 0.000000 1.000000 0.000000 0.000000 1.000000 0.000000 0.000000 1.000000 0.000000 0.000000 1.000000 0.000000 0.000000 1.000000 0.000000 0.000000 1.000000 0.000000 0.000000 1.000000 0.000000 0.000000 1.000000 0.000000 0.000000 1.000000 0.000000 0.000000 1.000000 0.000000 0.000000 1.000000 0.000000 0.000000 1.000000 0.000000 0.000000 1.000000 0.000000 0.000000 1.000000 0.000000 0.000000 1.000000 0.000000 0.000000 1.000000 0.000000 0.000000 1.000000 0.000000 0.000000 1.000000 0.000000 0.000000 1.000000 0.000000 0.000000 1.000000 0.000000 0.000000 1.000000 0.000000 0.000000 1.000000 0.000000 0.000000 1.000000 0.000000 0.000000 1.000000 0.000000 0.000000 1.000000 0.000000 0.000000 1.000000 0.000000 0.000000 1.000000 0.000000 0.000000 1.000000 0.000000 0.000000 1.000000 0.000000 0.000000 1.000000 0.000000 0.000000 1.000000 0.000000 0.000000 1.000000 0.000000 0.000000 1.000000 0.000000 0.000000 1.000000 0.000000 0.000000 1.000000 0.000000 0.000000 1.000000 0.000000 0.000000 1.000000 0.000000 0.000000 1.000000 0.000000 0.000000 1.000000 0.000000 0.000000 1.000000 0.000000 0.000000 1.000000 0.000000 0.000000 1.000000 0.000000 0.000000 1.000000 0.000000 0.000000 1.000000 0.000000 0.000000 1.000000 0.000000 0.000000 1.000000 0.000000 0.000000 1.000000 0.000000 0.000000 1.000000 0.000000 0.000000 1.000000 0.000000 0.000000 1.000000 0.000000 0.000000 1.000000 0.000000 0.000000 1.000000 0.000000 0.000000 1.000000 0.000000 0.000000 1.000000 0.000000 0.000000 1.000000 0.000000 0.000000 1.000000 0.000000 0.000000 1.000000 0.000000 0.000000 1.000000 0.000000 0.000000 1.000000 0.000000 0.000000 1.000000 0.000000 0.000000 1.000000 0.000000 0.000000 1.000000 0.000000 0.000000 1.000000 0.000000 0.000000 1.000000 0.000000 0.000000 1.000000 0.000000 0.000000 1.000000 0.000000 0.000000 1.000000 0.000000 0.000000 1.000000 0.000000 0.000000 1.000000 0.000000 0.000000 1.000000 0.000000 0.000000 1.000000 0.000000 0.000000 1.000000 0.000000 0.000000 1.000000 0.000000 0.000000 1.000000 0.000000 0.000000 1.000000 0.000000 0.000000 1.000000 0.000000 0.000000 1.000000 0.000000 0.000000 1.000000 0.000000 0.000000 1.000000 0.000000 0.000000 1.000000 0.000000 0.000000 1.000000 0.000000 0.000000 1.000000 0.000000 0.000000 1.000000 0.000000 0.000000 1.000000 0.000000 0.000000 1.000000 0.000000 0.000000 1.000000 0.000000 0.000000 1.000000 0.000000 0.000000 1.000000 0.000000 0.000000 1.000000 0.000000 0.000000 1.000000 0.000000 0.000000 1.000000 0.000000 0.000000 1.000000 0.000000 0.000000 1.000000 0.000000 0.000000 1.000000 0.000000 0.000000 1.000000 0.000000 0.000000 1.000000 0.000000 0.000000 1.000000 0.000000 0.000000 1.000000 0.000000 0.000000 1.000000 0.000000 0.000000 1.000000 0.000000 0.000000 1.000000 0.000000 0.000000 1.000000 0.000000 0.000000 1.000000 0.000000 0.000000 1.000000 0.000000 0.000000 1.000000 0.000000 0.000000 1.000000 0.000000 0.000000 1.000000 0.000000 0.000000 1.000000 0.000000 0.000000 1.000000 0.000000 0.000000 1.000000 0.000000 0.000000 1.000000 0.000000 0.000000 1.000000 0.000000 0.000000 1.000000 0.000000 0.000000 1.000000 0.000000 0.000000 1.000000 0.000000 0.000000 1.000000 0.000000 0.000000 1.000000 0.000000 0.000000 1.000000 0.000000 0.000000 1.000000 0.000000 0.000000 1.000000 0.000000 0.000000 1.000000 0.000000 0.000000 1.000000 0.000000 0.000000 1.000000 0.000000 0.000000 1.000000 0.000000 0.000000 1.000000 0.000000 0.000000 1.000000 0.000000 0.000000 1.000000 0.000000 0.000000 1.000000 0.000000 0.000000 1.000000 0.000000 0.000000 1.000000 0.000000 0.000000 1.000000 0.000000 0.000000 1.000000 0.000000 0.000000 1.000000 0.000000 0.000000 1.000000 0.000000 0.000000 1.000000 0.000000 0.000000 1.000000 0.000000 0.000000 1.000000 0.000000 0.000000 1.000000 0.000000 0.000000 1.000000 0.000000 0.000000 1.000000 0.000000 0.000000 1.000000 0.000000 0.000000 1.000000 0.000000 0.000000 1.000000 0.000000 0.000000 1.000000 0.000000 0.000000 1.000000 0.000000 0.000000 1.000000 0.000000 0.000000 1.000000 0.000000 0.000000 1.000000 0.000000 0.000000 1.000000 0.000000 0.000000 1.000000 0.000000 0.000000 1.000000 0.000000 0.000000 1.000000 0.000000 0.000000 1.000000 0.000000 0.000000 1.000000 0.000000 0.000000 1.000000 0.000000 0.000000 1.000000 0.000000 0.000000 1.000000 0.000000 0.000000 1.000000 0.000000 0.000000 1.000000 0.000000 0.000000 1.000000 0.000000 0.000000 1.000000 0.000000 0.000000 1.000000 0.000000 0.000000 1.000000 0.000000 0.000000 1.000000 0.000000 0.000000 1.000000 0.000000 0.000000 1.000000 0.000000 0.000000 1.000000 0.000000 0.000000 1.000000 0.000000 0.000000 1.000000 0.000000 0.000000 1.000000 0.000000 0.000000 1.000000 0.000000 0.000000 1.000000 0.000000 0.000000 1.000000 0.000000 0.000000 1.000000 0.000000 0.000000 1.000000 0.000000 0.000000 1.000000 0.000000 0.000000 1.000000 0.000000 0.000000 1.000000 0.000000 0.000000 1.000000 0.000000 0.000000 1.000000 0.000000 0.000000 1.000000 0.000000 0.000000 1.000000 0.000000 0.000000 1.000000 0.000000 0.000000 1.000000 0.000000 0.000000 1.000000 0.000000 0.000000 1.000000 0.000000 0.000000 1.000000 0.000000 0.000000 1.000000 0.000000 0.000000 1.000000 0.000000 0.000000 1.000000 0.000000 0.000000 1.000000 0.000000 0.000000 1.000000 0.000000 0.000000 1.000000 0.000000 0.000000 1.000000 0.000000 0.000000 1.000000 0.000000 0.000000 1.000000 0.000000 0.000000 1.000000 0.000000 0.000000 1.000000 0.000000 0.000000 1.000000 0.000000 0.000000 1.000000 0.000000 0.000000 1.000000 0.000000 0.000000 1.000000 0.000000 0.000000 1.000000 0.000000 0.000000 1.000000 0.000000 0.000000 1.000000 0.000000 0.000000 1.000000 0.000000 0.000000 1.000000 0.000000 0.000000 1.000000 0.000000 0.000000 1.000000 0.000000 0.000000 1.000000 0.000000 0.000000 1.000000 0.000000 0.000000 1.000000 0.000000 0.000000 1.000000 0.000000 0.000000 1.000000 0.000000 0.000000 1.000000 0.000000 0.000000 1.000000 0.000000 0.000000 1.000000 0.000000 0.000000 1.000000 0.000000 0.000000 1.000000 0.000000 0.000000 1.000000 0.000000 0.000000 1.000000 0.000000 0.000000 1.000000 0.000000 0.000000 1.000000 0.000000 0.000000 1.000000 0.000000 0.000000 1.000000 0.000000 0.000000 1.000000 0.000000 0.000000 1.000000 0.000000 0.000000 1.000000 0.000000 0.000000 1.000000 0.000000 0.000000 1.000000 0.000000 0.000000 1.000000 0.000000 0.000000 1.000000 0.000000 0.000000 1.000000 0.000000 0.000000 1.000000 0.000000 0.000000 1.000000 0.000000 0.000000 1.000000 0.000000 0.000000 1.000000 0.000000 0.000000 1.000000 0.000000 0.000000 1.000000 0.000000 0.000000 1.000000 0.000000 0.000000 1.000000 0.000000 0.000000 1.000000 0.000000 0.000000 1.000000 0.000000 0.000000 1.000000 0.000000 0.000000 1.000000 0.000000 0.000000 1.000000 0.000000 0.000000 1.000000 0.000000 0.000000 1.000000 0.000000 0.000000 1.000000 0.000000 0.000000 1.000000 0.000000 0.000000 1.000000 0.000000 0.000000 1.000000 0.000000 0.000000 1.000000 0.000000 0.000000 1.000000 0.000000 0.000000 1.000000 0.000000 0.000000 1.000000 0.000000 0.000000 1.000000 0.000000 0.000000 1.000000 0.000000 0.000000 1.000000 0.000000 0.000000 1.000000 0.000000 0.000000 1.000000 0.000000 0.000000 1.000000 0.000000 0.000000 1.000000 0.000000 0.000000 1.000000 0.000000 0.000000 1.000000 0.000000 0.000000 1.000000 0.000000 0.000000 1.000000 0.000000 0.000000 1.000000 0.000000 0.000000 1.000000 0.000000 0.000000 1.000000 0.000000 0.000000 1.000000 0.000000 0.000000 1.000000 0.000000 0.000000 1.000000 0.000000 0.000000 1.000000 0.000000 0.000000 1.000000 0.000000 0.000000 1.000000 0.000000 0.000000 1.000000 0.000000 0.000000 1.000000 0.000000 0.000000 1.000000 0.000000 0.000000 1.000000 0.000000 0.000000 1.000000 0.000000 0.000000 1.000000 0.000000 0.000000 1.000000 0.000000 0.000000 1.000000 0.000000 0.000000 1.000000 0.000000 0.000000 1.000000 0.000000 0.000000 1.000000 0.000000 0.000000 1.000000 0.000000 0.000000 1.000000 0.000000 0.000000 1.000000 0.000000 0.000000 1.000000 0.000000 0.000000 1.000000 0.000000 0.000000 1.000000 0.000000 0.000000 1.000000 0.000000 0.000000 1.000000 0.000000 0.000000 1.000000 0.000000 0.000000 1.000000 0.000000 0.000000 1.000000 0.000000 0.000000 1.000000 0.000000 0.000000 1.000000 0.000000 0.000000 1.000000 0.000000 0.000000 1.000000 0.000000 0.000000 1.000000 0.000000 0.000000 1.000000 0.000000 0.000000 1.000000 0.000000 0.000000 1.000000 0.000000 0.000000 1.000000 0.000000 0.000000 1.000000 0.000000 0.000000 1.000000 0.000000 0.000000 1.000000 0.000000 0.000000 1.000000 0.000000 0.000000 1.000000 0.000000 0.000000 1.000000 0.000000 0.000000 1.000000 0.000000 0.000000 1.000000 0.000000 0.000000 1.000000 0.000000 0.000000 1.000000 0.000000 0.000000 1.000000 0.000000 0.000000 1.000000 0.000000 0.000000 1.000000 0.000000 0.000000 1.000000 0.000000 0.000000 1.000000 0.000000 0.000000 1.000000 0.000000 0.000000 1.000000 0.000000 0.000000 1.000000 0.000000 0.000000 1.000000 0.000000 0.000000 1.000000 0.000000 0.000000 1.000000 0.000000 0.000000 1.000000 0.000000 0.000000 1.000000 0.000000 0.000000 1.000000 0.000000 0.000000 1.000000 0.000000 0.000000 1.000000 0.000000 0.000000 1.000000 0.000000 0.000000 1.000000 0.000000 0.000000 1.000000 0.000000 0.000000 1.000000 0.000000 0.000000 1.000000 0.000000 0.000000 1.000000 0.000000 0.000000 1.000000 0.000000 0.000000 1.000000 0.000000 0.000000 1.000000 0.000000 0.000000 1.000000 0.000000 0.000000 1.000000 0.000000 0.000000 1.000000 0.000000 0.000000 1.000000 0.000000 0.000000 1.000000 0.000000 0.000000 1.000000 0.000000 0.000000 1.000000 0.000000 0.000000 1.000000 0.000000 0.000000 1.000000 0.000000 0.000000 1.000000 0.000000 0.000000 1.000000 0.000000 0.000000 1.000000 0.000000 0.000000 1.000000 0.000000 0.000000 1.000000 0.000000 0.000000 1.000000 0.000000 0.000000 1.000000 0.000000 0.000000 1.000000 0.000000 0.000000 1.000000 0.000000 0.000000 1.000000 0.000000 0.000000 1.000000 0.000000 0.000000 1.000000 0.000000 0.000000 1.000000 0.000000 0.000000 1.000000 0.000000 0.000000 1.000000 0.000000 0.000000 1.000000 0.000000 0.000000 1.000000 0.000000 0.000000 1.000000 0.000000 0.000000 1.000000 0.000000 0.000000 1.000000 0.000000 0.000000 1.000000 0.000000 0.000000 1.000000 0.000000 0.000000 1.000000 0.000000 0.000000 1.000000 0.000000 0.000000 1.000000 0.000000 0.000000 1.000000 0.000000 0.000000 1.000000 0.000000 0.000000 1.000000 0.000000 0.000000 1.000000 0.000000 0.000000 1.000000 0.000000 0.000000 1.000000 0.000000 0.000000 1.000000 0.000000 0.000000 1.000000 0.000000 0.000000 1.000000 0.000000 0.000000 1.000000 0.000000 0.000000 1.000000 0.000000 0.000000 1.000000 0.000000 0.000000 1.000000 0.000000 0.000000 1.000000 0.000000 0.000000 1.000000 0.000000 0.000000 1.000000 0.000000 0.000000 1.000000 0.000000 0.000000 1.000000 0.000000 0.000000 1.000000 0.000000 0.000000 1.000000 0.000000 0.000000 1.000000 0.000000 0.000000 1.000000 0.000000 0.000000 1.000000 0.000000 0.000000 1.000000 0.000000 0.000000 1.000000 0.000000 0.000000 1.000000 0.000000 0.000000 1.000000 0.000000 0.000000 1.000000 0.000000 0.000000 1.000000 0.000000 0.000000 1.000000 0.000000 0.000000 1.000000 0.000000 0.000000 1.000000 0.000000 0.000000 1.000000 0.000000 0.000000 1.000000 0.000000 0.000000 1.000000 0.000000 0.000000 1.000000 0.000000 0.000000 1.000000 0.000000 0.000000 1.000000 0.000000 0.000000 1.000000 0.000000 0.000000 1.000000 0.000000 0.000000 1.000000 0.000000 0.000000 1.000000 0.000000 0.000000 1.000000 0.000000 0.000000 1.000000 0.000000 0.000000 1.000000 0.000000 0.000000 1.000000 0.000000 0.000000 1.000000 0.000000 0.000000 1.000000 0.000000 0.000000 1.000000 0.000000 0.000000 1.000000 0.000000 0.000000 1.000000 0.000000 0.000000 1.000000 0.000000 0.000000 1.000000 0.000000 0.000000 1.000000 0.000000 0.000000 1.000000 0.000000 0.000000 1.000000 0.000000 0.000000 1.000000 0.000000 0.000000 1.000000 0.000000 0.000000 1.000000 0.000000 0.000000 1.000000 0.000000 0.000000 1.000000 0.000000 0.000000 1.000000 0.000000 0.000000 1.000000 0.000000 0.000000 1.000000 0.000000 0.000000 1.000000 0.000000 0.000000 1.000000 0.000000 0.000000 1.000000 0.000000 0.000000 1.000000 0.000000 0.000000 1.000000 0.000000 0.000000 1.000000 0.000000 0.000000 1.000000 0.000000 0.000000 1.000000 0.000000 0.000000 1.000000 0.000000 0.000000 1.000000 0.000000 0.000000 1.000000 0.000000 0.000000 1.000000 0.000000 0.000000 1.000000 0.000000 0.000000 1.000000 0.000000 0.000000 1.000000 0.000000 0.000000 1.000000 0.000000 0.000000 1.000000 0.000000 0.000000 1.000000 0.000000 0.000000 1.000000 0.000000 0.000000 1.000000 0.000000 0.000000 1.000000 0.000000 0.000000 1.000000 0.000000 0.000000 1.000000 0.000000 0.000000 1.000000 0.000000 0.000000 1.000000 0.000000 0.000000 1.000000 0.000000 0.000000 1.000000 0.000000 0.000000 1.000000 0.000000 0.000000 1.000000 0.000000 0.000000 1.000000 0.000000 0.000000 1.000000 0.000000 0.000000 1.000000 0.000000 0.000000 1.000000 0.000000 0.000000 1.000000 0.000000 0.000000 1.000000 0.000000 0.000000 1.000000 0.000000 0.000000 1.000000 0.000000 0.000000 1.000000 0.000000 0.000000 1.000000 0.000000 0.000000 1.000000 0.000000 0.000000 1.000000 0.000000 0.000000 1.000000 0.000000 0.000000 1.000000 0.000000 0.000000 1.000000 0.000000 0.000000 1.000000 0.000000 0.000000 1.000000 0.000000 0.000000 1.000000 0.000000 0.000000 1.000000 0.000000 0.000000 1.000000 0.000000 0.000000 1.000000 0.000000 0.000000 1.000000 0.000000 0.000000 1.000000 0.000000 0.000000 1.000000 0.000000 0.000000 1.000000 0.000000 0.000000 1.000000 0.000000 0.000000 1.000000 0.000000 0.000000 1.000000 0.000000 0.000000 1.000000 0.000000 0.000000 1.000000 0.000000 0.000000 1.000000 0.000000 0.000000 1.000000 0.000000 0.000000 1.000000 0.000000 0.000000 1.000000 0.000000 0.000000 1.000000 0.000000 0.000000 1.000000 0.000000 0.000000 1.000000 0.000000 0.000000 1.000000 0.000000 0.000000 1.000000 0.000000 0.000000 1.000000 0.000000 0.000000 1.000000 0.000000 0.000000 1.000000 0.000000 0.000000 1.000000 0.000000 0.000000 1.000000 0.000000 0.000000 1.000000 0.000000 0.000000 1.000000 0.000000 0.000000 1.000000 0.000000 0.000000 1.000000 0.000000 0.000000 1.000000 0.000000 0.000000 1.000000 0.000000 0.000000 1.000000 0.000000 0.000000 1.000000 0.000000 0.000000 1.000000 0.000000 0.000000 1.000000 0.000000 0.000000 1.000000 0.000000 0.000000 1.000000 0.000000 0.000000 1.000000 0.000000 0.000000 1.000000 0.000000 0.000000 1.000000 0.000000 0.000000 1.000000 0.000000 0.000000 1.000000 0.000000 0.000000 1.000000 0.000000 0.000000 1.000000 0.000000 0.000000 1.000000 0.000000 0.000000 1.000000 0.000000 0.000000 1.000000 0.000000 0.000000 1.000000 0.000000 0.000000 1.000000 0.000000 0.000000 1.000000 0.000000 0.000000 1.000000 0.000000 0.000000 1.000000 0.000000 0.000000 1.000000 0.000000 0.000000 1.000000 0.000000 0.000000 1.000000 0.000000 0.000000 1.000000 0.000000 0.000000 1.000000 0.000000 0.000000 1.000000 0.000000 0.000000 1.000000 0.000000 0.000000 1.000000 0.000000 0.000000 1.000000 0.000000 0.000000 1.000000 0.000000 0.000000 1.000000 0.000000 0.000000 1.000000 0.000000 0.000000 1.000000 0.000000 0.000000 1.000000 0.000000 0.000000 1.000000 0.000000 0.000000 1.000000 0.000000 0.000000 1.000000 0.000000 0.000000 1.000000 0.000000 0.000000 1.000000 0.000000 0.000000 1.000000 0.000000 0.000000 1.000000 0.000000 0.000000 1.000000 0.000000 0.000000 1.000000 0.000000 0.000000 1.000000 0.000000 0.000000 1.000000 0.000000 0.000000 1.000000 0.000000 0.000000 1.000000 0.000000 0.000000 1.000000 0.000000 0.000000 1.000000 0.000000 0.000000 1.000000 0.000000 0.000000 1.000000 0.000000 0.000000 1.000000 0.000000 0.000000 1.000000 0.000000 0.000000 1.000000 0.000000 0.000000 1.000000 0.000000 0.000000 1.000000 0.000000 0.000000 1.000000 0.000000 0.000000 1.000000 0.000000 0.000000 1.000000 0.000000 0.000000 1.000000 0.000000 0.000000 1.000000 0.000000 0.000000 1.000000 0.000000 0.000000 1.000000 0.000000 0.000000 1.000000 0.000000 0.000000 1.000000 0.000000 0.000000 1.000000 0.000000 0.000000 1.000000 0.000000 0.000000 1.000000 0.000000 0.000000 1.000000 0.000000 0.000000 1.000000 0.000000 0.000000 1.000000 0.000000 0.000000 1.000000 0.000000 0.000000 1.000000 0.000000 0.000000 1.000000 0.000000 0.000000 1.000000 0.000000 0.000000 1.000000 0.000000 0.000000 1.000000 0.000000 0.000000 1.000000 0.000000 0.000000 1.000000 0.000000 0.000000 1.000000 0.000000 0.000000 1.000000 0.000000 0.000000 1.000000 0.000000 0.000000 1.000000 0.000000 0.000000 1.000000 0.000000 0.000000 1.000000 0.000000 0.000000 1.000000 0.000000 0.000000 1.000000 0.000000 0.000000 1.000000 0.000000 0.000000 1.000000 0.000000 0.000000 1.000000 0.000000 0.000000 1.000000 0.000000 0.000000 1.000000 0.000000 0.000000 1.000000 0.000000 0.000000 1.000000 0.000000 0.000000 1.000000 0.000000 0.000000 1.000000 0.000000 0.000000 1.000000 0.000000 0.000000 1.000000 0.000000 0.000000 1.000000 0.000000 0.000000 1.000000 0.000000 0.000000 1.000000 0.000000 0.000000 1.000000 0.000000 0.000000 1.000000 0.000000 0.000000 1.000000 0.000000 0.000000 1.000000 0.000000 0.000000 1.000000 0.000000 0.000000 1.000000 0.000000 0.000000 1.000000 0.000000 0.000000 1.000000 0.000000 0.000000 1.000000 0.000000 0.000000 1.000000 0.000000 0.000000 1.000000 0.000000 0.000000 1.000000 0.000000 0.000000 1.000000 0.000000 0.000000 1.000000 0.000000 0.000000 1.000000 0.000000 0.000000 1.000000 0.000000 0.000000 1.000000 0.000000 0.000000 1.000000 0.000000 0.000000 1.000000 0.000000 0.000000 1.000000 0.000000 0.000000 1.000000 0.000000 0.000000 1.000000 0.000000 0.000000 1.000000 0.000000 0.000000 1.000000 0.000000 0.000000 1.000000 0.000000 0.000000 1.000000 0.000000 0.000000 1.000000 0.000000 0.000000 1.000000 0.000000 0.000000 1.000000 0.000000 0.000000 1.000000 0.000000 0.000000 1.000000 0.000000 0.000000 1.000000 0.000000 0.000000 1.000000 0.000000 0.000000 1.000000 0.000000 0.000000 1.000000 0.000000 0.000000 1.000000 0.000000 0.000000 1.000000 0.000000 0.000000 1.000000 0.000000 0.000000 1.000000 0.000000 0.000000 1.000000 0.000000 0.000000 1.000000 0.000000 0.000000 1.000000 0.000000 0.000000 1.000000 0.000000 0.000000 1.000000 0.000000 0.000000 1.000000 0.000000 0.000000 1.000000 0.000000 0.000000 1.000000 0.000000 0.000000 1.000000 0.000000 0.000000 1.000000 0.000000 0.000000 1.000000 0.000000 0.000000 1.000000 0.000000 0.000000 1.000000 0.000000 0.000000 1.000000 0.000000 0.000000 1.000000 0.000000 0.000000 1.000000 0.000000 0.000000 1.000000 0.000000 0.000000 1.000000 0.000000 0.000000 1.000000 0.000000 0.000000 1.000000 0.000000 0.000000 1.000000 0.000000 0.000000 1.000000 0.000000 0.000000 1.000000 0.000000 0.000000 1.000000 0.000000 0.000000 1.000000 0.000000 0.000000 1.000000 0.000000 0.000000 1.000000 0.000000 0.000000 1.000000 0.000000 0.000000 1.000000 0.000000 0.000000 1.000000 0.000000 0.000000 1.000000 0.000000 0.000000 1.000000 0.000000 0.000000 1.000000 0.000000 0.000000 1.000000 0.000000 0.000000 1.000000 0.000000 0.000000 1.000000 0.000000 0.000000 1.000000 0.000000 0.000000 1.000000 0.000000 0.000000 1.000000 0.000000 0.000000 1.000000 0.000000 0.000000 1.000000 0.000000 0.000000 1.000000 0.000000 0.000000 1.000000 0.000000 0.000000 1.000000 0.000000 0.000000 1.000000 0.000000 0.000000 1.000000 0.000000 0.000000 1.000000 0.000000 0.000000 1.000000 0.000000 0.000000 1.000000 0.000000 0.000000 1.000000 0.000000 0.000000 1.000000 0.000000 0.000000 1.000000 0.000000 0.000000 1.000000 0.000000 0.000000 1.000000 0.000000 0.000000 1.000000 0.000000 0.000000 1.000000 0.000000 0.000000 1.000000 0.000000 0.000000 1.000000 0.000000 0.000000 1.000000 0.000000 0.000000 1.000000 0.000000 0.000000 1.000000 0.000000 0.000000 1.000000 0.000000 0.000000 1.000000 0.000000 0.000000 1.000000 0.000000 0.000000 1.000000 0.000000 0.000000 1.000000 0.000000 0.000000 1.000000 0.000000 0.000000 1.000000 0.000000 0.000000 1.000000 0.000000 0.000000 1.000000 0.000000 0.000000 1.000000 0.000000 0.000000 1.000000 0.000000 0.000000 1.000000 0.000000 0.000000 1.000000 0.000000 0.000000 1.000000 0.000000 0.000000 1.000000 0.000000 0.000000 1.000000 0.000000 0.000000 1.000000 0.000000 0.000000 1.000000 0.000000 0.000000 1.000000 0.000000 0.000000 1.000000 0.000000 0.000000 1.000000 0.000000 0.000000 1.000000 0.000000 0.000000 1.000000 0.000000 0.000000 1.000000 0.000000 0.000000 1.000000 0.000000 0.000000 1.000000 0.000000 0.000000 1.000000 0.000000 0.000000 1.000000 0.000000 0.000000 1.000000 0.000000 0.000000 1.000000 0.000000 0.000000 1.000000 0.000000 0.000000 1.000000 0.000000 0.000000 1.000000 0.000000 0.000000 1.000000 0.000000 0.000000 1.000000 0.000000 0.000000 1.000000 0.000000 0.000000 1.000000 0.000000 0.000000 1.000000 0.000000 0.000000 1.000000 0.000000 0.000000 1.000000 0.000000 0.000000 1.000000 0.000000 0.000000 1.000000 0.000000 0.000000 1.000000 0.000000 0.000000 1.000000 0.000000 0.000000 1.000000 0.000000 0.000000 1.000000 0.000000 0.000000 1.000000 0.000000 0.000000 1.000000 0.000000 0.000000 1.000000 0.000000 0.000000 1.000000 0.000000 0.000000 1.000000 0.000000 0.000000 1.000000 0.000000 0.000000 1.000000 0.000000 0.000000 1.000000 0.000000 0.000000 1.000000 0.000000 0.000000 1.000000 0.000000 0.000000 1.000000 0.000000 0.000000 1.000000 0.000000 0.000000 1.000000 0.000000 0.000000 1.000000 0.000000 0.000000 1.000000 0.000000 0.000000 1.000000 0.000000 0.000000 1.000000 0.000000 0.000000 1.000000 0.000000 0.000000 1.000000 0.000000 0.000000 1.000000 0.000000 0.000000 1.000000 0.000000 0.000000 1.000000 0.000000 0.000000 1.000000 0.000000 0.000000 1.000000 0.000000 0.000000 1.000000 0.000000 0.000000 1.000000 0.000000 0.000000 1.000000 0.000000 0.000000 1.000000 0.000000 0.000000 1.000000 0.000000 0.000000 1.000000 0.000000 0.000000 1.000000 0.000000 0.000000 1.000000 0.000000 0.000000 1.000000 0.000000 0.000000 1.000000 0.000000 0.000000 1.000000 0.000000 0.000000 1.000000 0.000000 0.000000 1.000000 0.000000 0.000000 1.000000 0.000000 0.000000 1.000000 0.000000 0.000000 1.000000 0.000000 0.000000 1.000000 0.000000 0.000000 1.000000 0.000000 0.000000 1.000000 0.000000 0.000000 1.000000 0.000000 0.000000 1.000000 0.000000 0.000000 1.000000 0.000000 0.000000 1.000000 0.000000 0.000000 1.000000 0.000000 0.000000 1.000000 0.000000 0.000000 1.000000 0.000000 0.000000 1.000000 0.000000 0.000000 1.000000 0.000000 0.000000 1.000000 0.000000 0.000000 1.000000 0.000000 0.000000 1.000000 0.000000 0.000000 1.000000 0.000000 0.000000 1.000000 0.000000 0.000000 1.000000 0.000000 0.000000 1.000000 0.000000 0.000000 1.000000 0.000000 0.000000 1.000000 0.000000 0.000000 1.000000 0.000000 0.000000 1.000000 0.000000 0.000000 1.000000 0.000000 0.000000 1.000000 0.000000 0.000000 1.000000 0.000000 0.000000 1.000000 0.000000 0.000000 1.000000 0.000000 0.000000 1.000000 0.000000 0.000000 1.000000 0.000000 0.000000 1.000000 0.000000 0.000000 1.000000 0.000000 0.000000 1.000000 0.000000 0.000000 1.000000 0.000000 0.000000 1.000000 0.000000 0.000000 1.000000 0.000000 0.000000 1.000000 0.000000 0.000000 1.000000 0.000000 0.000000 1.000000 0.000000 0.000000 1.000000 0.000000 0.000000 1.000000 0.000000 0.000000 1.000000 0.000000 0.000000 1.000000 0.000000 0.000000 1.000000 0.000000 0.000000 1.000000 0.000000 0.000000 1.000000 0.000000 0.000000 1.000000 0.000000 0.000000 1.000000 0.000000 0.000000 1.000000 0.000000 0.000000 1.000000 0.000000 0.000000 1.000000 0.000000 0.000000 1.000000 0.000000 0.000000 1.000000 0.000000 0.000000 1.000000 0.000000 0.000000 1.000000 0.000000 0.000000 1.000000 0.000000 0.000000 1.000000 0.000000 0.000000 1.000000 0.000000 0.000000 1.000000 0.000000 0.000000 1.000000 0.000000 0.000000 1.000000 0.000000 0.000000 1.000000 0.000000 0.000000 1.000000 0.000000 0.000000 1.000000 0.000000 0.000000 1.000000 0.000000 0.000000 1.000000 0.000000 0.000000 1.000000 0.000000 0.000000 1.000000 0.000000 0.000000 1.000000 0.000000 0.000000 1.000000 0.000000 0.000000 1.000000 0.000000 0.000000 1.000000 0.000000 0.000000 1.000000 0.000000 0.000000 1.000000 0.000000 0.000000 1.000000 0.000000 0.000000 1.000000 0.000000 0.000000 1.000000 0.000000 0.000000 1.000000 0.000000 0.000000 1.000000 0.000000 0.000000 1.000000 0.000000 0.000000 1.000000 0.000000 0.000000 1.000000 0.000000 0.000000 1.000000 0.000000 0.000000 1.000000 0.000000 0.000000 1.000000 0.000000 0.000000 1.000000 0.000000 0.000000 1.000000 0.000000 0.000000 1.000000 0.000000 0.000000 1.000000 0.000000 0.000000 1.000000 0.000000 0.000000 1.000000 0.000000 0.000000 1.000000 0.000000 0.000000 1.000000 0.000000 0.000000 1.000000 0.000000 0.000000 1.000000 0.000000 0.000000 1.000000 0.000000 0.000000 1.000000 0.000000 0.000000 1.000000 0.000000 0.000000 1.000000 0.000000 0.000000 1.000000 0.000000 0.000000 1.000000 0.000000 0.000000 1.000000 0.000000 0.000000 1.000000 0.000000 0.000000 1.000000 0.000000 0.000000 1.000000 0.000000 0.000000 1.000000 0.000000 0.000000 1.000000 0.000000 0.000000 1.000000 0.000000 0.000000 1.000000 0.000000 0.000000 1.000000 0.000000 0.000000 1.000000 0.000000 0.000000 1.000000 0.000000 0.000000 1.000000 0.000000 0.000000 1.000000 0.000000 0.000000 1.000000 0.000000 0.000000 1.000000 0.000000 0.000000 1.000000 0.000000 0.000000 1.000000 0.000000 0.000000 1.000000 0.000000 0.000000 1.000000 0.000000 0.000000 1.000000 0.000000 0.000000 1.000000 0.000000 0.000000 1.000000 0.000000 0.000000 1.000000 0.000000 0.000000 1.000000 0.000000 0.000000 1.000000 0.000000 0.000000 1.000000 0.000000 0.000000 1.000000 0.000000 0.000000 1.000000 0.000000 0.000000 1.000000 0.000000 0.000000 1.000000 0.000000 0.000000 1.000000 0.000000 0.000000 1.000000 0.000000 0.000000 1.000000 0.000000 0.000000 1.000000 0.000000 0.000000 1.000000 0.000000 0.000000 1.000000 0.000000 0.000000 1.000000 0.000000 0.000000 1.000000 0.000000 0.000000 1.000000 0.000000 0.000000 1.000000 0.000000 0.000000 1.000000 0.000000 0.000000 1.000000 0.000000 0.000000 1.000000 0.000000 0.000000 1.000000 0.000000 0.000000 1.000000 0.000000 0.000000 1.000000 0.000000 0.000000 1.000000 0.000000 0.000000 1.000000 0.000000 0.000000 1.000000 0.000000 0.000000 1.000000 0.000000 0.000000 1.000000 0.000000 0.000000 1.000000 0.000000 0.000000 1.000000 0.000000 0.000000 1.000000 0.000000 0.000000 1.000000 0.000000 0.000000 1.000000 0.000000 0.000000 1.000000 0.000000 0.000000 1.000000 0.000000 0.000000 1.000000 0.000000 0.000000 1.000000 0.000000 0.000000 1.000000 0.000000 0.000000 1.000000 0.000000 0.000000 1.000000 0.000000 0.000000 1.000000 0.000000 0.000000 1.000000 0.000000 0.000000 1.000000 0.000000 0.000000 1.000000 0.000000 0.000000 1.000000 0.000000 0.000000 1.000000 0.000000 0.000000 1.000000 0.000000 0.000000 1.000000 0.000000 0.000000 1.000000 0.000000 0.000000 1.000000 0.000000 0.000000 1.000000 0.000000 0.000000 1.000000 0.000000 0.000000 1.000000 0.000000 0.000000 1.000000 0.000000 0.000000 1.000000 0.000000 0.000000 1.000000</float_array>
          <technique_common>
            <accessor source="#mesh0-normals-array" count="1089" stride="3">
              <param name="X" type="float"/><param name="Y" type="float"/><param name="Z" type="float"/>
            </accessor>
          </technique_common>
        </source>
        <source id="mesh0-map">
          <float_array id="mesh0-map-array" count="2178">0.000000 0.000000 0.031250 0.000000 0.062500 0.000000 0.093750 0.000000 0.125000 0.000000 0.156250 0.000000 0.187500 0.000000 0.218750 0.000000 0.250000 0.000000 0.281250 0.000000 0.312500 0.000000 0.343750 0.000000 0.375000 0.000000 0.406250 0.000000 0.437500 0.000000 0.468750 0.000000 0.500000 0.000000 0.531250 0.000000 0.562500 0.000000 0.593750 0.000000 0.625000 0.000000 0.656250 0.000000 0.687500 0.000000 0.718750 0.000000 0.750000 0.000000 0.781250 0.000000 0.812500 0.000000 0.843750 0.000000 0.875000 0.000000 0.906250 0.000000 0.937500 0.000000 0.968750 0.000000 1.000000 0.000000 0.000000 0.031250 0.031250 0.031250 0.062500 0.031250 0.093750 0.031250 0.125000 0.031250 0.156250 0.031250 0.187500 0.031250 0.218750 0.031250 0.250000 0.031250 0.281250 0.031250 0.312500 0.031250 0.343750 0.031250 0.375000 0.031250 0.406250 0.031250 0.437500 0.031250 0.468750 0.031250 0.500000 0.031250 0.531250 0.031250 0.562500 0.031250 0.593750 0.031250 0.625000 0.031250 0.656250 0.031250 0.687500 0.031250 0.718750 0.031250 0.750000 0.031250 0.781250 0.031250 0.812500 0.031250 0.843750 0.031250 0.875000 0.031250 0.906250 0.031250 0.937500 0.031250 0.968750 0.031250 1.000000 0.031250 0.000000 0.062500 0.031250 0.062500 0.062500 0.062500 0.093750 0.062500 0.125000 0.062500 0.156250 0.062500 0.187500 0.062500 0.218750 0.062500 0.250000 0.062500 0.281250 0.062500 0.312500 0.062500 0.343750 0.062500 0.375000 0.062500 0.406250 0.062500 0.437500 0.062500 0.468750 0.062500 0.500000 0.062500 0.531250 0.062500 0.562500 0.062500 0.593750 0.062500 0.625000 0.062500 0.656250 0.062500 0.687500 0.062500 0.718750 0.062500 0.750000 0.062500 0.781250 0.062500 0.812500 0.062500 0.843750 0.062500 0.875000 0.062500 0.906250 0.062500 0.937500 0.062500 0.968750 0.062500 1.000000 0.062500 0.000000 0.093750 0.031250 0.093750 0.062500 0.093750 0.093750 0.093750 0.125000 0.093750 0.156250 0.093750 0.187500 0.093750 0.218750 0.093750 0.250000 0.093750 0.281250 0.093750 0.312500 0.093750 0.343750 0.093750 0.375000 0.093750 0.406250 0.093750 0.437500 0.093750 0.468750 0.093750 0.500000 0.093750 0.531250 0.093750 0.562500 0.093750 0.593750 0.093750 0.625000 0.093750 0.656250 0.093750 0.687500 0.093750 0.718750 0.093750 0.750000 0.093750 0.781250 0.093750 0.812500 0.093750 0.843750 0.093750 0.875000 0.093750 0.906250 0.093750 0.937500 0.093750 0.968750 0.093750 1.000000 0.093750 0.000000 0.125000 0.031250 0.125000 0.062500 0.125000 0.093750 0.125000 0.125000 0.125000 0.156250 0.125000 0.187500 0.125000 0.218750 0.125000 0.250000 0.125000 0.281250 0.125000 0.312500 0.125000 0.343750 0.125000 0.375000 0.125000 0.406250 0.125000 0.437500 0.125000 0.468750 0.125000 0.500000 0.125000 0.531250 0.125000 0.562500 0.125000 0.593750 0.125000 0.625000 0.125000 0.656250 0.125000 0.687500 0.125000 0.718750 0.125000 0.750000 0.125000 0.781250 0.125000 0.812500 0.125000 0.843750 0.125000 0.875000 0.125000 0.906250 0.125000 0.937500 0.125000 0.968750 0.125000 1.000000 0.125000 0.000000 0.156250 0.031250 0.156250 0.062500 0.156250 0.093750 0.156250 0.125000 0.156250 0.156250 0.156250 0.187500 0.156250 0.218750 0.156250 0.250000 0.156250 0.281250 0.156250 0.312500 0.156250 0.343750 0.156250 0.375000 0.156250 0.406250 0.156250 0.437500 0.156250 0.468750 0.156250 0.500000 0.156250 0.531250 0.156250 0.562500 0.156250 0.593750 0.156250 0.625000 0.156250 0.656250 0.156250 0.687500 0.156250 0.718750 0.156250 0.750000 0.156250 0.781250 0.156250 0.812500 0.156250 0.843750 0.156250 0.875000 0.156250 0.906250 0.156250 0.937500 0.156250 0.968750 0.156250 1.000000 0.156250 0.000000 0.187500 0.031250 0.187500 0.062500 0.187500 0.093750 0.187500 0.125000 0.187500 0.156250 0.187500 0.187500 0.187500 0.218750 0.187500 0.250000 0.187500 0.281250 0.187500 0.312500 0.187500 0.343750 0.187500 0.375000 0.187500 0.406250 0.187500 0.437500 0.187500 0.468750 0.187500 0.500000 0.187500 0.531250 0.187500 0.562500 0.187500 0.593750 0.187500 0.625000 0.187500 0.656250 0.187500 0.687500 0.187500 0.718750 0.187500 0.750000 0.187500 0.781250 0.187500 0.812500 0.187500 0.843750 0.187500 0.875000 0.187500 0.906250 0.187500 0.937500 0.187500 0.968750 0.187500 1.000000 0.187500 0.000000 0.218750 0.031250 0.218750 0.062500 0.218750 0.093750 0.218750 0.125000 0.218750 0.156250 0.218750 0.187500 0.218750 0.218750 0.218750 0.250000 0.218750 0.281250 0.218750 0.312500 0.218750 0.343750 0.218750 0.375000 0.218750 0.406250 0.218750 0.437500 0.218750 0.468750 0.218750 0.500000 0.218750 0.531250 0.218750 0.562500 0.218750 0.593750 0.218750 0.625000 0.218750 0.656250 0.218750 0.687500 0.218750 0.718750 0.218750 0.750000 0.218750 0.781250 0.218750 0.812500 0.218750 0.843750 0.218750 0.875000 0.218750 0.906250 0.218750 0.937500 0.218750 0.968750 0.218750 1.000000 0.218750 0.000000 0.250000 0.031250 0.250000 0.062500 0.250000 0.093750 0.250000 0.125000 0.250000 0.156250 0.250000 0.187500 0.250000 0.218750 0.250000 0.250000 0.250000 0.281250 0.250000 0.312500 0.250000 0.343750 0.250000 0.375000 0.250000 0.406250 0.250000 0.437500 0.250000 0.468750 0.250000 0.500000 0.250000 0.531250 0.250000 0.562500 0.250000 0.593750 0.250000 0.625000 0.250000 0.656250 0.250000 0.687500 0.250000 0.718750 0.250000 0.750000 0.250000 0.781250 0.250000 0.812500 0.250000 0.843750 0.250000 0.875000 0.250000 0.906250 0.250000 0.937500 0.250000 0.968750 0.250000 1.000000 0.250000 0.000000 0.281250 0.031250 0.281250 0.062500 0.281250 0.093750 0.281250 0.125000 0.281250 0.156250 0.281250 0.187500 0.281250 0.218750 0.281250 0.250000 0.281250 0.281250 0.281250 0.312500 0.281250 0.343750 0.281250 0.375000 0.281250 0.406250 0.281250 0.437500 0.281250 0.468750 0.281250 0.500000 0.281250 0.531250 0.281250 0.562500 0.281250 0.593750 0.281250 0.625000 0.281250 0.656250 0.281250 0.687500 0.281250 0.718750 0.281250 0.750000 0.281250 0.781250 0.281250 0.812500 0.281250 0.843750 0.281250 0.875000 0.281250 0.906250 0.281250 0.937500 0.281250 0.968750 0.281250 1.000000 0.281250 0.000000 0.312500 0.031250 0.312500 0.062500 0.312500 0.093750 0.312500 0.125000 0.312500 0.156250 0.312500 0.187500 0.312500 0.218750 0.312500 0.250000 0.312500 0.281250 0.312500 0.312500 0.312500 0.343750 0.312500 0.375000 0.312500 0.406250 0.312500 0.437500 0.312500 0.468750 0.312500 0.500000 0.312500 0.531250 0.312500 0.562500 0.312500 0.593750 0.312500 0.625000 0.312500 0.656250 0.312500 0.687500 0.312500 0.718750 0.312500 0.750000 0.312500 0.781250 0.312500 0.812500 0.312500 0.843750 0.312500 0.875000 0.312500 0.906250 0.312500 0.937500 0.312500 0.968750 0.312500 1.000000 0.312500 0.000000 0.343750 0.031250 0.343750 0.062500 0.343750 0.093750 0.343750 0.125000 0.343750 0.156250 0.343750 0.187500 0.343750 0.218750 0.343750 0.250000 0.343750 0.281250 0.343750 0.312500 0.343750 0.343750 0.343750 0.375000 0.343750 0.406250 0.343750 0.437500 0.343750 0.468750 0.343750 0.500000 0.343750 0.531250 0.343750 0.562500 0.343750 0.593750 0.343750 0.625000 0.343750 0.656250 0.343750 0.687500 0.343750 0.718750 0.343750 0.750000 0.343750 0.781250 0.343750 0.812500 0.343750 0.843750 0.343750 0.875000 0.343750 0.906250 0.343750 0.937500 0.343750 0.968750 0.343750 1.000000 0.343750 0.000000 0.375000 0.031250 0.375000 0.062500 0.375000 0.093750 0.375000 0.125000 0.375000 0.156250 0.375000 0.187500 0.375000 0.218750 0.375000 0.250000 0.375000 0.281250 0.375000 0.312500 0.375000 0.343750 0.375000 0.375000 0.375000 0.406250 0.375000 0.437500 0.375000 0.468750 0.375000 0.500000 0.375000 0.531250 0.375000 0.562500 0.375000 0.593750 0.375000 0.625000 0.375000 0.656250 0.375000 0.687500 0.375000 0.718750 0.375000 0.750000 0.375000 0.781250 0.375000 0.812500 0.375000 0.843750 0.375000 0.875000 0.375000 0.906250 0.375000 0.937500 0.375000 0.968750 0.375000 1.000000 0.375000 0.000000 0.406250 0.031250 0.406250 0.062500 0.406250 0.093750 0.406250 0.125000 0.406250 0.156250 0.406250 0.187500 0.406250 0.218750 0.406250 0.250000 0.406250 0.281250 0.406250 0.312500 0.406250 0.343750 0.406250 0.375000 0.406250 0.406250 0.406250 0.437500 0.406250 0.468750 0.406250 0.500000 0.406250 0.531250 0.406250 0.562500 0.406250 0.593750 0.406250 0.625000 0.406250 0.656250 0.406250 0.687500 0.406250 0.718750 0.406250 0.750000 0.406250 0.781250 0.406250 0.812500 0.406250 0.843750 0.406250 0.875000 0.406250 0.906250 0.406250 0.937500 0.406250 0.968750 0.406250 1.000000 0.406250 0.000000 0.437500 0.031250 0.437500 0.062500 0.437500 0.093750 0.437500 0.125000 0.437500 0.156250 0.437500 0.187500 0.437500 0.218750 0.437500 0.250000 0.437500 0.281250 0.437500 0.312500 0.437500 0.343750 0.437500 0.375000 0.437500 0.406250 0.437500 0.437500 0.437500 0.468750 0.437500 0.500000 0.437500 0.531250 0.437500 0.562500 0.437500 0.593750 0.437500 0.625000 0.437500 0.656250 0.437500 0.687500 0.437500 0.718750 0.437500 0.750000 0.437500 0.781250 0.437500 0.812500 0.437500 0.843750 0.437500 0.875000 0.437500 0.906250 0.437500 0.937500 0.437500 0.968750 0.437500 1.000000 0.437500 0.000000 0.468750 0.031250 0.468750 0.062500 0.468750 0.093750 0.468750 0.125000 0.468750 0.156250 0.468750 0.187500 0.468750 0.218750 0.468750 0.250000 0.468750 0.281250 0.468750 0.312500 0.468750 0.343750 0.468750 0.375000 0.468750 0.406250 0.468750 0.437500 0.468750 0.468750 0.468750 0.500000 0.468750 0.531250 0.468750 0.562500 0.468750 0.593750 0.468750 0.625000 0.468750 0.656250 0.468750 0.687500 0.468750 0.718750 0.468750 0.750000 0.468750 0.781250 0.468750 0.812500 0.468750 0.843750 0.468750 0.875000 0.468750 0.906250 0.468750 0.937500 0.468750 0.968750 0.468750 1.000000 0.468750 0.000000 0.500000 0.031250 0.500000 0.062500 0.500000 0.093750 0.500000 0.125000 0.500000 0.156250 0.500000 0.187500 0.500000 0.218750 0.500000 0.250000 0.500000 0.281250 0.500000 0.312500 0.500000 0.343750 0.500000 0.375000 0.500000 0.406250 0.500000 0.437500 0.500000 0.468750 0.500000 0.500000 0.500000 0.531250 0.500000 0.562500 0.500000 0.593750 0.500000 0.625000 0.500000 0.656250 0.500000 0.687500 0.500000 0.718750 0.500000 0.750000 0.500000 0.781250 0.500000 0.812500 0.500000 0.843750 0.500000 0.875000 0.500000 0.906250 0.500000 0.937500 0.500000 0.968750 0.500000 1.000000 0.500000 0.000000 0.531250 0.031250 0.531250 0.062500 0.531250 0.093750 0.531250 0.125000 0.531250 0.156250 0.531250 0.187500 0.531250 0.218750 0.531250 0.250000 0.531250 0.281250 0.531250 0.312500 0.531250 0.343750 0.531250 0.375000 0.531250 0.406250 0.531250 0.437500 0.531250 0.468750 0.531250 0.500000 0.531250 0.531250 0.531250 0.562500 0.531250 0.593750 0.531250 0.625000 0.531250 0.656250 0.531250 0.687500 0.531250 0.718750 0.531250 0.750000 0.531250 0.781250 0.531250 0.812500 0.531250 0.843750 0.531250 0.875000 0.531250 0.906250 0.531250 0.937500 0.531250 0.968750 0.531250 1.000000 0.531250 0.000000 0.562500 0.031250 0.562500 0.062500 0.562500 0.093750 0.562500 0.125000 0.562500 0.156250 0.562500 0.187500 0.562500 0.218750 0.562500 0.250000 0.562500 0.281250 0.562500 0.312500 0.562500 0.343750 0.562500 0.375000 0.562500 0.406250 0.562500 0.437500 0.562500 0.468750 0.562500 0.500000 0.562500 0.531250 0.562500 0.562500 0.562500 0.593750 0.562500 0.625000 0.562500 0.656250 0.562500 0.687500 0.562500 0.718750 0.562500 0.750000 0.562500 0.781250 0.562500 0.812500 0.562500 0.843750 0.562500 0.875000 0.562500 0.906250 0.562500 0.937500 0.562500 0.968750 0.562500 1.000000 0.562500 0.000000 0.593750 0.031250 0.593750 0.062500 0.593750 0.093750 0.593750 0.125000 0.593750 0.156250 0.593750 0.187500 0.593750 0.218750 0.593750 0.250000 0.593750 0.281250 0.593750 0.312500 0.593750 0.343750 0.593750 0.375000 0.593750 0.406250 0.593750 0.437500 0.593750 0.468750 0.593750 0.500000 0.593750 0.531250 0.593750 0.562500 0.593750 0.593750 0.593750 0.625000 0.593750 0.656250 0.593750 0.687500 0.593750 0.718750 0.593750 0.750000 0.593750 0.781250 0.593750 0.812500 0.593750 0.843750 0.593750 0.875000 0.593750 0.906250 0.593750 0.937500 0.593750 0.968750 0.593750 1.000000 0.593750 0.000000 0.625000 0.031250 0.625000 0.062500 0.625000 0.093750 0.625000 0.125000 0.625000 0.156250 0.625000 0.187500 0.625000 0.218750 0.625000 0.250000 0.625000 0.281250 0.625000 0.312500 0.625000 0.343750 0.625000 0.375000 0.625000 0.406250 0.625000 0.437500 0.625000 0.468750 0.625000 0.500000 0.625000 0.531250 0.625000 0.562500 0.625000 0.593750 0.625000 0.625000 0.625000 0.656250 0.625000 0.687500 0.625000 0.718750 0.625000 0.750000 0.625000 0.781250 0.625000 0.812500 0.625000 0.843750 0.625000 0.875000 0.625000 0.906250 0.625000 0.937500 0.625000 0.968750 0.625000 1.000000 0.625000 0.000000 0.656250 0.031250 0.656250 0.062500 0.656250 0.093750 0.656250 0.125000 0.656250 0.156250 0.656250 0.187500 0.656250 0.218750 0.656250 0.250000 0.656250 0.281250 0.656250 0.312500 0.656250 0.343750 0.656250 0.375000 0.656250 0.406250 0.656250 0.437500 0.656250 0.468750 0.656250 0.500000 0.656250 0.531250 0.656250 0.562500 0.656250 0.593750 0.656250 0.625000 0.656250 0.656250 0.656250 0.687500 0.656250 0.718750 0.656250 0.750000 0.656250 0.781250 0.656250 0.812500 0.656250 0.843750 0.656250 0.875000 0.656250 0.906250 0.656250 0.937500 0.656250 0.968750 0.656250 1.000000 0.656250 0.000000 0.687500 0.031250 0.687500 0.062500 0.687500 0.093750 0.687500 0.125000 0.687500 0.156250 0.687500 0.187500 0.687500 0.218750 0.687500 0.250000 0.687500 0.281250 0.687500 0.312500 0.687500 0.343750 0.687500 0.375000 0.687500 0.406250 0.687500 0.437500 0.687500 0.468750 0.687500 0.500000 0.687500 0.531250 0.687500 0.562500 0.687500 0.593750 0.687500 0.625000 0.687500 0.656250 0.687500 0.687500 0.687500 0.718750 0.687500 0.750000 0.687500 0.781250 0.687500 0.812500 0.687500 0.843750 0.687500 0.875000 0.687500 0.906250 0.687500 0.937500 0.687500 0.968750 0.687500 1.000000 0.687500 0.000000 0.718750 0.031250 0.718750 0.062500 0.718750 0.093750 0.718750 0.125000 0.718750 0.156250 0.718750 0.187500 0.718750 0.218750 0.718750 0.250000 0.718750 0.281250 0.718750 0.312500 0.718750 0.343750 0.718750 0.375000 0.718750 0.406250 0.718750 0.437500 0.718750 0.468750 0.718750 0.500000 0.718750 0.531250 0.718750 0.562500 0.718750 0.593750 0.718750 0.625000 0.718750 0.656250 0.718750 0.687500 0.718750 0.718750 0.718750 0.750000 0.718750 0.781250 0.718750 0.812500 0.718750 0.843750 0.718750 0.875000 0.718750 0.906250 0.718750 0.937500 0.718750 0.968750 0.718750 1.000000 0.718750 0.000000 0.750000 0.031250 0.750000 0.062500 0.750000 0.093750 0.750000 0.125000 0.750000 0.156250 0.750000 0.187500 0.750000 0.218750 0.750000 0.250000 0.750000 0.281250 0.750000 0.312500 0.750000 0.343750 0.750000 0.375000 0.750000 0.406250 0.750000 0.437500 0.750000 0.468750 0.750000 0.500000 0.750000 0.531250 0.750000 0.562500 0.750000 0.593750 0.750000 0.625000 0.750000 0.656250 0.750000 0.687500 0.750000 0.718750 0.750000 0.750000 0.750000 0.781250 0.750000 0.812500 0.750000 0.843750 0.750000 0.875000 0.750000 0.906250 0.750000 0.937500 0.750000 0.968750 0.750000 1.000000 0.750000 0.000000 0.781250 0.031250 0.781250 0.062500 0.781250 0.093750 0.781250 0.125000 0.781250 0.156250 0.781250 0.187500 0.781250 0.218750 0.781250 0.250000 0.781250 0.281250 0.781250 0.312500 0.781250 0.343750 0.781250 0.375000 0.781250 0.406250 0.781250 0.437500 0.781250 0.468750 0.781250 0.500000 0.781250 0.531250 0.781250 0.562500 0.781250 0.593750 0.781250 0.625000 0.781250 0.656250 0.781250 0.687500 0.781250 0.718750 0.781250 0.750000 0.781250 0.781250 0.781250 0.812500 0.781250 0.843750 0.781250 0.875000 0.781250 0.906250 0.781250 0.937500 0.781250 0.968750 0.781250 1.000000 0.781250 0.000000 0.812500 0.031250 0.812500 0.062500 0.812500 0.093750 0.812500 0.125000 0.812500 0.156250 0.812500 0.187500 0.812500 0.218750 0.812500 0.250000 0.812500 0.281250 0.812500 0.312500 0.812500 0.343750 0.812500 0.375000 0.812500 0.406250 0.812500 0.437500 0.812500 0.468750 0.812500 0.500000 0.812500 0.531250 0.812500 0.562500 0.812500 0.593750 0.812500 0.625000 0.812500 0.656250 0.812500 0.687500 0.812500 0.718750 0.812500 0.750000 0.812500 0.781250 0.812500 0.812500 0.812500 0.843750 0.812500 0.875000 0.812500 0.906250 0.812500 0.937500 0.812500 0.968750 0.812500 1.000000 0.812500 0.000000 0.843750 0.031250 0.843750 0.062500 0.843750 0.093750 0.843750 0.125000 0.843750 0.156250 0.843750 0.187500 0.843750 0.218750 0.843750 0.250000 0.843750 0.281250 0.843750 0.312500 0.843750 0.343750 0.843750 0.375000 0.843750 0.406250 0.843750 0.437500 0.843750 0.468750 0.843750 0.500000 0.843750 0.531250 0.843750 0.562500 0.843750 0.593750 0.843750 0.625000 0.843750 0.656250 0.843750 0.687500 0.843750 0.718750 0.843750 0.750000 0.843750 0.781250 0.843750 0.812500 0.843750 0.843750 0.843750 0.875000 0.843750 0.906250 0.843750 0.937500 0.843750 0.968750 0.843750 1.000000 0.843750 0.000000 0.875000 0.031250 0.875000 0.062500 0.875000 0.093750 0.875000 0.125000 0.875000 0.156250 0.875000 0.187500 0.875000 0.218750 0.875000 0.250000 0.875000 0.281250 0.875000 0.312500 0.875000 0.343750 0.875000 0.375000 0.875000 0.406250 0.875000 0.437500 0.875000 0.468750 0.875000 0.500000 0.875000 0.531250 0.875000 0.562500 0.875000 0.593750 0.875000 0.625000 0.875000 0.656250 0.875000 0.687500 0.875000 0.718750 0.875000 0.750000 0.875000 0.781250 0.875000 0.812500 0.875000 0.843750 0.875000 0.875000 0.875000 0.906250 0.875000 0.937500 0.875000 0.968750 0.875000 1.000000 0.875000 0.000000 0.906250 0.031250 0.906250 0.062500 0.906250 0.093750 0.906250 0.125000 0.906250 0.156250 0.906250 0.187500 0.906250 0.218750 0.906250 0.250000 0.906250 0.281250 0.906250 0.312500 0.906250 0.343750 0.906250 0.375000 0.906250 0.406250 0.906250 0.437500 0.906250 0.468750 0.906250 0.500000 0.906250 0.531250 0.906250 0.562500 0.906250 0.593750 0.906250 0.625000 0.906250 0.656250 0.906250 0.687500 0.906250 0.718750 0.906250 0.750000 0.906250 0.781250 0.906250 0.812500 0.906250 0.843750 0.906250 0.875000 0.906250 0.906250 0.906250 0.937500 0.906250 0.968750 0.906250 1.000000 0.906250 0.000000 0.937500 0.031250 0.937500 0.062500 0.937500 0.093750 0.937500 0.125000 0.937500 0.156250 0.937500 0.187500 0.937500 0.218750 0.937500 0.250000 0.937500 0.281250 0.937500 0.312500 0.937500 0.343750 0.937500 0.375000 0.937500 0.406250 0.937500 0.437500 0.937500 0.468750 0.937500 0.500000 0.937500 0.531250 0.937500 0.562500 0.937500 0.593750 0.937500 0.625000 0.937500 0.656250 0.937500 0.687500 0.937500 0.718750 0.937500 0.750000 0.937500 0.781250 0.937500 0.812500 0.937500 0.843750 0.937500 0.875000 0.937500 0.906250 0.937500 0.937500 0.937500 0.968750 0.937500 1.000000 0.937500 0.000000 0.968750 0.031250 0.968750 0.062500 0.968750 0.093750 0.968750 0.125000 0.968750 0.156250 0.968750 0.187500 0.968750 0.218750 0.968750 0.250000 0.968750 0.281250 0.968750 0.312500 0.968750 0.343750 0.968750 0.375000 0.968750 0.406250 0.968750 0.437500 0.968750 0.468750 0.968750 0.500000 0.968750 0.531250 0.968750 0.562500 0.968750 0.593750 0.968750 0.625000 0.968750 0.656250 0.968750 0.687500 0.968750 0.718750 0.968750 0.750000 0.968750 0.781250 0.968750 0.812500 0.968750 0.843750 0.968750 0.875000 0.968750 0.906250 0.968750 0.937500 0.968750 0.968750 0.968750 1.000000 0.968750 0.000000 1.000000 0.031250 1.000000 0.062500 1.000000 0.093750 1.000000 0.125000 1.000000 0.156250 1.000000 0.187500 1.000000 0.218750 1.000000 0.250000 1.000000 0.281250 1.000000 0.312500 1.000000 0.343750 1.000000 0.375000 1.000000 0.406250 1.000000 0.437500 1.000000 0.468750 1.000000 0.500000 1.000000 0.531250 1.000000 0.562500 1.000000 0.593750 1.000000 0.625000 1.000000 0.656250 1.000000 0.687500 1.000000 0.718750 1.000000 0.750000 1.000000 0.781250 1.000000 0.812500 1.000000 0.843750 1.000000 0.875000 1.000000 0.906250 1.000000 0.937500 1.000000 0.968750 1.000000 1.000000 1.000000</float_array>
          <technique_common>
            <accessor source="#mesh0-map-array" count="1089" stride="2">
              <param name="S" type="float"/><param name="T" type="float"/>
            </accessor>
          </technique_common>
        </source>
        <vertices id="mesh0-vertices">
          <input semantic="POSITION" source="#mesh0-positions"/>
        </vertices>
        <triangles count="2048">
          <input semantic="VERTEX"   source="#mesh0-vertices" offset="0"/>
          <input semantic="NORMAL"   source="#mesh0-normals"  offset="1"/>
          <input semantic="TEXCOORD" source="#mesh0-map"      offset="2" set="0"/>
          <p>0 0 0 1 1 1 33 33 33 1 1 1 34 34 34 33 33 33 1 1 1 2 2 2 34 34 34 2 2 2 35 35 35 34 34 34 2 2 2 3 3 3 35 35 35 3 3 3 36 36 36 35 35 35 3 3 3 4 4 4 36 36 36 4 4 4 37 37 37 36 36 36 4 4 4 5 5 5 37 37 37 5 5 5 38 38 38 37 37 37 5 5 5 6 6 6 38 38 38 6 6 6 39 39 39 38 38 38 6 6 6 7 7 7 39 39 39 7 7 7 40 40 40 39 39 39 7 7 7 8 8 8 40 40 40 8 8 8 41 41 41 40 40 40 8 8 8 9 9 9 41 41 41 9 9 9 42 42 42 41 41 41 9 9 9 10 10 10 42 42 42 10 10 10 43 43 43 42 42 42 10 10 10 11 11 11 43 43 43 11 11 11 44 44 44 43 43 43 11 11 11 12 12 12 44 44 44 12 12 12 45 45 45 44 44 44 12 12 12 13 13 13 45 45 45 13 13 13 46 46 46 45 45 45 13 13 13 14 14 14 46 46 46 14 14 14 47 47 47 46 46 46 14 14 14 15 15 15 47 47 47 15 15 15 48 48 48 47 47 47 15 15 15 16 16 16 48 48 48 16 16 16 49 49 49 48 48 48 16 16 16 17 17 17 49 49 49 17 17 17 50 50 50 49 49 49 17 17 17 18 18 18 50 50 50 18 18 18 51 51 51 50 50 50 18 18 18 19 19 19 51 51 51 19 19 19 52 52 52 51 51 51 19 19 19 20 20 20 52 52 52 20 20 20 53 53 53 52 52 52 20 20 20 21 21 21 53 53 53 21 21 21 54 54 54 53 53 53 21 21 21 22 22 22 54 54 54 22 22 22 55 55 55 54 54 54 22 22 22 23 23 23 55 55 55 23 23 23 56 56 56 55 55 55 23 23 23 24 24 24 56 56 56 24 24 24 57 57 57 56 56 56 24 24 24 25 25 25 57 57 57 25 25 25 58 58 58 57 57 57 25 25 25 26 26 26 58 58 58 26 26 26 59 59 59 58 58 58 26 26 26 27 27 27 59 59 59 27 27 27 60 60 60 59 59 59 27 27 27 28 28 28 60 60 60 28 28 28 61 61 61 60 60 60 28 28 28 29 29 29 61 61 61 29 29 29 62 62 62 61 61 61 29 29 29 30 30 30 62 62 62 30 30 30 63 63 63 62 62 62 30 30 30 31 31 31 63 63 63 31 31 31 64 64 64 63 63 63 31 31 31 32 32 32 64 64 64 32 32 32 65 65 65 64 64 64 33 33 33 34 34 34 66 66 66 34 34 34 67 67 67 66 66 66 34 34 34 35 35 35 67 67 67 35 35 35 68 68 68 67 67 67 35 35 35 36 36 36 68 68 68 36 36 36 69 69 69 68 68 68 36 36 36 37 37 37 69 69 69 37 37 37 70 70 70 69 69 69 37 37 37 38 38 38 70 70 70 38 38 38 71 71 71 70 70 70 38 38 38 39 39 39 71 71 71 39 39 39 72 72 72 71 71 71 39 39 39 40 40 40 72 72 72 40 40 40 73 73 73 72 72 72 40 40 40 41 41 41 73 73 73 41 41 41 74 74 74 73 73 73 41 41 41 42 42 42 74 74 74 42 42 42 75 75 75 74 74 74 42 42 42 43 43 43 75 75 75 43 43 43 76 76 76 75 75 75 43 43 43 44 44 44 76 76 76 44 44 44 77 77 77 76 76 76 44 44 44 45 45 45 77 77 77 45 45 45 78 78 78 77 77 77 45 45 45 46 46 46 78 78 78 46 46 46 79 79 79 78 78 78 46 46 46 47 47 47 79 79 79 47 47 47 80 80 80 79 79 79 47 47 47 48 48 48 80 80 80 48 48 48 81 81 81 80 80 80 48 48 48 49 49 49 81 81 81 49 49 49 82 82 82 81 81 81 49 49 49 50 50 50 82 82 82 50 50 50 83 83 83 82 82 82 50 50 50 51 51 51 83 83 83 51 51 51 84 84 84 83 83 83 51 51 51 52 52 52 84 84 84 52 52 52 85 85 85 84 84 84 52 52 52 53 53 53 85 85 85 53 53 53 86 86 86 85 85 85 53 53 53 54 54 54 86 86 86 54 54 54 87 87 87 86 86 86 54 54 54 55 55 55 87 87 87 55 55 55 88 88 88 87 87 87 55 55 55 56 56 56 88 88 88 56 56 56 89 89 89 88 88 88 56 56 56 57 57 57 89 89 89 57 57 57 90 90 90 89 89 89 57 57 57 58 58 58 90 90 90 58 58 58 91 91 91 90 90 90 58 58 58 59 59 59 91 91 91 59 59 59 92 92 92 91 91 91 59 59 59 60 60 60 92 92 92 60 60 60 93 93 93 92 92 92 60 60 60 61 61 61 93 93 93 61 61 61 94 94 94 93 93 93 61 61 61 62 62 62 94 94 94 62 62 62 95 95 95 94 94 94 62 62 62 63 63 63 95 95 95 63 63 63 96 96 96 95 95 95 63 63 63 64 64 64 96 96 96 64 64 64 97 97 97 96 96 96 64 64 64 65 65 65 97 97 97 65 65 65 98 98 98 97 97 97 66 66 66 67 67 67 99 99 99 67 67 67 100 100 100 99 99 99 67 67 67 68 68 68 100 100 100 68 68 68 101 101 101 100 100 100 68 68 68 69 69 69 101 101 101 69 69 69 102 102 102 101 101 101 69 69 69 70 70 70 102 102 102 70 70 70 103 103 103 102 102 102 70 70 70 71 71 71 103 103 103 71 71 71 104 104 104 103 103 103 71 71 71 72 72 72 104 104 104 72 72 72 105 105 105 104 104 104 72 72 72 73 73 73 105 105 105 73 73 73 106 106 106 105 105 105 73 73 73 74 74 74 106 106 106 74 74 74 107 107 107 106 106 106 74 74 74 75 75 75 107 107 107 75 75 75 108 108 108 107 107 107 75 75 75 76 76 76 108 108 108 76 76 76 109 109 109 108 108 108 76 76 76 77 77 77 109 109 109 77 77 77 110 110 110 109 109 109 77 77 77 78 78 78 110 110 110 78 78 78 111 111 111 110 110 110 78 78 78 79 79 79 111 111 111 79 79 79 112 112 112 111 111 111 79 79 79 80 80 80 112 112 112 80 80 80 113 113 113 112 112 112 80 80 80 81 81 81 113 113 113 81 81 81 114 114 114 113 113 113 81 81 81 82 82 82 114 114 114 82 82 82 115 115 115 114 114 114 82 82 82 83 83 83 115 115 115 83 83 83 116 116 116 115 115 115 83 83 83 84 84 84 116 116 116 84 84 84 117 117 117 116 116 116 84 84 84 85 85 85 117 117 117 85 85 85 118 118 118 117 117 117 85 85 85 86 86 86 118 118 118 86 86 86 119 119 119 118 118 118 86 86 86 87 87 87 119 119 119 87 87 87 120 120 120 119 119 119 87 87 87 88 88 88 120 120 120 88 88 88 121 121 121 120 120 120 88 88 88 89 89 89 121 121 121 89 89 89 122 122 122 121 121 121 89 89 89 90 90 90 122 122 122 90 90 90 123 123 123 122 122 122 90 90 90 91 91 91 123 123 123 91 91 91 124 124 124 123 123 123 91 91 91 92 92 92 124 124 124 92 92 92 125 125 125 124 124 124 92 92 92 93 93 93 125 125 125 93 93 93 126 126 126 125 125 125 93 93 93 94 94 94 126 126 126 94 94 94 127 127 127 126 126 126 94 94 94 95 95 95 127 127 127 95 95 95 128 128 128 127 127 127 95 95 95 96 96 96 128 128 128 96 96 96 129 129 129 128 128 128 96 96 96 97 97 97 129 129 129 97 97 97 130 130 130 129 129 129 97 97 97 98 98 98 130 130 130 98 98 98 131 131 131 130 130 130 99 99 99 100 100 100 132 132 132 100 100 100 133 133 133 132 132 132 100 100 100 101 101 101 133 133 133 101 101 101 134 134 134 133 133 133 101 101 101 102 102 102 134 134 134 102 102 102 135 135 135 134 134 134 102 102 102 103 103 103 135 135 135 103 103 103 136 136 136 135 135 135 103 103 103 104 104 104 136 136 136 104 104 104 137 137 137 136 136 136 104 104 104 105 105 105 137 137 137 105 105 105 138 138 138 137 137 137 105 105 105 106 106 106 138 138 138 106 106 106 139 139 139 138 138 138 106 106 106 107 107 107 139 139 139 107 107 107 140 140 140 139 139 139 107 107 107 108 108 108 140 140 140 108 108 108 141 141 141 140 140 140 108 108 108 109 109 109 141 141 141 109 109 109 142 142 142 141 141 141 109 109 109 110 110 110 142 142 142 110 110 110 143 143 143 142 142 142 110 110 110 111 111 111 143 143 143 111 111 111 144 144 144 143 143 143 111 111 111 112 112 112 144 144 144 112 112 112 145 145 145 144 144 144 112 112 112 113 113 113 145 145 145 113 113 113 146 146 146 145 145 145 113 113 113 114 114 114 146 146 146 114 114 114 147 147 147 146 146 146 114 114 114 115 115 115 147 147 147 115 115 115 148 148 148 147 147 147 115 115 115 116 116 116 148 148 148 116 116 116 149 149 149 148 148 148 116 116 116 117 117 117 149 149 149 117 117 117 150 150 150 149 149 149 117 117 117 118 118 118 150 150 150 118 118 118 151 151 151 150 150 150 118 118 118 119 119 119 151 151 151 119 119 119 152 152 152 151 151 151 119 119 119 120 120 120 152 152 152 120 120 120 153 153 153 152 152 152 120 120 120 121 121 121 153 153 153 121 121 121 154 154 154 153 153 153 121 121 121 122 122 122 154 154 154 122 122 122 155 155 155 154 154 154 122 122 122 123 123 123 155 155 155 123 123 123 156 156 156 155 155 155 123 123 123 124 124 124 156 156 156 124 124 124 157 157 157 156 156 156 124 124 124 125 125 125 157 157 157 125 125 125 158 158 158 157 157 157 125 125 125 126 126 126 158 158 158 126 126 126 159 159 159 158 158 158 126 126 126 127 127 127 159 159 159 127 127 127 160 160 160 159 159 159 127 127 127 128 128 128 160 160 160 128 128 128 161 161 161 160 160 160 128 128 128 129 129 129 161 161 161 129 129 129 162 162 162 161 161 161 129 129 129 130 130 130 162 162 162 130 130 130 163 163 163 162 162 162 130 130 130 131 131 131 163 163 163 131 131 131 164 164 164 163 163 163 132 132 132 133 133 133 165 165 165 133 133 133 166 166 166 165 165 165 133 133 133 134 134 134 166 166 166 134 134 134 167 167 167 166 166 166 134 134 134 135 135 135 167 167 167 135 135 135 168 168 168 167 167 167 135 135 135 136 136 136 168 168 168 136 136 136 169 169 169 168 168 168 136 136 136 137 137 137 169 169 169 137 137 137 170 170 170 169 169 169 137 137 137 138 138 138 170 170 170 138 138 138 171 171 171 170 170 170 138 138 138 139 139 139 171 171 171 139 139 139 172 172 172 171 171 171 139 139 139 140 140 140 172 172 172 140 140 140 173 173 173 172 172 172 140 140 140 141 141 141 173 173 173 141 141 141 174 174 174 173 173 173 141 141 141 142 142 142 174 174 174 142 142 142 175 175 175 174 174 174 142 142 142 143 143 143 175 175 175 143 143 143 176 176 176 175 175 175 143 143 143 144 144 144 176 176 176 144 144 144 177 177 177 176 176 176 144 144 144 145 145 145 177 177 177 145 145 145 178 178 178 177 177 177 145 145 145 146 146 146 178 178 178 146 146 146 179 179 179 178 178 178 146 146 146 147 147 147 179 179 179 147 147 147 180 180 180 179 179 179 147 147 147 148 148 148 180 180 180 148 148 148 181 181 181 180 180 180 148 148 148 149 149 149 181 181 181 149 149 149 182 182 182 181 181 181 149 149 149 150 150 150 182 182 182 150 150 150 183 183 183 182 182 182 150 150 150 151 151 151 183 183 183 151 151 151 184 184 184 183 183 183 151 151 151 152 152 152 184 184 184 152 152 152 185 185 185 184 184 184 152 152 152 153 153 153 185 185 185 153 153 153 186 186 186 185 185 185 153 153 153 154 154 154 186 186 186 154 154 154 187 187 187 186 186 186 154 154 154 155 155 155 187 187 187 155 155 155 188 188 188 187 187 187 155 155 155 156 156 156 188 188 188 156 156 156 189 189 189 188 188 188 156 156 156 157 157 157 189 189 189 157 157 157 190 190 190 189 189 189 157 157 157 158 158 158 190 190 190 158 158 158 191 191 191 190 190 190 158 158 158 159 159 159 191 191 191 159 159 159 192 192 192 191 191 191 159 159 159 160 160 160 192 192 192 160 160 160 193 193 193 192 192 192 160 160 160 161 161 161 193 193 193 161 161 161 194 194 194 193 193 193 161 161 161 162 162 162 194 194 194 162 162 162 195 195 195 194 194 194 162 162 162 163 163 163 195 195 195 163 163 163 196 196 196 195 195 195 163 163 163 164 164 164 196 196 196 164 164 164 197 197 197 196 196 196 165 165 165 166 166 166 198 198 198 166 166 166 199 199 199 198 198 198 166 166 166 167 167 167 199 199 199 167 167 167 200 200 200 199 199 199 167 167 167 168 168 168 200 200 200 168 168 168 201 201 201 200 200 200 168 168 168 169 169 169 201 201 201 169 169 169 202 202 202 201 201 201 169 169 169 170 170 170 202 202 202 170 170 170 203 203 203 202 202 202 170 170 170 171 171 171 203 203 203 171 171 171 204 204 204 203 203 203 171 171 171 172 172 172 204 204 204 172 172 172 205 205 205 204 204 204 172 172 172 173 173 173 205 205 205 173 173 173 206 206 206 205 205 205 173 173 173 174 174 174 206 206 206 174 174 174 207 207 207 206 206 206 174 174 174 175 175 175 207 207 207 175 175 175 208 208 208 207 207 207 175 175 175 176 176 176 208 208 208 176 176 176 209 209 209 208 208 208 176 176 176 177 177 177 209 209 209 177 177 177 210 210 210 209 209 209 177 177 177 178 178 178 210 210 210 178 178 178 211 211 211 210 210 210 178 178 178 179 179 179 211 211 211 179 179 179 212 212 212 211 211 211 179 179 179 180 180 180 212 212 212 180 180 180 213 213 213 212 212 212 180 180 180 181 181 181 213 213 213 181 181 181 214 214 214 213 213 213 181 181 181 182 182 182 214 214 214 182 182 182 215 215 215 214 214 214 182 182 182 183 183 183 215 215 215 183 183 183 216 216 216 215 215 215 183 183 183 184 184 184 216 216 216 184 184 184 217 217 217 216 216 216 184 184 184 185 185 185 217 217 217 185 185 185 218 218 218 217 217 217 185 185 185 186 186 186 218 218 218 186 186 186 219 219 219 218 218 218 186 186 186 187 187 187 219 219 219 187 187 187 220 220 220 219 219 219 187 187 187 188 188 188 220 220 220 188 188 188 221 221 221 220 220 220 188 188 188 189 189 189 221 221 221 189 189 189 222 222 222 221 221 221 189 189 189 190 190 190 222 222 222 190 190 190 223 223 223 222 222 222 190 190 190 191 191 191 223 223 223 191 191 191 224 224 224 223 223 223 191 191 191 192 192 192 224 224 224 192 192 192 225 225 225 224 224 224 192 192 192 193 193 193 225 225 225 193 193 193 226 226 226 225 225 225 193 193 193 194 194 194 226 226 226 194 194 194 227 227 227 226 226 226 194 194 194 195 195 195 227 227 227 195 195 195 228 228 228 227 227 227 195 195 195 196 196 196 228 228 228 196 196 196 229 229 229 228 228 228 196 196 196 197 197 197 229 229 229 197 197 197 230 230 230 229 229 229 198 198 198 199 199 199 231 231 231 199 199 199 232 232 232 231 231 231 199 199 199 200 200 200 232 232 232 200 200 200 233 233 233 232 232 232 200 200 200 201 201 201 233 233 233 201 201 201 234 234 234 233 233 233 201 201 201 202 202 202 234 234 234 202 202 202 235 235 235 234 234 234 202 202 202 203 203 203 235 235 235 203 203 203 236 236 236 235 235 235 203 203 203 204 204 204 236 236 236 204 204 204 237 237 237 236 236 236 204 204 204 205 205 205 237 237 237 205 205 205 238 238 238 237 237 237 205 205 205 206 206 206 238 238 238 206 206 206 239 239 239 238 238 238 206 206 206 207 207 207 239 239 239 207 207 207 240 240 240 239 239 239 207 207 207 208 208 208 240 240 240 208 208 208 241 241 241 240 240 240 208 208 208 209 209 209 241 241 241 209 209 209 242 242 242 241 241 241 209 209 209 210 210 210 242 242 242 210 210 210 243 243 243 242 242 242 210 210 210 211 211 211 243 243 243 211 211 211 244 244 244 243 243 243 211 211 211 212 212 212 244 244 244 212 212 212 245 245 245 244 244 244 212 212 212 213 213 213 245 245 245 213 213 213 246 246 246 245 245 245 213 213 213 214 214 214 246 246 246 214 214 214 247 247 247 246 246 246 214 214 214 215 215 215 247 247 247 215 215 215 248 248 248 247 247 247 215 215 215 216 216 216 248 248 248 216 216 216 249 249 249 248 248 248 216 216 216 217 217 217 249 249 249 217 217 217 250 250 250 249 249 249 217 217 217 218 218 218 250 250 250 218 218 218 251 251 251 250 250 250 218 218 218 219 219 219 251 251 251 219 219 219 252 252 252 251 251 251 219 219 219 220 220 220 252 252 252 220 220 220 253 253 253 252 252 252 220 220 220 221 221 221 253 253 253 221 221 221 254 254 254 253 253 253 221 221 221 222 222 222 254 254 254 222 222 222 255 255 255 254 254 254 222 222 222 223 223 223 255 255 255 223 223 223 256 256 256 255 255 255 223 223 223 224 224 224 256 256 256 224 224 224 257 257 257 256 256 256 224 224 224 225 225 225 257 257 257 225 225 225 258 258 258 257 257 257 225 225 225 226 226 226 258 258 258 226 226 226 259 259 259 258 258 258 226 226 226 227 227 227 259 259 259 227 227 227 260 260 260 259 259 259 227 227 227 228 228 228 260 260 260 228 228 228 261 261 261 260 260 260 228 228 228 229 229 229 261 261 261 229 229 229 262 262 262 261 261 261 229 229 229 230 230 230 262 262 262 230 230 230 263 263 263 262 262 262 231 231 231 232 232 232 264 264 264 232 232 232 265 265 265 264 264 264 232 232 232 233 233 233 265 265 265 233 233 233 266 266 266 265 265 265 233 233 233 234 234 234 266 266 266 234 234 234 267 267 267 266 266 266 234 234 234 235 235 235 267 267 267 235 235 235 268 268 268 267 267 267 235 235 235 236 236 236 268 268 268 236 236 236 269 269 269 268 268 268 236 236 236 237 237 237 269 269 269 237 237 237 270 270 270 269 269 269 237 237 237 238 238 238 270 270 270 238 238 238 271 271 271 270 270 270 238 238 238 239 239 239 271 271 271 239 239 239 272 272 272 271 271 271 239 239 239 240 240 240 272 272 272 240 240 240 273 273 273 272 272 272 240 240 240 241 241 241 273 273 273 241 241 241 274 274 274 273 273 273 241 241 241 242 242 242 274 274 274 242 242 242 275 275 275 274 274 274 242 242 242 243 243 243 275 275 275 243 243 243 276 276 276 275 275 275 243 243 243 244 244 244 276 276 276 244 244 244 277 277 277 276 276 276 244 244 244 245 245 245 277 277 277 245 245 245 278 278 278 277 277 277 245 245 245 246 246 246 278 278 278 246 246 246 279 279 279 278 278 278 246 246 246 247 247 247 279 279 279 247 247 247 280 280 280 279 279 279 247 247 247 248 248 248 280 280 280 248 248 248 281 281 281 280 280 280 248 248 248 249 249 249 281 281 281 249 249 249 282 282 282 281 281 281 249 249 249 250 250 250 282 282 282 250 250 250 283 283 283 282 282 282 250 250 250 251 251 251 283 283 283 251 251 251 284 284 284 283 283 283 251 251 251 252 252 252 284 284 284 252 252 252 285 285 285 284 284 284 252 252 252 253 253 253 285 285 285 253 253 253 286 286 286 285 285 285 253 253 253 254 254 254 286 286 286 254 254 254 287 287 287 286 286 286 254 254 254 255 255 255 287 287 287 255 255 255 288 288 288 287 287 287 255 255 255 256 256 256 288 288 288 256 256 256 289 289 289 288 288 288 256 256 256 257 257 257 289 289 289 257 257 257 290 290 290 289 289 289 257 257 257 258 258 258 290 290 290 258 258 258 291 291 291 290 290 290 258 258 258 259 259 259 291 291 291 259 259 259 292 292 292 291 291 291 259 259 259 260 260 260 292 292 292 260 260 260 293 293 293 292 292 292 260 260 260 261 261 261 293 293 293 261 261 261 294 294 294 293 293 293 261 261 261 262 262 262 294 294 294 262 262 262 295 295 295 294 294 294 262 262 262 263 263 263 295 295 295 263 263 263 296 296 296 295 295 295 264 264 264 265 265 265 297 297 297 265 265 265 298 298 298 297 297 297 265 265 265 266 266 266 298 298 298 266 266 266 299 299 299 298 298 298 266 266 266 267 267 267 299 299 299 267 267 267 300 300 300 299 299 299 267 267 267 268 268 268 300 300 300 268 268 268 301 301 301 300 300 300 268 268 268 269 269 269 301 301 301 269 269 269 302 302 302 301 301 301 269 269 269 270 270 270 302 302 302 270 270 270 303 303 303 302 302 302 270 270 270 271 271 271 303 303 303 271 271 271 304 304 304 303 303 303 271 271 271 272 272 272 304 304 304 272 272 272 305 305 305 304 304 304 272 272 272 273 273 273 305 305 305 273 273 273 306 306 306 305 305 305 273 273 273 274 274 274 306 306 306 274 274 274 307 307 307 306 306 306 274 274 274 275 275 275 307 307 307 275 275 275 308 308 308 307 307 307 275 275 275 276 276 276 308 308 308 276 276 276 309 309 309 308 308 308 276 276 276 277 277 277 309 309 309 277 277 277 310 310 310 309 309 309 277 277 277 278 278 278 310 310 310 278 278 278 311 311 311 310 310 310 278 278 278 279 279 279 311 311 311 279 279 279 312 312 312 311 311 311 279 279 279 280 280 280 312 312 312 280 280 280 313 313 313 312 312 312 280 280 280 281 281 281 313 313 313 281 281 281 314 314 314 313 313 313 281 281 281 282 282 282 314 314 314 282 282 282 315 315 315 314 314 314 282 282 282 283 283 283 315 315 315 283 283 283 316 316 316 315 315 315 283 283 283 284 284 284 316 316 316 284 284 284 317 317 317 316 316 316 284 284 284 285 285 285 317 317 317 285 285 285 318 318 318 317 317 317 285 285 285 286 286 286 318 318 318 286 286 286 319 319 319 318 318 318 286 286 286 287 287 287 319 319 319 287 287 287 320 320 320 319 319 319 287 287 287 288 288 288 320 320 320 288 288 288 321 321 321 320 320 320 288 288 288 289 289 289 321 321 321 289 289 289 322 322 322 321 321 321 289 289 289 290 290 290 322 322 322 290 290 290 323 323 323 322 322 322 290 290 290 291 291 291 323 323 323 291 291 291 324 324 324 323 323 323 291 291 291 292 292 292 324 324 324 292 292 292 325 325 325 324 324 324 292 292 292 293 293 293 325 325 325 293 293 293 326 326 326 325 325 325 293 293 293 294 294 294 326 326 326 294 294 294 327 327 327 326 326 326 294 294 294 295 295 295 327 327 327 295 295 295 328 328 328 327 327 327 295 295 295 296 296 296 328 328 328 296 296 296 329 329 329 328 328 328 297 297 297 298 298 298 330 330 330 298 298 298 331 331 331 330 330 330 298 298 298 299 299 299 331 331 331 299 299 299 332 332 332 331 331 331 299 299 299 300 300 300 332 332 332 300 300 300 333 333 333 332 332 332 300 300 300 301 301 301 333 333 333 301 301 301 334 334 334 333 333 333 301 301 301 302 302 302 334 334 334 302 302 302 335 335 335 334 334 334 302 302 302 303 303 303 335 335 335 303 303 303 336 336 336 335 335 335 303 303 303 304 304 304 336 336 336 304 304 304 337 337 337 336 336 336 304 304 304 305 305 305 337 337 337 305 305 305 338 338 338 337 337 337 305 305 305 306 306 306 338 338 338 306 306 306 339 339 339 338 338 338 306 306 306 307 307 307 339 339 339 307 307 307 340 340 340 339 339 339 307 307 307 308 308 308 340 340 340 308 308 308 341 341 341 340 340 340 308 308 308 309 309 309 341 341 341 309 309 309 342 342 342 341 341 341 309 309 309 310 310 310 342 342 342 310 310 310 343 343 343 342 342 342 310 310 310 311 311 311 343 343 343 311 311 311 344 344 344 343 343 343 311 311 311 312 312 312 344 344 344 312 312 312 345 345 345 344 344 344 312 312 312 313 313 313 345 345 345 313 313 313 346 346 346 345 345 345 313 313 313 314 314 314 346 346 346 314 314 314 347 347 347 346 346 346 314 314 314 315 315 315 347 347 347 315 315 315 348 348 348 347 347 347 315 315 315 316 316 316 348 348 348 316 316 316 349 349 349 348 348 348 316 316 316 317 317 317 349 349 349 317 317 317 350 350 350 349 349 349 317 317 317 318 318 318 350 350 350 318 318 318 351 351 351 350 350 350 318 318 318 319 319 319 351 351 351 319 319 319 352 352 352 351 351 351 319 319 319 320 320 320 352 352 352 320 320 320 353 353 353 352 352 352 320 320 320 321 321 321 353 353 353 321 321 321 354 354 354 353 353 353 321 321 321 322 322 322 354 354 354 322 322 322 355 355 355 354 354 354 322 322 322 323 323 323 355 355 355 323 323 323 356 356 356 355 355 355 323 323 323 324 324 324 356 356 356 324 324 324 357 357 357 356 356 356 324 324 324 325 325 325 357 357 357 325 325 325 358 358 358 357 357 357 325 325 325 326 326 326 358 358 358 326 326 326 359 359 359 358 358 358 326 326 326 327 327 327 359 359 359 327 327 327 360 360 360 359 359 359 327 327 327 328 328 328 360 360 360 328 328 328 361 361 361 360 360 360 328 328 328 329 329 329 361 361 361 329 329 329 362 362 362 361 361 361 330 330 330 331 331 331 363 363 363 331 331 331 364 364 364 363 363 363 331 331 331 332 332 332 364 364 364 332 332 332 365 365 365 364 364 364 332 332 332 333 333 333 365 365 365 333 333 333 366 366 366 365 365 365 333 333 333 334 334 334 366 366 366 334 334 334 367 367 367 366 366 366 334 334 334 335 335 335 367 367 367 335 335 335 368 368 368 367 367 367 335 335 335 336 336 336 368 368 368 336 336 336 369 369 369 368 368 368 336 336 336 337 337 337 369 369 369 337 337 337 370 370 370 369 369 369 337 337 337 338 338 338 370 370 370 338 338 338 371 371 371 370 370 370 338 338 338 339 339 339 371 371 371 339 339 339 372 372 372 371 371 371 339 339 339 340 340 340 372 372 372 340 340 340 373 373 373 372 372 372 340 340 340 341 341 341 373 373 373 341 341 341 374 374 374 373 373 373 341 341 341 342 342 342 374 374 374 342 342 342 375 375 375 374 374 374 342 342 342 343 343 343 375 375 375 343 343 343 376 376 376 375 375 375 343 343 343 344 344 344 376 376 376 344 344 344 377 377 377 376 376 376 344 344 344 345 345 345 377 377 377 345 345 345 378 378 378 377 377 377 345 345 345 346 346 346 378 378 378 346 346 346 379 379 379 378 378 378 346 346 346 347 347 347 379 379 379 347 347 347 380 380 380 379 379 379 347 347 347 348 348 348 380 380 380 348 348 348 381 381 381 380 380 380 348 348 348 349 349 349 381 381 381 349 349 349 382 382 382 381 381 381 349 349 349 350 350 350 382 382 382 350 350 350 383 383 383 382 382 382 350 350 350 351 351 351 383 383 383 351 351 351 384 384 384 383 383 383 351 351 351 352 352 352 384 384 384 352 352 352 385 385 385 384 384 384 352 352 352 353 353 353 385 385 385 353 353 353 386 386 386 385 385 385 353 353 353 354 354 354 386 386 386 354 354 354 387 387 387 386 386 386 354 354 354 355 355 355 387 387 387 355 355 355 388 388 388 387 387 387 355 355 355 356 356 356 388 388 388 356 356 356 389 389 389 388 388 388 356 356 356 357 357 357 389 389 389 357 357 357 390 390 390 389 389 389 357 357 357 358 358 358 390 390 390 358 358 358 391 391 391 390 390 390 358 358 358 359 359 359 391 391 391 359 359 359 392 392 392 391 391 391 359 359 359 360 360 360 392 392 392 360 360 360 393 393 393 392 392 392 360 360 360 361 361 361 393 393 393 361 361 361 394 394 394 393 393 393 361 361 361 362 362 362 394 394 394 362 362 362 395 395 395 394 394 394 363 363 363 364 364 364 396 396 396 364 364 364 397 397 397 396 396 396 364 364 364 365 365 365 397 397 397 365 365 365 398 398 398 397 397 397 365 365 365 366 366 366 398 398 398 366 366 366 399 399 399 398 398 398 366 366 366 367 367 367 399 399 399 367 367 367 400 400 400 399 399 399 367 367 367 368 368 368 400 400 400 368 368 368 401 401 401 400 400 400 368 368 368 369 369 369 401 401 401 369 369 369 402 402 402 401 401 401 369 369 369 370 370 370 402 402 402 370 370 370 403 403 403 402 402 402 370 370 370 371 371 371 403 403 403 371 371 371 404 404 404 403 403 403 371 371 371 372 372 372 404 404 404 372 372 372 405 405 405 404 404 404 372 372 372 373 373 373 405 405 405 373 373 373 406 406 406 405 405 405 373 373 373 374 374 374 406 406 406 374 374 374 407 407 407 406 406 406 374 374 374 375 375 375 407 407 407 375 375 375 408 408 408 407 407 407 375 375 375 376 376 376 408 408 408 376 376 376 409 409 409 408 408 408 376 376 376 377 377 377 409 409 409 377 377 377 410 410 410 409 409 409 377 377 377 378 378 378 410 410 410 378 378 378 411 411 411 410 410 410 378 378 378 379 379 379 411 411 411 379 379 379 412 412 412 411 411 411 379 379 379 380 380 380 412 412 412 380 380 380 413 413 413 412 412 412 380 380 380 381 381 381 413 413 413 381 381 381 414 414 414 413 413 413 381 381 381 382 382 382 414 414 414 382 382 382 415 415 415 414 414 414 382 382 382 383 383 383 415 415 415 383 383 383 416 416 416 415 415 415 383 383 383 384 384 384 416 416 416 384 384 384 417 417 417 416 416 416 384 384 384 385 385 385 417 417 417 385 385 385 418 418 418 417 417 417 385 385 385 386 386 386 418 418 418 386 386 386 419 419 419 418 418 418 386 386 386 387 387 387 419 419 419 387 387 387 420 420 420 419 419 419 387 387 387 388 388 388 420 420 420 388 388 388 421 421 421 420 420 420 388 388 388 389 389 389 421 421 421 389 389 389 422 422 422 421 421 421 389 389 389 390 390 390 422 422 422 390 390 390 423 423 423 422 422 422 390 390 390 391 391 391 423 423 423 391 391 391 424 424 424 423 423 423 391 391 391 392 392 392 424 424 424 392 392 392 425 425 425 424 424 424 392 392 392 393 393 393 425 425 425 393 393 393 426 426 426 425 425 425 393 393 393 394 394 394 426 426 426 394 394 394 427 427 427 426 426 426 394 394 394 395 395 395 427 427 427 395 395 395 428 428 428 427 427 427 396 396 396 397 397 397 429 429 429 397 397 397 430 430 430 429 429 429 397 397 397 398 398 398 430 430 430 398 398 398 431 431 431 430 430 430 398 398 398 399 399 399 431 431 431 399 399 399 432 432 432 431 431 431 399 399 399 400 400 400 432 432 432 400 400 400 433 433 433 432 432 432 400 400 400 401 401 401 433 433 433 401 401 401 434 434 434 433 433 433 401 401 401 402 402 402 434 434 434 402 402 402 435 435 435 434 434 434 402 402 402 403 403 403 435 435 435 403 403 403 436 436 436 435 435 435 403 403 403 404 404 404 436 436 436 404 404 404 437 437 437 436 436 436 404 404 404 405 405 405 437 437 437 405 405 405 438 438 438 437 437 437 405 405 405 406 406 406 438 438 438 406 406 406 439 439 439 438 438 438 406 406 406 407 407 407 439 439 439 407 407 407 440 440 440 439 439 439 407 407 407 408 408 408 440 440 440 408 408 408 441 441 441 440 440 440 408 408 408 409 409 409 441 441 441 409 409 409 442 442 442 441 441 441 409 409 409 410 410 410 442 442 442 410 410 410 443 443 443 442 442 442 410 410 410 411 411 411 443 443 443 411 411 411 444 444 444 443 443 443 411 411 411 412 412 412 444 444 444 412 412 412 445 445 445 444 444 444 412 412 412 413 413 413 445 445 445 413 413 413 446 446 446 445 445 445 413 413 413 414 414 414 446 446 446 414 414 414 447 447 447 446 446 446 414 414 414 415 415 415 447 447 447 415 415 415 448 448 448 447 447 447 415 415 415 416 416 416 448 448 448 416 416 416 449 449 449 448 448 448 416 416 416 417 417 417 449 449 449 417 417 417 450 450 450 449 449 449 417 417 417 418 418 418 450 450 450 418 418 418 451 451 451 450 450 450 418 418 418 419 419 419 451 451 451 419 419 419 452 452 452 451 451 451 419 419 419 420 420 420 452 452 452 420 420 420 453 453 453 452 452 452 420 420 420 421 421 421 453 453 453 421 421 421 454 454 454 453 453 453 421 421 421 422 422 422 454 454 454 422 422 422 455 455 455 454 454 454 422 422 422 423 423 423 455 455 455 423 423 423 456 456 456 455 455 455 423 423 423 424 424 424 456 456 456 424 424 424 457 457 457 456 456 456 424 424 424 425 425 425 457 457 457 425 425 425 458 458 458 457 457 457 425 425 425 426 426 426 458 458 458 426 426 426 459 459 459 458 458 458 426 426 426 427 427 427 459 459 459 427 427 427 460 460 460 459 459 459 427 427 427 428 428 428 460 460 460 428 428 428 461 461 461 460 460 460 429 429 429 430 430 430 462 462 462 430 430 430 463 463 463 462 462 462 430 430 430 431 431 431 463 463 463 431 431 431 464 464 464 463 463 463 431 431 431 432 432 432 464 464 464 432 432 432 465 465 465 464 464 464 432 432 432 433 433 433 465 465 465 433 433 433 466 466 466 465 465 465 433 433 433 434 434 434 466 466 466 434 434 434 467 467 467 466 466 466 434 434 434 435 435 435 467 467 467 435 435 435 468 468 468 467 467 467 435 435 435 436 436 436 468 468 468 436 436 436 469 469 469 468 468 468 436 436 436 437 437 437 469 469 469 437 437 437 470 470 470 469 469 469 437 437 437 438 438 438 470 470 470 438 438 438 471 471 471 470 470 470 438 438 438 439 439 439 471 471 471 439 439 439 472 472 472 471 471 471 439 439 439 440 440 440 472 472 472 440 440 440 473 473 473 472 472 472 440 440 440 441 441 441 473 473 473 441 441 441 474 474 474 473 473 473 441 441 441 442 442 442 474 474 474 442 442 442 475 475 475 474 474 474 442 442 442 443 443 443 475 475 475 443 443 443 476 476 476 475 475 475 443 443 443 444 444 444 476 476 476 444 444 444 477 477 477 476 476 476 444 444 444 445 445 445 477 477 477 445 445 445 478 478 478 477 477 477 445 445 445 446 446 446 478 478 478 446 446 446 479 479 479 478 478 478 446 446 446 447 447 447 479 479 479 447 447 447 480 480 480 479 479 479 447 447 447 448 448 448 480 480 480 448 448 448 481 481 481 480 480 480 448 448 448 449 449 449 481 481 481 449 449 449 482 482 482 481 481 481 449 449 449 450 450 450 482 482 482 450 450 450 483 483 483 482 482 482 450 450 450 451 451 451 483 483 483 451 451 451 484 484 484 483 483 483 451 451 451 452 452 452 484 484 484 452 452 452 485 485 485 484 484 484 452 452 452 453 453 453 485 485 485 453 453 453 486 486 486 485 485 485 453 453 453 454 454 454 486 486 486 454 454 454 487 487 487 486 486 486 454 454 454 455 455 455 487 487 487 455 455 455 488 488 488 487 487 487 455 455 455 456 456 456 488 488 488 456 456 456 489 489 489 488 488 488 456 456 456 457 457 457 489 489 489 457 457 457 490 490 490 489 489 489 457 457 457 458 458 458 490 490 490 458 458 458 491 491 491 490 490 490 458 458 458 459 459 459 491 491 491 459 459 459 492 492 492 491 491 491 459 459 459 460 460 460 492 492 492 460 460 460 493 493 493 492 492 492 460 460 460 461 461 461 493 493 493 461 461 461 494 494 494 493 493 493 462 462 462 463 463 463 495 495 495 463 463 463 496 496 496 495 495 495 463 463 463 464 464 464 496 496 496 464 464 464 497 497 497 496 496 496 464 464 464 465 465 465 497 497 497 465 465 465 498 498 498 497 497 497 465 465 465 466 466 466 498 498 498 466 466 466 499 499 499 498 498 498 466 466 466 467 467 467 499 499 499 467 467 467 500 500 500 499 499 499 467 467 467 468 468 468 500 500 500 468 468 468 501 501 501 500 500 500 468 468 468 469 469 469 501 501 501 469 469 469 502 502 502 501 501 501 469 469 469 470 470 470 502 502 502 470 470 470 503 503 503 502 502 502 470 470 470 471 471 471 503 503 503 471 471 471 504 504 504 503 503 503 471 471 471 472 472 472 504 504 504 472 472 472 505 505 505 504 504 504 472 472 472 473 473 473 505 505 505 473 473 473 506 506 506 505 505 505 473 473 473 474 474 474 506 506 506 474 474 474 507 507 507 506 506 506 474 474 474 475 475 475 507 507 507 475 475 475 508 508 508 507 507 507 475 475 475 476 476 476 508 508 508 476 476 476 509 509 509 508 508 508 476 476 476 477 477 477 509 509 509 477 477 477 510 510 510 509 509 509 477 477 477 478 478 478 510 510 510 478 478 478 511 511 511 510 510 510 478 478 478 479 479 479 511 511 511 479 479 479 512 512 512 511 511 511 479 479 479 480 480 480 512 512 512 480 480 480 513 513 513 512 512 512 480 480 480 481 481 481 513 513 513 481 481 481 514 514 514 513 513 513 481 481 481 482 482 482 514 514 514 482 482 482 515 515 515 514 514 514 482 482 482 483 483 483 515 515 515 483 483 483 516 516 516 515 515 515 483 483 483 484 484 484 516 516 516 484 484 484 517 517 517 516 516 516 484 484 484 485 485 485 517 517 517 485 485 485 518 518 518 517 517 517 485 485 485 486 486 486 518 518 518 486 486 486 519 519 519 518 518 518 486 486 486 487 487 487 519 519 519 487 487 487 520 520 520 519 519 519 487 487 487 488 488 488 520 520 520 488 488 488 521 521 521 520 520 520 488 488 488 489 489 489 521 521 521 489 489 489 522 522 522 521 521 521 489 489 489 490 490 490 522 522 522 490 490 490 523 523 523 522 522 522 490 490 490 491 491 491 523 523 523 491 491 491 524 524 524 523 523 523 491 491 491 492 492 492 524 524 524 492 492 492 525 525 525 524 524 524 492 492 492 493 493 493 525 525 525 493 493 493 526 526 526 525 525 525 493 493 493 494 494 494 526 526 526 494 494 494 527 527 527 526 526 526 495 495 495 496 496 496 528 528 528 496 496 496 529 529 529 528 528 528 496 496 496 497 497 497 529 529 529 497 497 497 530 530 530 529 529 529 497 497 497 498 498 498 530 530 530 498 498 498 531 531 531 530 530 530 498 498 498 499 499 499 531 531 531 499 499 499 532 532 532 531 531 531 499 499 499 500 500 500 532 532 532 500 500 500 533 533 533 532 532 532 500 500 500 501 501 501 533 533 533 501 501 501 534 534 534 533 533 533 501 501 501 502 502 502 534 534 534 502 502 502 535 535 535 534 534 534 502 502 502 503 503 503 535 535 535 503 503 503 536 536 536 535 535 535 503 503 503 504 504 504 536 536 536 504 504 504 537 537 537 536 536 536 504 504 504 505 505 505 537 537 537 505 505 505 538 538 538 537 537 537 505 505 505 506 506 506 538 538 538 506 506 506 539 539 539 538 538 538 506 506 506 507 507 507 539 539 539 507 507 507 540 540 540 539 539 539 507 507 507 508 508 508 540 540 540 508 508 508 541 541 541 540 540 540 508 508 508 509 509 509 541 541 541 509 509 509 542 542 542 541 541 541 509 509 509 510 510 510 542 542 542 510 510 510 543 543 543 542 542 542 510 510 510 511 511 511 543 543 543 511 511 511 544 544 544 543 543 543 511 511 511 512 512 512 544 544 544 512 512 512 545 545 545 544 544 544 512 512 512 513 513 513 545 545 545 513 513 513 546 546 546 545 545 545 513 513 513 514 514 514 546 546 546 514 514 514 547 547 547 546 546 546 514 514 514 515 515 515 547 547 547 515 515 515 548 548 548 547 547 547 515 515 515 516 516 516 548 548 548 516 516 516 549 549 549 548 548 548 516 516 516 517 517 517 549 549 549 517 517 517 550 550 550 549 549 549 517 517 517 518 518 518 550 550 550 518 518 518 551 551 551 550 550 550 518 518 518 519 519 519 551 551 551 519 519 519 552 552 552 551 551 551 519 519 519 520 520 520 552 552 552 520 520 520 553 553 553 552 552 552 520 520 520 521 521 521 553 553 553 521 521 521 554 554 554 553 553 553 521 521 521 522 522 522 554 554 554 522 522 522 555 555 555 554 554 554 522 522 522 523 523 523 555 555 555 523 523 523 556 556 556 555 555 555 523 523 523 524 524 524 556 556 556 524 524 524 557 557 557 556 556 556 524 524 524 525 525 525 557 557 557 525 525 525 558 558 558 557 557 557 525 525 525 526 526 526 558 558 558 526 526 526 559 559 559 558 558 558 526 526 526 527 527 527 559 559 559 527 527 527 560 560 560 559 559 559 528 528 528 529 529 529 561 561 561 529 529 529 562 562 562 561 561 561 529 529 529 530 530 530 562 562 562 530 530 530 563 563 563 562 562 562 530 530 530 531 531 531 563 563 563 531 531 531 564 564 564 563 563 563 531 531 531 532 532 532 564 564 564 532 532 532 565 565 565 564 564 564 532 532 532 533 533 533 565 565 565 533 533 533 566 566 566 565 565 565 533 533 533 534 534 534 566 566 566 534 534 534 567 567 567 566 566 566 534 534 534 535 535 535 567 567 567 535 535 535 568 568 568 567 567 567 535 535 535 536 536 536 568 568 568 536 536 536 569 569 569 568 568 568 536 536 536 537 537 537 569 569 569 537 537 537 570 570 570 569 569 569 537 537 537 538 538 538 570 570 570 538 538 538 571 571 571 570 570 570 538 538 538 539 539 539 571 571 571 539 539 539 572 572 572 571 571 571 539 539 539 540 540 540 572 572 572 540 540 540 573 573 573 572 572 572 540 540 540 541 541 541 573 573 573 541 541 541 574 574 574 573 573 573 541 541 541 542 542 542 574 574 574 542 542 542 575 575 575 574 574 574 542 542 542 543 543 543 575 575 575 543 543 543 576 576 576 575 575 575 543 543 543 544 544 544 576 576 576 544 544 544 577 577 577 576 576 576 544 544 544 545 545 545 577 577 577 545 545 545 578 578 578 577 577 577 545 545 545 546 546 546 578 578 578 546 546 546 579 579 579 578 578 578 546 546 546 547 547 547 579 579 579 547 547 547 580 580 580 579 579 579 547 547 547 548 548 548 580 580 580 548 548 548 581 581 581 580 580 580 548 548 548 549 549 549 581 581 581 549 549 549 582 582 582 581 581 581 549 549 549 550 550 550 582 582 582 550 550 550 583 583 583 582 582 582 550 550 550 551 551 551 583 583 583 551 551 551 584 584 584 583 583 583 551 551 551 552 552 552 584 584 584 552 552 552 585 585 585 584 584 584 552 552 552 553 553 553 585 585 585 553 553 553 586 586 586 585 585 585 553 553 553 554 554 554 586 586 586 554 554 554 587 587 587 586 586 586 554 554 554 555 555 555 587 587 587 555 555 555 588 588 588 587 587 587 555 555 555 556 556 556 588 588 588 556 556 556 589 589 589 588 588 588 556 556 556 557 557 557 589 589 589 557 557 557 590 590 590 589 589 589 557 557 557 558 558 558 590 590 590 558 558 558 591 591 591 590 590 590 558 558 558 559 559 559 591 591 591 559 559 559 592 592 592 591 591 591 559 559 559 560 560 560 592 592 592 560 560 560 593 593 593 592 592 592 561 561 561 562 562 562 594 594 594 562 562 562 595 595 595 594 594 594 562 562 562 563 563 563 595 595 595 563 563 563 596 596 596 595 595 595 563 563 563 564 564 564 596 596 596 564 564 564 597 597 597 596 596 596 564 564 564 565 565 565 597 597 597 565 565 565 598 598 598 597 597 597 565 565 565 566 566 566 598 598 598 566 566 566 599 599 599 598 598 598 566 566 566 567 567 567 599 599 599 567 567 567 600 600 600 599 599 599 567 567 567 568 568 568 600 600 600 568 568 568 601 601 601 600 600 600 568 568 568 569 569 569 601 601 601 569 569 569 602 602 602 601 601 601 569 569 569 570 570 570 602 602 602 570 570 570 603 603 603 602 602 602 570 570 570 571 571 571 603 603 603 571 571 571 604 604 604 603 603 603 571 571 571 572 572 572 604 604 604 572 572 572 605 605 605 604 604 604 572 572 572 573 573 573 605 605 605 573 573 573 606 606 606 605 605 605 573 573 573 574 574 574 606 606 606 574 574 574 607 607 607 606 606 606 574 574 574 575 575 575 607 607 607 575 575 575 608 608 608 607 607 607 575 575 575 576 576 576 608 608 608 576 576 576 609 609 609 608 608 608 576 576 576 577 577 577 609 609 609 577 577 577 610 610 610 609 609 609 577 577 577 578 578 578 610 610 610 578 578 578 611 611 611 610 610 610 578 578 578 579 579 579 611 611 611 579 579 579 612 612 612 611 611 611 579 579 579 580 580 580 612 612 612 580 580 580 613 613 613 612 612 612 580 580 580 581 581 581 613 613 613 581 581 581 614 614 614 613 613 613 581 581 581 582 582 582 614 614 614 582 582 582 615 615 615 614 614 614 582 582 582 583 583 583 615 615 615 583 583 583 616 616 616 615 615 615 583 583 583 584 584 584 616 616 616 584 584 584 617 617 617 616 616 616 584 584 584 585 585 585 617 617 617 585 585 585 618 618 618 617 617 617 585 585 585 586 586 586 618 618 618 586 586 586 619 619 619 618 618 618 586 586 586 587 587 587 619 619 619 587 587 587 620 620 620 619 619 619 587 587 587 588 588 588 620 620 620 588 588 588 621 621 621 620 620 620 588 588 588 589 589 589 621 621 621 589 589 589 622 622 622 621 621 621 589 589 589 590 590 590 622 622 622 590 590 590 623 623 623 622 622 622 590 590 590 591 591 591 623 623 623 591 591 591 624 624 624 623 623 623 591 591 591 592 592 592 624 624 624 592 592 592 625 625 625 624 624 624 592 592 592 593 593 593 625 625 625 593 593 593 626 626 626 625 625 625 594 594 594 595 595 595 627 627 627 595 595 595 628 628 628 627 627 627 595 595 595 596 596 596 628 628 628 596 596 596 629 629 629 628 628 628 596 596 596 597 597 597 629 629 629 597 597 597 630 630 630 629 629 629 597 597 597 598 598 598 630 630 630 598 598 598 631 631 631 630 630 630 598 598 598 599 599 599 631 631 631 599 599 599 632 632 632 631 631 631 599 599 599 600 600 600 632 632 632 600 600 600 633 633 633 632 632 632 600 600 600 601 601 601 633 633 633 601 601 601 634 634 634 633 633 633 601 601 601 602 602 602 634 634 634 602 602 602 635 635 635 634 634 634 602 602 602 603 603 603 635 635 635 603 603 603 636 636 636 635 635 635 603 603 603 604 604 604 636 636 636 604 604 604 637 637 637 636 636 636 604 604 604 605 605 605 637 637 637 605 605 605 638 638 638 637 637 637 605 605 605 606 606 606 638 638 638 606 606 606 639 639 639 638 638 638 606 606 606 607 607 607 639 639 639 607 607 607 640 640 640 639 639 639 607 607 607 608 608 608 640 640 640 608 608 608 641 641 641 640 640 640 608 608 608 609 609 609 641 641 641 609 609 609 642 642 642 641 641 641 609 609 609 610 610 610 642 642 642 610 610 610 643 643 643 642 642 642 610 610 610 611 611 611 643 643 643 611 611 611 644 644 644 643 643 643 611 611 611 612 612 612 644 644 644 612 612 612 645 645 645 644 644 644 612 612 612 613 613 613 645 645 645 613 613 613 646 646 646 645 645 645 613 613 613 614 614 614 646 646 646 614 614 614 647 647 647 646 646 646 614 614 614 615 615 615 647 647 647 615 615 615 648 648 648 647 647 647 615 615 615 616 616 616 648 648 648 616 616 616 649 649 649 648 648 648 616 616 616 617 617 617 649 649 649 617 617 617 650 650 650 649 649 649 617 617 617 618 618 618 650 650 650 618 618 618 651 651 651 650 650 650 618 618 618 619 619 619 651 651 651 619 619 619 652 652 652 651 651 651 619 619 619 620 620 620 652 652 652 620 620 620 653 653 653 652 652 652 620 620 620 621 621 621 653 653 653 621 621 621 654 654 654 653 653 653 621 621 621 622 622 622 654 654 654 622 622 622 655 655 655 654 654 654 622 622 622 623 623 623 655 655 655 623 623 623 656 656 656 655 655 655 623 623 623 624 624 624 656 656 656 624 624 624 657 657 657 656 656 656 624 624 624 625 625 625 657 657 657 625 625 625 658 658 658 657 657 657 625 625 625 626 626 626 658 658 658 626 626 626 659 659 659 658 658 658 627 627 627 628 628 628 660 660 660 628 628 628 661 661 661 660 660 660 628 628 628 629 629 629 661 661 661 629 629 629 662 662 662 661 661 661 629 629 629 630 630 630 662 662 662 630 630 630 663 663 663 662 662 662 630 630 630 631 631 631 663 663 663 631 631 631 664 664 664 663 663 663 631 631 631 632 632 632 664 664 664 632 632 632 665 665 665 664 664 664 632 632 632 633 633 633 665 665 665 633 633 633 666 666 666 665 665 665 633 633 633 634 634 634 666 666 666 634 634 634 667 667 667 666 666 666 634 634 634 635 635 635 667 667 667 635 635 635 668 668 668 667 667 667 635 635 635 636 636 636 668 668 668 636 636 636 669 669 669 668 668 668 636 636 636 637 637 637 669 669 669 637 637 637 670 670 670 669 669 669 637 637 637 638 638 638 670 670 670 638 638 638 671 671 671 670 670 670 638 638 638 639 639 639 671 671 671 639 639 639 672 672 672 671 671 671 639 639 639 640 640 640 672 672 672 640 640 640 673 673 673 672 672 672 640 640 640 641 641 641 673 673 673 641 641 641 674 674 674 673 673 673 641 641 641 642 642 642 674 674 674 642 642 642 675 675 675 674 674 674 642 642 642 643 643 643 675 675 675 643 643 643 676 676 676 675 675 675 643 643 643 644 644 644 676 676 676 644 644 644 677 677 677 676 676 676 644 644 644 645 645 645 677 677 677 645 645 645 678 678 678 677 677 677 645 645 645 646 646 646 678 678 678 646 646 646 679 679 679 678 678 678 646 646 646 647 647 647 679 679 679 647 647 647 680 680 680 679 679 679 647 647 647 648 648 648 680 680 680 648 648 648 681 681 681 680 680 680 648 648 648 649 649 649 681 681 681 649 649 649 682 682 682 681 681 681 649 649 649 650 650 650 682 682 682 650 650 650 683 683 683 682 682 682 650 650 650 651 651 651 683 683 683 651 651 651 684 684 684 683 683 683 651 651 651 652 652 652 684 684 684 652 652 652 685 685 685 684 684 684 652 652 652 653 653 653 685 685 685 653 653 653 686 686 686 685 685 685 653 653 653 654 654 654 686 686 686 654 654 654 687 687 687 686 686 686 654 654 654 655 655 655 687 687 687 655 655 655 688 688 688 687 687 687 655 655 655 656 656 656 688 688 688 656 656 656 689 689 689 688 688 688 656 656 656 657 657 657 689 689 689 657 657 657 690 690 690 689 689 689 657 657 657 658 658 658 690 690 690 658 658 658 691 691 691 690 690 690 658 658 658 659 659 659 691 691 691 659 659 659 692 692 692 691 691 691 660 660 660 661 661 661 693 693 693 661 661 661 694 694 694 693 693 693 661 661 661 662 662 662 694 694 694 662 662 662 695 695 695 694 694 694 662 662 662 663 663 663 695 695 695 663 663 663 696 696 696 695 695 695 663 663 663 664 664 664 696 696 696 664 664 664 697 697 697 696 696 696 664 664 664 665 665 665 697 697 697 665 665 665 698 698 698 697 697 697 665 665 665 666 666 666 698 698 698 666 666 666 699 699 699 698 698 698 666 666 666 667 667 667 699 699 699 667 667 667 700 700 700 699 699 699 667 667 667 668 668 668 700 700 700 668 668 668 701 701 701 700 700 700 668 668 668 669 669 669 701 701 701 669 669 669 702 702 702 701 701 701 669 669 669 670 670 670 702 702 702 670 670 670 703 703 703 702 702 702 670 670 670 671 671 671 703 703 703 671 671 671 704 704 704 703 703 703 671 671 671 672 672 672 704 704 704 672 672 672 705 705 705 704 704 704 672 672 672 673 673 673 705 705 705 673 673 673 706 706 706 705 705 705 673 673 673 674 674 674 706 706 706 674 674 674 707 707 707 706 706 706 674 674 674 675 675 675 707 707 707 675 675 675 708 708 708 707 707 707 675 675 675 676 676 676 708 708 708 676 676 676 709 709 709 708 708 708 676 676 676 677 677 677 709 709 709 677 677 677 710 710 710 709 709 709 677 677 677 678 678 678 710 710 710 678 678 678 711 711 711 710 710 710 678 678 678 679 679 679 711 711 711 679 679 679 712 712 712 711 711 711 679 679 679 680 680 680 712 712 712 680 680 680 713 713 713 712 712 712 680 680 680 681 681 681 713 713 713 681 681 681 714 714 714 713 713 713 681 681 681 682 682 682 714 714 714 682 682 682 715 715 715 714 714 714 682 682 682 683 683 683 715 715 715 683 683 683 716 716 716 715 715 715 683 683 683 684 684 684 716 716 716 684 684 684 717 717 717 716 716 716 684 684 684 685 685 685 717 717 717 685 685 685 718 718 718 717 717 717 685 685 685 686 686 686 718 718 718 686 686 686 719 719 719 718 718 718 686 686 686 687 687 687 719 719 719 687 687 687 720 720 720 719 719 719 687 687 687 688 688 688 720 720 720 688 688 688 721 721 721 720 720 720 688 688 688 689 689 689 721 721 721 689 689 689 722 722 722 721 721 721 689 689 689 690 690 690 722 722 722 690 690 690 723 723 723 722 722 722 690 690 690 691 691 691 723 723 723 691 691 691 724 724 724 723 723 723 691 691 691 692 692 692 724 724 724 692 692 692 725 725 725 724 724 724 693 693 693 694 694 694 726 726 726 694 694 694 727 727 727 726 726 726 694 694 694 695 695 695 727 727 727 695 695 695 728 728 728 727 727 727 695 695 695 696 696 696 728 728 728 696 696 696 729 729 729 728 728 728 696 696 696 697 697 697 729 729 729 697 697 697 730 730 730 729 729 729 697 697 697 698 698 698 730 730 730 698 698 698 731 731 731 730 730 730 698 698 698 699 699 699 731 731 731 699 699 699 732 732 732 731 731 731 699 699 699 700 700 700 732 732 732 700 700 700 733 733 733 732 732 732 700 700 700 701 701 701 733 733 733 701 701 701 734 734 734 733 733 733 701 701 701 702 702 702 734 734 734 702 702 702 735 735 735 734 734 734 702 702 702 703 703 703 735 735 735 703 703 703 736 736 736 735 735 735 703 703 703 704 704 704 736 736 736 704 704 704 737 737 737 736 736 736 704 704 704 705 705 705 737 737 737 705 705 705 738 738 738 737 737 737 705 705 705 706 706 706 738 738 738 706 706 706 739 739 739 738 738 738 706 706 706 707 707 707 739 739 739 707 707 707 740 740 740 739 739 739 707 707 707 708 708 708 740 740 740 708 708 708 741 741 741 740 740 740 708 708 708 709 709 709 741 741 741 709 709 709 742 742 742 741 741 741 709 709 709 710 710 710 742 742 742 710 710 710 743 743 743 742 742 742 710 710 710 711 711 711 743 743 743 711 711 711 744 744 744 743 743 743 711 711 711 712 712 712 744 744 744 712 712 712 745 745 745 744 744 744 712 712 712 713 713 713 745 745 745 713 713 713 746 746 746 745 745 745 713 713 713 714 714 714 746 746 746 714 714 714 747 747 747 746 746 746 714 714 714 715 715 715 747 747 747 715 715 715 748 748 748 747 747 747 715 715 715 716 716 716 748 748 748 716 716 716 749 749 749 748 748 748 716 716 716 717 717 717 749 749 749 717 717 717 750 750 750 749 749 749 717 717 717 718 718 718 750 750 750 718 718 718 751 751 751 750 750 750 718 718 718 719 719 719 751 751 751 719 719 719 752 752 752 751 751 751 719 719 719 720 720 720 752 752 752 720 720 720 753 753 753 752 752 752 720 720 720 721 721 721 753 753 753 721 721 721 754 754 754 753 753 753 721 721 721 722 722 722 754 754 754 722 722 722 755 755 755 754 754 754 722 722 722 723 723 723 755 755 755 723 723 723 756 756 756 755 755 755 723 723 723 724 724 724 756 756 756 724 724 724 757 757 757 756 756 756 724 724 724 725 725 725 757 757 757 725 725 725 758 758 758 757 757 757 726 726 726 727 727 727 759 759 759 727 727 727 760 760 760 759 759 759 727 727 727 728 728 728 760 760 760 728 728 728 761 761 761 760 760 760 728 728 728 729 729 729 761 761 761 729 729 729 762 762 762 761 761 761 729 729 729 730 730 730 762 762 762 730 730 730 763 763 763 762 762 762 730 730 730 731 731 731 763 763 763 731 731 731 764 764 764 763 763 763 731 731 731 732 732 732 764 764 764 732 732 732 765 765 765 764 764 764 732 732 732 733 733 733 765 765 765 733 733 733 766 766 766 765 765 765 733 733 733 734 734 734 766 766 766 734 734 734 767 767 767 766 766 766 734 734 734 735 735 735 767 767 767 735 735 735 768 768 768 767 767 767 735 735 735 736 736 736 768 768 768 736 736 736 769 769 769 768 768 768 736 736 736 737 737 737 769 769 769 737 737 737 770 770 770 769 769 769 737 737 737 738 738 738 770 770 770 738 738 738 771 771 771 770 770 770 738 738 738 739 739 739 771 771 771 739 739 739 772 772 772 771 771 771 739 739 739 740 740 740 772 772 772 740 740 740 773 773 773 772 772 772 740 740 740 741 741 741 773 773 773 741 741 741 774 774 774 773 773 773 741 741 741 742 742 742 774 774 774 742 742 742 775 775 775 774 774 774 742 742 742 743 743 743 775 775 775 743 743 743 776 776 776 775 775 775 743 743 743 744 744 744 776 776 776 744 744 744 777 777 777 776 776 776 744 744 744 745 745 745 777 777 777 745 745 745 778 778 778 777 777 777 745 745 745 746 746 746 778 778 778 746 746 746 779 779 779 778 778 778 746 746 746 747 747 747 779 779 779 747 747 747 780 780 780 779 779 779 747 747 747 748 748 748 780 780 780 748 748 748 781 781 781 780 780 780 748 748 748 749 749 749 781 781 781 749 749 749 782 782 782 781 781 781 749 749 749 750 750 750 782 782 782 750 750 750 783 783 783 782 782 782 750 750 750 751 751 751 783 783 783 751 751 751 784 784 784 783 783 783 751 751 751 752 752 752 784 784 784 752 752 752 785 785 785 784 784 784 752 752 752 753 753 753 785 785 785 753 753 753 786 786 786 785 785 785 753 753 753 754 754 754 786 786 786 754 754 754 787 787 787 786 786 786 754 754 754 755 755 755 787 787 787 755 755 755 788 788 788 787 787 787 755 755 755 756 756 756 788 788 788 756 756 756 789 789 789 788 788 788 756 756 756 757 757 757 789 789 789 757 757 757 790 790 790 789 789 789 757 757 757 758 758 758 790 790 790 758 758 758 791 791 791 790 790 790 759 759 759 760 760 760 792 792 792 760 760 760 793 793 793 792 792 792 760 760 760 761 761 761 793 793 793 761 761 761 794 794 794 793 793 793 761 761 761 762 762 762 794 794 794 762 762 762 795 795 795 794 794 794 762 762 762 763 763 763 795 795 795 763 763 763 796 796 796 795 795 795 763 763 763 764 764 764 796 796 796 764 764 764 797 797 797 796 796 796 764 764 764 765 765 765 797 797 797 765 765 765 798 798 798 797 797 797 765 765 765 766 766 766 798 798 798 766 766 766 799 799 799 798 798 798 766 766 766 767 767 767 799 799 799 767 767 767 800 800 800 799 799 799 767 767 767 768 768 768 800 800 800 768 768 768 801 801 801 800 800 800 768 768 768 769 769 769 801 801 801 769 769 769 802 802 802 801 801 801 769 769 769 770 770 770 802 802 802 770 770 770 803 803 803 802 802 802 770 770 770 771 771 771 803 803 803 771 771 771 804 804 804 803 803 803 771 771 771 772 772 772 804 804 804 772 772 772 805 805 805 804 804 804 772 772 772 773 773 773 805 805 805 773 773 773 806 806 806 805 805 805 773 773 773 774 774 774 806 806 806 774 774 774 807 807 807 806 806 806 774 774 774 775 775 775 807 807 807 775 775 775 808 808 808 807 807 807 775 775 775 776 776 776 808 808 808 776 776 776 809 809 809 808 808 808 776 776 776 777 777 777 809 809 809 777 777 777 810 810 810 809 809 809 777 777 777 778 778 778 810 810 810 778 778 778 811 811 811 810 810 810 778 778 778 779 779 779 811 811 811 779 779 779 812 812 812 811 811 811 779 779 779 780 780 780 812 812 812 780 780 780 813 813 813 812 812 812 780 780 780 781 781 781 813 813 813 781 781 781 814 814 814 813 813 813 781 781 781 782 782 782 814 814 814 782 782 782 815 815 815 814 814 814 782 782 782 783 783 783 815 815 815 783 783 783 816 816 816 815 815 815 783 783 783 784 784 784 816 816 816 784 784 784 817 817 817 816 816 816 784 784 784 785 785 785 817 817 817 785 785 785 818 818 818 817 817 817 785 785 785 786 786 786 818 818 818 786 786 786 819 819 819 818 818 818 786 786 786 787 787 787 819 819 819 787 787 787 820 820 820 819 819 819 787 787 787 788 788 788 820 820 820 788 788 788 821 821 821 820 820 820 788 788 788 789 789 789 821 821 821 789 789 789 822 822 822 821 821 821 789 789 789 790 790 790 822 822 822 790 790 790 823 823 823 822 822 822 790 790 790 791 791 791 823 823 823 791 791 791 824 824 824 823 823 823 792 792 792 793 793 793 825 825 825 793 793 793 826 826 826 825 825 825 793 793 793 794 794 794 826 826 826 794 794 794 827 827 827 826 826 826 794 794 794 795 795 795 827 827 827 795 795 795 828 828 828 827 827 827 795 795 795 796 796 796 828 828 828 796 796 796 829 829 829 828 828 828 796 796 796 797 797 797 829 829 829 797 797 797 830 830 830 829 829 829 797 797 797 798 798 798 830 830 830 798 798 798 831 831 831 830 830 830 798 798 798 799 799 799 831 831 831 799 799 799 832 832 832 831 831 831 799 799 799 800 800 800 832 832 832 800 800 800 833 833 833 832 832 832 800 800 800 801 801 801 833 833 833 801 801 801 834 834 834 833 833 833 801 801 801 802 802 802 834 834 834 802 802 802 835 835 835 834 834 834 802 802 802 803 803 803 835 835 835 803 803 803 836 836 836 835 835 835 803 803 803 804 804 804 836 836 836 804 804 804 837 837 837 836 836 836 804 804 804 805 805 805 837 837 837 805 805 805 838 838 838 837 837 837 805 805 805 806 806 806 838 838 838 806 806 806 839 839 839 838 838 838 806 806 806 807 807 807 839 839 839 807 807 807 840 840 840 839 839 839 807 807 807 808 808 808 840 840 840 808 808 808 841 841 841 840 840 840 808 808 808 809 809 809 841 841 841 809 809 809 842 842 842 841 841 841 809 809 809 810 810 810 842 842 842 810 810 810 843 843 843 842 842 842 810 810 810 811 811 811 843 843 843 811 811 811 844 844 844 843 843 843 811 811 811 812 812 812 844 844 844 812 812 812 845 845 845 844 844 844 812 812 812 813 813 813 845 845 845 813 813 813 846 846 846 845 845 845 813 813 813 814 814 814 846 846 846 814 814 814 847 847 847 846 846 846 814 814 814 815 815 815 847 847 847 815 815 815 848 848 848 847 847 847 815 815 815 816 816 816 848 848 848 816 816 816 849 849 849 848 848 848 816 816 816 817 817 817 849 849 849 817 817 817 850 850 850 849 849 849 817 817 817 818 818 818 850 850 850 818 818 818 851 851 851 850 850 850 818 818 818 819 819 819 851 851 851 819 819 819 852 852 852 851 851 851 819 819 819 820 820 820 852 852 852 820 820 820 853 853 853 852 852 852 820 820 820 821 821 821 853 853 853 821 821 821 854 854 854 853 853 853 821 821 821 822 822 822 854 854 854 822 822 822 855 855 855 854 854 854 822 822 822 823 823 823 855 855 855 823 823 823 856 856 856 855 855 855 823 823 823 824 824 824 856 856 856 824 824 824 857 857 857 856 856 856 825 825 825 826 826 826 858 858 858 826 826 826 859 859 859 858 858 858 826 826 826 827 827 827 859 859 859 827 827 827 860 860 860 859 859 859 827 827 827 828 828 828 860 860 860 828 828 828 861 861 861 860 860 860 828 828 828 829 829 829 861 861 861 829 829 829 862 862 862 861 861 861 829 829 829 830 830 830 862 862 862 830 830 830 863 863 863 862 862 862 830 830 830 831 831 831 863 863 863 831 831 831 864 864 864 863 863 863 831 831 831 832 832 832 864 864 864 832 832 832 865 865 865 864 864 864 832 832 832 833 833 833 865 865 865 833 833 833 866 866 866 865 865 865 833 833 833 834 834 834 866 866 866 834 834 834 867 867 867 866 866 866 834 834 834 835 835 835 867 867 867 835 835 835 868 868 868 867 867 867 835 835 835 836 836 836 868 868 868 836 836 836 869 869 869 868 868 868 836 836 836 837 837 837 869 869 869 837 837 837 870 870 870 869 869 869 837 837 837 838 838 838 870 870 870 838 838 838 871 871 871 870 870 870 838 838 838 839 839 839 871 871 871 839 839 839 872 872 872 871 871 871 839 839 839 840 840 840 872 872 872 840 840 840 873 873 873 872 872 872 840 840 840 841 841 841 873 873 873 841 841 841 874 874 874 873 873 873 841 841 841 842 842 842 874 874 874 842 842 842 875 875 875 874 874 874 842 842 842 843 843 843 875 875 875 843 843 843 876 876 876 875 875 875 843 843 843 844 844 844 876 876 876 844 844 844 877 877 877 876 876 876 844 844 844 845 845 845 877 877 877 845 845 845 878 878 878 877 877 877 845 845 845 846 846 846 878 878 878 846 846 846 879 879 879 878 878 878 846 846 846 847 847 847 879 879 879 847 847 847 880 880 880 879 879 879 847 847 847 848 848 848 880 880 880 848 848 848 881 881 881 880 880 880 848 848 848 849 849 849 881 881 881 849 849 849 882 882 882 881 881 881 849 849 849 850 850 850 882 882 882 850 850 850 883 883 883 882 882 882 850 850 850 851 851 851 883 883 883 851 851 851 884 884 884 883 883 883 851 851 851 852 852 852 884 884 884 852 852 852 885 885 885 884 884 884 852 852 852 853 853 853 885 885 885 853 853 853 886 886 886 885 885 885 853 853 853 854 854 854 886 886 886 854 854 854 887 887 887 886 886 886 854 854 854 855 855 855 887 887 887 855 855 855 888 888 888 887 887 887 855 855 855 856 856 856 888 888 888 856 856 856 889 889 889 888 888 888 856 856 856 857 857 857 889 889 889 857 857 857 890 890 890 889 889 889 858 858 858 859 859 859 891 891 891 859 859 859 892 892 892 891 891 891 859 859 859 860 860 860 892 892 892 860 860 860 893 893 893 892 892 892 860 860 860 861 861 861 893 893 893 861 861 861 894 894 894 893 893 893 861 861 861 862 862 862 894 894 894 862 862 862 895 895 895 894 894 894 862 862 862 863 863 863 895 895 895 863 863 863 896 896 896 895 895 895 863 863 863 864 864 864 896 896 896 864 864 864 897 897 897 896 896 896 864 864 864 865 865 865 897 897 897 865 865 865 898 898 898 897 897 897 865 865 865 866 866 866 898 898 898 866 866 866 899 899 899 898 898 898 866 866 866 867 867 867 899 899 899 867 867 867 900 900 900 899 899 899 867 867 867 868 868 868 900 900 900 868 868 868 901 901 901 900 900 900 868 868 868 869 869 869 901 901 901 869 869 869 902 902 902 901 901 901 869 869 869 870 870 870 902 902 902 870 870 870 903 903 903 902 902 902 870 870 870 871 871 871 903 903 903 871 871 871 904 904 904 903 903 903 871 871 871 872 872 872 904 904 904 872 872 872 905 905 905 904 904 904 872 872 872 873 873 873 905 905 905 873 873 873 906 906 906 905 905 905 873 873 873 874 874 874 906 906 906 874 874 874 907 907 907 906 906 906 874 874 874 875 875 875 907 907 907 875 875 875 908 908 908 907 907 907 875 875 875 876 876 876 908 908 908 876 876 876 909 909 909 908 908 908 876 876 876 877 877 877 909 909 909 877 877 877 910 910 910 909 909 909 877 877 877 878 878 878 910 910 910 878 878 878 911 911 911 910 910 910 878 878 878 879 879 879 911 911 911 879 879 879 912 912 912 911 911 911 879 879 879 880 880 880 912 912 912 880 880 880 913 913 913 912 912 912 880 880 880 881 881 881 913 913 913 881 881 881 914 914 914 913 913 913 881 881 881 882 882 882 914 914 914 882 882 882 915 915 915 914 914 914 882 882 882 883 883 883 915 915 915 883 883 883 916 916 916 915 915 915 883 883 883 884 884 884 916 916 916 884 884 884 917 917 917 916 916 916 884 884 884 885 885 885 917 917 917 885 885 885 918 918 918 917 917 917 885 885 885 886 886 886 918 918 918 886 886 886 919 919 919 918 918 918 886 886 886 887 887 887 919 919 919 887 887 887 920 920 920 919 919 919 887 887 887 888 888 888 920 920 920 888 888 888 921 921 921 920 920 920 888 888 888 889 889 889 921 921 921 889 889 889 922 922 922 921 921 921 889 889 889 890 890 890 922 922 922 890 890 890 923 923 923 922 922 922 891 891 891 892 892 892 924 924 924 892 892 892 925 925 925 924 924 924 892 892 892 893 893 893 925 925 925 893 893 893 926 926 926 925 925 925 893 893 893 894 894 894 926 926 926 894 894 894 927 927 927 926 926 926 894 894 894 895 895 895 927 927 927 895 895 895 928 928 928 927 927 927 895 895 895 896 896 896 928 928 928 896 896 896 929 929 929 928 928 928 896 896 896 897 897 897 929 929 929 897 897 897 930 930 930 929 929 929 897 897 897 898 898 898 930 930 930 898 898 898 931 931 931 930 930 930 898 898 898 899 899 899 931 931 931 899 899 899 932 932 932 931 931 931 899 899 899 900 900 900 932 932 932 900 900 900 933 933 933 932 932 932 900 900 900 901 901 901 933 933 933 901 901 901 934 934 934 933 933 933 901 901 901 902 902 902 934 934 934 902 902 902 935 935 935 934 934 934 902 902 902 903 903 903 935 935 935 903 903 903 936 936 936 935 935 935 903 903 903 904 904 904 936 936 936 904 904 904 937 937 937 936 936 936 904 904 904 905 905 905 937 937 937 905 905 905 938 938 938 937 937 937 905 905 905 906 906 906 938 938 938 906 906 906 939 939 939 938 938 938 906 906 906 907 907 907 939 939 939 907 907 907 940 940 940 939 939 939 907 907 907 908 908 908 940 940 940 908 908 908 941 941 941 940 940 940 908 908 908 909 909 909 941 941 941 909 909 909 942 942 942 941 941 941 909 909 909 910 910 910 942 942 942 910 910 910 943 943 943 942 942 942 910 910 910 911 911 911 943 943 943 911 911 911 944 944 944 943 943 943 911 911 911 912 912 912 944 944 944 912 912 912 945 945 945 944 944 944 912 912 912 913 913 913 945 945 945 913 913 913 946 946 946 945 945 945 913 913 913 914 914 914 946 946 946 914 914 914 947 947 947 946 946 946 914 914 914 915 915 915 947 947 947 915 915 915 948 948 948 947 947 947 915 915 915 916 916 916 948 948 948 916 916 916 949 949 949 948 948 948 916 916 916 917 917 917 949 949 949 917 917 917 950 950 950 949 949 949 917 917 917 918 918 918 950 950 950 918 918 918 951 951 951 950 950 950 918 918 918 919 919 919 951 951 951 919 919 919 952 952 952 951 951 951 919 919 919 920 920 920 952 952 952 920 920 920 953 953 953 952 952 952 920 920 920 921 921 921 953 953 953 921 921 921 954 954 954 953 953 953 921 921 921 922 922 922 954 954 954 922 922 922 955 955 955 954 954 954 922 922 922 923 923 923 955 955 955 923 923 923 956 956 956 955 955 955 924 924 924 925 925 925 957 957 957 925 925 925 958 958 958 957 957 957 925 925 925 926 926 926 958 958 958 926 926 926 959 959 959 958 958 958 926 926 926 927 927 927 959 959 959 927 927 927 960 960 960 959 959 959 927 927 927 928 928 928 960 960 960 928 928 928 961 961 961 960 960 960 928 928 928 929 929 929 961 961 961 929 929 929 962 962 962 961 961 961 929 929 929 930 930 930 962 962 962 930 930 930 963 963 963 962 962 962 930 930 930 931 931 931 963 963 963 931 931 931 964 964 964 963 963 963 931 931 931 932 932 932 964 964 964 932 932 932 965 965 965 964 964 964 932 932 932 933 933 933 965 965 965 933 933 933 966 966 966 965 965 965 933 933 933 934 934 934 966 966 966 934 934 934 967 967 967 966 966 966 934 934 934 935 935 935 967 967 967 935 935 935 968 968 968 967 967 967 935 935 935 936 936 936 968 968 968 936 936 936 969 969 969 968 968 968 936 936 936 937 937 937 969 969 969 937 937 937 970 970 970 969 969 969 937 937 937 938 938 938 970 970 970 938 938 938 971 971 971 970 970 970 938 938 938 939 939 939 971 971 971 939 939 939 972 972 972 971 971 971 939 939 939 940 940 940 972 972 972 940 940 940 973 973 973 972 972 972 940 940 940 941 941 941 973 973 973 941 941 941 974 974 974 973 973 973 941 941 941 942 942 942 974 974 974 942 942 942 975 975 975 974 974 974 942 942 942 943 943 943 975 975 975 943 943 943 976 976 976 975 975 975 943 943 943 944 944 944 976 976 976 944 944 944 977 977 977 976 976 976 944 944 944 945 945 945 977 977 977 945 945 945 978 978 978 977 977 977 945 945 945 946 946 946 978 978 978 946 946 946 979 979 979 978 978 978 946 946 946 947 947 947 979 979 979 947 947 947 980 980 980 979 979 979 947 947 947 948 948 948 980 980 980 948 948 948 981 981 981 980 980 980 948 948 948 949 949 949 981 981 981 949 949 949 982 982 982 981 981 981 949 949 949 950 950 950 982 982 982 950 950 950 983 983 983 982 982 982 950 950 950 951 951 951 983 983 983 951 951 951 984 984 984 983 983 983 951 951 951 952 952 952 984 984 984 952 952 952 985 985 985 984 984 984 952 952 952 953 953 953 985 985 985 953 953 953 986 986 986 985 985 985 953 953 953 954 954 954 986 986 986 954 954 954 987 987 987 986 986 986 954 954 954 955 955 955 987 987 987 955 955 955 988 988 988 987 987 987 955 955 955 956 956 956 988 988 988 956 956 956 989 989 989 988 988 988 957 957 957 958 958 958 990 990 990 958 958 958 991 991 991 990 990 990 958 958 958 959 959 959 991 991 991 959 959 959 992 992 992 991 991 991 959 959 959 960 960 960 992 992 992 960 960 960 993 993 993 992 992 992 960 960 960 961 961 961 993 993 993 961 961 961 994 994 994 993 993 993 961 961 961 962 962 962 994 994 994 962 962 962 995 995 995 994 994 994 962 962 962 963 963 963 995 995 995 963 963 963 996 996 996 995 995 995 963 963 963 964 964 964 996 996 996 964 964 964 997 997 997 996 996 996 964 964 964 965 965 965 997 997 997 965 965 965 998 998 998 997 997 997 965 965 965 966 966 966 998 998 998 966 966 966 999 999 999 998 998 998 966 966 966 967 967 967 999 999 999 967 967 967 1000 1000 1000 999 999 999 967 967 967 968 968 968 1000 1000 1000 968 968 968 1001 1001 1001 1000 1000 1000 968 968 968 969 969 969 1001 1001 1001 969 969 969 1002 1002 1002 1001 1001 1001 969 969 969 970 970 970 1002 1002 1002 970 970 970 1003 1003 1003 1002 1002 1002 970 970 970 971 971 971 1003 1003 1003 971 971 971 1004 1004 1004 1003 1003 1003 971 971 971 972 972 972 1004 1004 1004 972 972 972 1005 1005 1005 1004 1004 1004 972 972 972 973 973 973 1005 1005 1005 973 973 973 1006 1006 1006 1005 1005 1005 973 973 973 974 974 974 1006 1006 1006 974 974 974 1007 1007 1007 1006 1006 1006 974 974 974 975 975 975 1007 1007 1007 975 975 975 1008 1008 1008 1007 1007 1007 975 975 975 976 976 976 1008 1008 1008 976 976 976 1009 1009 1009 1008 1008 1008 976 976 976 977 977 977 1009 1009 1009 977 977 977 1010 1010 1010 1009 1009 1009 977 977 977 978 978 978 1010 1010 1010 978 978 978 1011 1011 1011 1010 1010 1010 978 978 978 979 979 979 1011 1011 1011 979 979 979 1012 1012 1012 1011 1011 1011 979 979 979 980 980 980 1012 1012 1012 980 980 980 1013 1013 1013 1012 1012 1012 980 980 980 981 981 981 1013 1013 1013 981 981 981 1014 1014 1014 1013 1013 1013 981 981 981 982 982 982 1014 1014 1014 982 982 982 1015 1015 1015 1014 1014 1014 982 982 982 983 983 983 1015 1015 1015 983 983 983 1016 1016 1016 1015 1015 1015 983 983 983 984 984 984 1016 1016 1016 984 984 984 1017 1017 1017 1016 1016 1016 984 984 984 985 985 985 1017 1017 1017 985 985 985 1018 1018 1018 1017 1017 1017 985 985 985 986 986 986 1018 1018 1018 986 986 986 1019 1019 1019 1018 1018 1018 986 986 986 987 987 987 1019 1019 1019 987 987 987 1020 1020 1020 1019 1019 1019 987 987 987 988 988 988 1020 1020 1020 988 988 988 1021 1021 1021 1020 1020 1020 988 988 988 989 989 989 1021 1021 1021 989 989 989 1022 1022 1022 1021 1021 1021 990 990 990 991 991 991 1023 1023 1023 991 991 991 1024 1024 1024 1023 1023 1023 991 991 991 992 992 992 1024 1024 1024 992 992 992 1025 1025 1025 1024 1024 1024 992 992 992 993 993 993 1025 1025 1025 993 993 993 1026 1026 1026 1025 1025 1025 993 993 993 994 994 994 1026 1026 1026 994 994 994 1027 1027 1027 1026 1026 1026 994 994 994 995 995 995 1027 1027 1027 995 995 995 1028 1028 1028 1027 1027 1027 995 995 995 996 996 996 1028 1028 1028 996 996 996 1029 1029 1029 1028 1028 1028 996 996 996 997 997 997 1029 1029 1029 997 997 997 1030 1030 1030 1029 1029 1029 997 997 997 998 998 998 1030 1030 1030 998 998 998 1031 1031 1031 1030 1030 1030 998 998 998 999 999 999 1031 1031 1031 999 999 999 1032 1032 1032 1031 1031 1031 999 999 999 1000 1000 1000 1032 1032 1032 1000 1000 1000 1033 1033 1033 1032 1032 1032 1000 1000 1000 1001 1001 1001 1033 1033 1033 1001 1001 1001 1034 1034 1034 1033 1033 1033 1001 1001 1001 1002 1002 1002 1034 1034 1034 1002 1002 1002 1035 1035 1035 1034 1034 1034 1002 1002 1002 1003 1003 1003 1035 1035 1035 1003 1003 1003 1036 1036 1036 1035 1035 1035 1003 1003 1003 1004 1004 1004 1036 1036 1036 1004 1004 1004 1037 1037 1037 1036 1036 1036 1004 1004 1004 1005 1005 1005 1037 1037 1037 1005 1005 1005 1038 1038 1038 1037 1037 1037 1005 1005 1005 1006 1006 1006 1038 1038 1038 1006 1006 1006 1039 1039 1039 1038 1038 1038 1006 1006 1006 1007 1007 1007 1039 1039 1039 1007 1007 1007 1040 1040 1040 1039 1039 1039 1007 1007 1007 1008 1008 1008 1040 1040 1040 1008 1008 1008 1041 1041 1041 1040 1040 1040 1008 1008 1008 1009 1009 1009 1041 1041 1041 1009 1009 1009 1042 1042 1042 1041 1041 1041 1009 1009 1009 1010 1010 1010 1042 1042 1042 1010 1010 1010 1043 1043 1043 1042 1042 1042 1010 1010 1010 1011 1011 1011 1043 1043 1043 1011 1011 1011 1044 1044 1044 1043 1043 1043 1011 1011 1011 1012 1012 1012 1044 1044 1044 1012 1012 1012 1045 1045 1045 1044 1044 1044 1012 1012 1012 1013 1013 1013 1045 1045 1045 1013 1013 1013 1046 1046 1046 1045 1045 1045 1013 1013 1013 1014 1014 1014 1046 1046 1046 1014 1014 1014 1047 1047 1047 1046 1046 1046 1014 1014 1014 1015 1015 1015 1047 1047 1047 1015 1015 1015 1048 1048 1048 1047 1047 1047 1015 1015 1015 1016 1016 1016 1048 1048 1048 1016 1016 1016 1049 1049 1049 1048 1048 1048 1016 1016 1016 1017 1017 1017 1049 1049 1049 1017 1017 1017 1050 1050 1050 1049 1049 1049 1017 1017 1017 1018 1018 1018 1050 1050 1050 1018 1018 1018 1051 1051 1051 1050 1050 1050 1018 1018 1018 1019 1019 1019 1051 1051 1051 1019 1019 1019 1052 1052 1052 1051 1051 1051 1019 1019 1019 1020 1020 1020 1052 1052 1052 1020 1020 1020 1053 1053 1053 1052 1052 1052 1020 1020 1020 1021 1021 1021 1053 1053 1053 1021 1021 1021 1054 1054 1054 1053 1053 1053 1021 1021 1021 1022 1022 1022 1054 1054 1054 1022 1022 1022 1055 1055 1055 1054 1054 1054 1023 1023 1023 1024 1024 1024 1056 1056 1056 1024 1024 1024 1057 1057 1057 1056 1056 1056 1024 1024 1024 1025 1025 1025 1057 1057 1057 1025 1025 1025 1058 1058 1058 1057 1057 1057 1025 1025 1025 1026 1026 1026 1058 1058 1058 1026 1026 1026 1059 1059 1059 1058 1058 1058 1026 1026 1026 1027 1027 1027 1059 1059 1059 1027 1027 1027 1060 1060 1060 1059 1059 1059 1027 1027 1027 1028 1028 1028 1060 1060 1060 1028 1028 1028 1061 1061 1061 1060 1060 1060 1028 1028 1028 1029 1029 1029 1061 1061 1061 1029 1029 1029 1062 1062 1062 1061 1061 1061 1029 1029 1029 1030 1030 1030 1062 1062 1062 1030 1030 1030 1063 1063 1063 1062 1062 1062 1030 1030 1030 1031 1031 1031 1063 1063 1063 1031 1031 1031 1064 1064 1064 1063 1063 1063 1031 1031 1031 1032 1032 1032 1064 1064 1064 1032 1032 1032 1065 1065 1065 1064 1064 1064 1032 1032 1032 1033 1033 1033 1065 1065 1065 1033 1033 1033 1066 1066 1066 1065 1065 1065 1033 1033 1033 1034 1034 1034 1066 1066 1066 1034 1034 1034 1067 1067 1067 1066 1066 1066 1034 1034 1034 1035 1035 1035 1067 1067 1067 1035 1035 1035 1068 1068 1068 1067 1067 1067 1035 1035 1035 1036 1036 1036 1068 1068 1068 1036 1036 1036 1069 1069 1069 1068 1068 1068 1036 1036 1036 1037 1037 1037 1069 1069 1069 1037 1037 1037 1070 1070 1070 1069 1069 1069 1037 1037 1037 1038 1038 1038 1070 1070 1070 1038 1038 1038 1071 1071 1071 1070 1070 1070 1038 1038 1038 1039 1039 1039 1071 1071 1071 1039 1039 1039 1072 1072 1072 1071 1071 1071 1039 1039 1039 1040 1040 1040 1072 1072 1072 1040 1040 1040 1073 1073 1073 1072 1072 1072 1040 1040 1040 1041 1041 1041 1073 1073 1073 1041 1041 1041 1074 1074 1074 1073 1073 1073 1041 1041 1041 1042 1042 1042 1074 1074 1074 1042 1042 1042 1075 1075 1075 1074 1074 1074 1042 1042 1042 1043 1043 1043 1075 1075 1075 1043 1043 1043 1076 1076 1076 1075 1075 1075 1043 1043 1043 1044 1044 1044 1076 1076 1076 1044 1044 1044 1077 1077 1077 1076 1076 1076 1044 1044 1044 1045 1045 1045 1077 1077 1077 1045 1045 1045 1078 1078 1078 1077 1077 1077 1045 1045 1045 1046 1046 1046 1078 1078 1078 1046 1046 1046 1079 1079 1079 1078 1078 1078 1046 1046 1046 1047 1047 1047 1079 1079 1079 1047 1047 1047 1080 1080 1080 1079 1079 1079 1047 1047 1047 1048 1048 1048 1080 1080 1080 1048 1048 1048 1081 1081 1081 1080 1080 1080 1048 1048 1048 1049 1049 1049 1081 1081 1081 1049 1049 1049 1082 1082 1082 1081 1081 1081 1049 1049 1049 1050 1050 1050 1082 1082 1082 1050 1050 1050 1083 1083 1083 1082 1082 1082 1050 1050 1050 1051 1051 1051 1083 1083 1083 1051 1051 1051 1084 1084 1084 1083 1083 1083 1051 1051 1051 1052 1052 1052 1084 1084 1084 1052 1052 1052 1085 1085 1085 1084 1084 1084 1052 1052 1052 1053 1053 1053 1085 1085 1085 1053 1053 1053 1086 1086 1086 1085 1085 1085 1053 1053 1053 1054 1054 1054 1086 1086 1086 1054 1054 1054 1087 1087 1087 1086 1086 1086 1054 1054 1054 1055 1055 1055 1087 1087 1087 1055 1055 1055 1088 1088 1088 1087 1087 1087</p>
        </triangles>
      </mesh>
    </geometry>
  </library_geometries>
  <library_visual_scenes>
    <visual_scene id="Scene" name="Scene">
      <node id="Mesh" name="Mesh" type="NODE">
        <instance_geometry url="#mesh0"/>
      </node>
    </visual_scene>
  </library_visual_scenes>
  <scene><instance_visual_scene url="#Scene"/></scene>
</COLLADA>